[2026-04-29 06:24:50] laravel.EMERGENCY: Unable to create configured logger. Using emergency logger. {"exception":"[object] (InvalidArgumentException(code: 0): Log [] is not defined. at C:/Users/Dell/Music/Smart_Data_Import_Engine/vendor/laravel/framework/src/Illuminate/Log/LogManager.php:212)
[stacktrace]
#0 C:/Users/Dell/Music/Smart_Data_Import_Engine/vendor/laravel/framework/src/Illuminate/Log/LogManager.php(137): Illuminate/Log/LogManager->resolve(NULL, NULL)
#1 C:/Users/Dell/Music/Smart_Data_Import_Engine/vendor/laravel/framework/src/Illuminate/Log/LogManager.php(124): Illuminate/Log/LogManager->get(NULL)
#2 C:/Users/Dell/Music/Smart_Data_Import_Engine/vendor/laravel/framework/src/Illuminate/Log/LogManager.php(681): Illuminate/Log/LogManager->driver()
#3 C:/Users/Dell/Music/Smart_Data_Import_Engine/vendor/laravel/framework/src/Illuminate/Foundation/Exceptions/Handler.php(317): Illuminate/Log/LogManager->error('The C://Users//De...', Array)
#4 C:/Users/Dell/Music/Smart_Data_Import_Engine/vendor/laravel/framework/src/Illuminate/Foundation/Exceptions/Handler.php(278): Illuminate/Foundation/Exceptions/Handler->reportThrowable(Object(Exception))
#5 C:/Users/Dell/Music/Smart_Data_Import_Engine/vendor/laravel/framework/src/Illuminate/Foundation/Console/Kernel.php(523): Illuminate/Foundation/Exceptions/Handler->report(Object(Exception))
#6 C:/Users/Dell/Music/Smart_Data_Import_Engine/vendor/laravel/framework/src/Illuminate/Foundation/Console/Kernel.php(203): Illuminate/Foundation/Console/Kernel->reportException(Object(Exception))
#7 C:/Users/Dell/Music/Smart_Data_Import_Engine/artisan(12): Illuminate/Foundation/Console/Kernel->handle(Object(Symfony/Component/Console/Input/ArgvInput), Object(Symfony/Component/Console/Output/ConsoleOutput))
#8 {main}
"} 
[2026-04-29 06:24:50] laravel.ERROR: The C:\Users\Dell\Music\Smart_Data_Import_Engine\bootstrap\cache directory must be present and writable. {"exception":"[object] (Exception(code: 0): The C:\\Users\\Dell\\Music\\Smart_Data_Import_Engine\\bootstrap\\cache directory must be present and writable. at C:/Users/Dell/Music/Smart_Data_Import_Engine/vendor/laravel/framework/src/Illuminate/Foundation/PackageManifest.php:178)
[stacktrace]
#0 C:/Users/Dell/Music/Smart_Data_Import_Engine/vendor/laravel/framework/src/Illuminate/Foundation/PackageManifest.php(131): Illuminate/Foundation/PackageManifest->write(Array)
#1 C:/Users/Dell/Music/Smart_Data_Import_Engine/vendor/laravel/framework/src/Illuminate/Foundation/PackageManifest.php(107): Illuminate/Foundation/PackageManifest->build()
#2 C:/Users/Dell/Music/Smart_Data_Import_Engine/vendor/laravel/framework/src/Illuminate/Foundation/PackageManifest.php(90): Illuminate/Foundation/PackageManifest->getManifest()
#3 C:/Users/Dell/Music/Smart_Data_Import_Engine/vendor/laravel/framework/src/Illuminate/Foundation/PackageManifest.php(79): Illuminate/Foundation/PackageManifest->config('aliases')
#4 C:/Users/Dell/Music/Smart_Data_Import_Engine/vendor/laravel/framework/src/Illuminate/Foundation/Bootstrap/RegisterFacades.php(26): Illuminate/Foundation/PackageManifest->aliases()
#5 C:/Users/Dell/Music/Smart_Data_Import_Engine/vendor/laravel/framework/src/Illuminate/Foundation/Application.php(286): Illuminate/Foundation/Bootstrap/RegisterFacades->bootstrap(Object(Illuminate/Foundation/Application))
#6 C:/Users/Dell/Music/Smart_Data_Import_Engine/vendor/laravel/framework/src/Illuminate/Foundation/Console/Kernel.php(447): Illuminate/Foundation/Application->bootstrapWith(Array)
#7 C:/Users/Dell/Music/Smart_Data_Import_Engine/vendor/laravel/framework/src/Illuminate/Foundation/Console/Kernel.php(199): Illuminate/Foundation/Console/Kernel->bootstrap()
#8 C:/Users/Dell/Music/Smart_Data_Import_Engine/artisan(12): Illuminate/Foundation/Console/Kernel->handle(Object(Symfony/Component/Console/Input/ArgvInput), Object(Symfony/Component/Console/Output/ConsoleOutput))
#9 {main}
"} 
[2026-04-29 06:34:08] laravel.EMERGENCY: Unable to create configured logger. Using emergency logger. {"exception":"[object] (InvalidArgumentException(code: 0): Log [] is not defined. at C:/Users/Dell/Music/Smart_Data_Import_Engine/vendor/laravel/framework/src/Illuminate/Log/LogManager.php:212)
[stacktrace]
#0 C:/Users/Dell/Music/Smart_Data_Import_Engine/vendor/laravel/framework/src/Illuminate/Log/LogManager.php(137): Illuminate/Log/LogManager->resolve(NULL, NULL)
#1 C:/Users/Dell/Music/Smart_Data_Import_Engine/vendor/laravel/framework/src/Illuminate/Log/LogManager.php(124): Illuminate/Log/LogManager->get(NULL)
#2 C:/Users/Dell/Music/Smart_Data_Import_Engine/vendor/laravel/framework/src/Illuminate/Log/LogManager.php(681): Illuminate/Log/LogManager->driver()
#3 C:/Users/Dell/Music/Smart_Data_Import_Engine/vendor/laravel/framework/src/Illuminate/Foundation/Exceptions/Handler.php(317): Illuminate/Log/LogManager->error('Trying to acces...', Array)
#4 C:/Users/Dell/Music/Smart_Data_Import_Engine/vendor/laravel/framework/src/Illuminate/Foundation/Exceptions/Handler.php(278): Illuminate/Foundation/Exceptions/Handler->reportThrowable(Object(ErrorException))
#5 C:/Users/Dell/Music/Smart_Data_Import_Engine/vendor/laravel/framework/src/Illuminate/Routing/Pipeline.php(49): Illuminate/Foundation/Exceptions/Handler->report(Object(ErrorException))
#6 C:/Users/Dell/Music/Smart_Data_Import_Engine/vendor/laravel/framework/src/Illuminate/Pipeline/Pipeline.php(188): Illuminate/Routing/Pipeline->handleException(Object(Illuminate/Http/Request), Object(ErrorException))
#7 C:/Users/Dell/Music/Smart_Data_Import_Engine/vendor/laravel/framework/src/Illuminate/Cookie/Middleware/EncryptCookies.php(67): Illuminate/Pipeline/Pipeline->Illuminate/Pipeline/{closure}(Object(Illuminate/Http/Request))
#8 C:/Users/Dell/Music/Smart_Data_Import_Engine/vendor/laravel/framework/src/Illuminate/Pipeline/Pipeline.php(183): Illuminate/Cookie/Middleware/EncryptCookies->handle(Object(Illuminate/Http/Request), Object(Closure))
#9 C:/Users/Dell/Music/Smart_Data_Import_Engine/vendor/laravel/framework/src/Illuminate/Pipeline/Pipeline.php(119): Illuminate/Pipeline/Pipeline->Illuminate/Pipeline/{closure}(Object(Illuminate/Http/Request))
#10 C:/Users/Dell/Music/Smart_Data_Import_Engine/vendor/laravel/framework/src/Illuminate/Routing/Router.php(805): Illuminate/Pipeline/Pipeline->then(Object(Closure))
#11 C:/Users/Dell/Music/Smart_Data_Import_Engine/vendor/laravel/framework/src/Illuminate/Routing/Router.php(784): Illuminate/Routing/Router->runRouteWithinStack(Object(Illuminate/Routing/Route), Object(Illuminate/Http/Request))
#12 C:/Users/Dell/Music/Smart_Data_Import_Engine/vendor/laravel/framework/src/Illuminate/Routing/Router.php(748): Illuminate/Routing/Router->runRoute(Object(Illuminate/Http/Request), Object(Illuminate/Routing/Route))
#13 C:/Users/Dell/Music/Smart_Data_Import_Engine/vendor/laravel/framework/src/Illuminate/Routing/Router.php(737): Illuminate/Routing/Router->dispatchToRoute(Object(Illuminate/Http/Request))
#14 C:/Users/Dell/Music/Smart_Data_Import_Engine/vendor/laravel/framework/src/Illuminate/Foundation/Http/Kernel.php(200): Illuminate/Routing/Router->dispatch(Object(Illuminate/Http/Request))
#15 C:/Users/Dell/Music/Smart_Data_Import_Engine/vendor/laravel/framework/src/Illuminate/Pipeline/Pipeline.php(144): Illuminate/Foundation/Http/Kernel->Illuminate/Foundation/Http/{closure}(Object(Illuminate/Http/Request))
#16 C:/Users/Dell/Music/Smart_Data_Import_Engine/vendor/laravel/framework/src/Illuminate/Foundation/Http/Middleware/TransformsRequest.php(21): Illuminate/Pipeline/Pipeline->Illuminate/Pipeline/{closure}(Object(Illuminate/Http/Request))
#17 C:/Users/Dell/Music/Smart_Data_Import_Engine/vendor/laravel/framework/src/Illuminate/Foundation/Http/Middleware/ConvertEmptyStringsToNull.php(31): Illuminate/Foundation/Http/Middleware/TransformsRequest->handle(Object(Illuminate/Http/Request), Object(Closure))
#18 C:/Users/Dell/Music/Smart_Data_Import_Engine/vendor/laravel/framework/src/Illuminate/Pipeline/Pipeline.php(183): Illuminate/Foundation/Http/Middleware/ConvertEmptyStringsToNull->handle(Object(Illuminate/Http/Request), Object(Closure))
#19 C:/Users/Dell/Music/Smart_Data_Import_Engine/vendor/laravel/framework/src/Illuminate/Foundation/Http/Middleware/ValidatePostSize.php(27): Illuminate/Pipeline/Pipeline->Illuminate/Pipeline/{closure}(Object(Illuminate/Http/Request))
#20 C:/Users/Dell/Music/Smart_Data_Import_Engine/vendor/laravel/framework/src/Illuminate/Pipeline/Pipeline.php(183): Illuminate/Foundation/Http/Middleware/ValidatePostSize->handle(Object(Illuminate/Http/Request), Object(Closure))
#21 C:/Users/Dell/Music/Smart_Data_Import_Engine/vendor/laravel/framework/src/Illuminate/Http/Middleware/HandleCors.php(49): Illuminate/Pipeline/Pipeline->Illuminate/Pipeline/{closure}(Object(Illuminate/Http/Request))
#22 C:/Users/Dell/Music/Smart_Data_Import_Engine/vendor/laravel/framework/src/Illuminate/Pipeline/Pipeline.php(183): Illuminate/Http/Middleware/HandleCors->handle(Object(Illuminate/Http/Request), Object(Closure))
#23 C:/Users/Dell/Music/Smart_Data_Import_Engine/vendor/laravel/framework/src/Illuminate/Pipeline/Pipeline.php(119): Illuminate/Pipeline/Pipeline->Illuminate/Pipeline/{closure}(Object(Illuminate/Http/Request))
#24 C:/Users/Dell/Music/Smart_Data_Import_Engine/vendor/laravel/framework/src/Illuminate/Foundation/Http/Kernel.php(175): Illuminate/Pipeline/Pipeline->then(Object(Closure))
#25 C:/Users/Dell/Music/Smart_Data_Import_Engine/vendor/laravel/framework/src/Illuminate/Foundation/Http/Kernel.php(144): Illuminate/Foundation/Http/Kernel->sendRequestThroughRouter(Object(Illuminate/Http/Request))
#26 C:/Users/Dell/Music/Smart_Data_Import_Engine/public/index.php(18): Illuminate/Foundation/Http/Kernel->handle(Object(Illuminate/Http/Request))
#27 C:/Users/Dell/Music/Smart_Data_Import_Engine/vendor/laravel/framework/src/Illuminate/Foundation/resources/server.php(16): require_once('C://Users//Dell//M...')
#28 {main}
"} 
[2026-04-29 06:34:08] laravel.ERROR: Trying to access array offset on value of type null {"exception":"[object] (ErrorException(code: 0): Trying to access array offset on value of type null at C:/Users/Dell/Music/Smart_Data_Import_Engine/vendor/laravel/framework/src/Illuminate/Cookie/CookieServiceProvider.php:20)
[stacktrace]
#0 C:/Users/Dell/Music/Smart_Data_Import_Engine/vendor/laravel/framework/src/Illuminate/Foundation/Bootstrap/HandleExceptions.php(255): Illuminate/Foundation/Bootstrap/HandleExceptions->handleError(2, 'Trying to acces...', 'C://Users//Dell//M...', 20)
#1 C:/Users/Dell/Music/Smart_Data_Import_Engine/vendor/laravel/framework/src/Illuminate/Cookie/CookieServiceProvider.php(20): Illuminate/Foundation/Bootstrap/HandleExceptions->Illuminate/Foundation/Bootstrap/{closure}(2, 'Trying to acces...', 'C://Users//Dell//M...', 20)
#2 C:/Users/Dell/Music/Smart_Data_Import_Engine/vendor/laravel/framework/src/Illuminate/Container/Container.php(908): Illuminate/Cookie/CookieServiceProvider->Illuminate/Cookie/{closure}(Object(Illuminate/Foundation/Application), Array)
#3 C:/Users/Dell/Music/Smart_Data_Import_Engine/vendor/laravel/framework/src/Illuminate/Container/Container.php(795): Illuminate/Container/Container->build(Object(Closure))
#4 C:/Users/Dell/Music/Smart_Data_Import_Engine/vendor/laravel/framework/src/Illuminate/Foundation/Application.php(986): Illuminate/Container/Container->resolve('cookie', Array, true)
#5 C:/Users/Dell/Music/Smart_Data_Import_Engine/vendor/laravel/framework/src/Illuminate/Container/Container.php(731): Illuminate/Foundation/Application->resolve('cookie', Array)
#6 C:/Users/Dell/Music/Smart_Data_Import_Engine/vendor/laravel/framework/src/Illuminate/Foundation/Application.php(971): Illuminate/Container/Container->make('cookie', Array)
#7 C:/Users/Dell/Music/Smart_Data_Import_Engine/vendor/laravel/framework/src/Illuminate/Container/Container.php(1066): Illuminate/Foundation/Application->make('cookie')
#8 C:/Users/Dell/Music/Smart_Data_Import_Engine/vendor/laravel/framework/src/Illuminate/Container/Container.php(982): Illuminate/Container/Container->resolveClass(Object(ReflectionParameter))
#9 C:/Users/Dell/Music/Smart_Data_Import_Engine/vendor/laravel/framework/src/Illuminate/Container/Container.php(943): Illuminate/Container/Container->resolveDependencies(Array)
#10 C:/Users/Dell/Music/Smart_Data_Import_Engine/vendor/laravel/framework/src/Illuminate/Container/Container.php(795): Illuminate/Container/Container->build('Illuminate//Cook...')
#11 C:/Users/Dell/Music/Smart_Data_Import_Engine/vendor/laravel/framework/src/Illuminate/Foundation/Application.php(986): Illuminate/Container/Container->resolve('Illuminate//Cook...', Array, true)
#12 C:/Users/Dell/Music/Smart_Data_Import_Engine/vendor/laravel/framework/src/Illuminate/Container/Container.php(731): Illuminate/Foundation/Application->resolve('Illuminate//Cook...', Array)
#13 C:/Users/Dell/Music/Smart_Data_Import_Engine/vendor/laravel/framework/src/Illuminate/Foundation/Application.php(971): Illuminate/Container/Container->make('Illuminate//Cook...', Array)
#14 C:/Users/Dell/Music/Smart_Data_Import_Engine/vendor/laravel/framework/src/Illuminate/Pipeline/Pipeline.php(172): Illuminate/Foundation/Application->make('Illuminate//Cook...')
#15 C:/Users/Dell/Music/Smart_Data_Import_Engine/vendor/laravel/framework/src/Illuminate/Cookie/Middleware/EncryptCookies.php(67): Illuminate/Pipeline/Pipeline->Illuminate/Pipeline/{closure}(Object(Illuminate/Http/Request))
#16 C:/Users/Dell/Music/Smart_Data_Import_Engine/vendor/laravel/framework/src/Illuminate/Pipeline/Pipeline.php(183): Illuminate/Cookie/Middleware/EncryptCookies->handle(Object(Illuminate/Http/Request), Object(Closure))
#17 C:/Users/Dell/Music/Smart_Data_Import_Engine/vendor/laravel/framework/src/Illuminate/Pipeline/Pipeline.php(119): Illuminate/Pipeline/Pipeline->Illuminate/Pipeline/{closure}(Object(Illuminate/Http/Request))
#18 C:/Users/Dell/Music/Smart_Data_Import_Engine/vendor/laravel/framework/src/Illuminate/Routing/Router.php(805): Illuminate/Pipeline/Pipeline->then(Object(Closure))
#19 C:/Users/Dell/Music/Smart_Data_Import_Engine/vendor/laravel/framework/src/Illuminate/Routing/Router.php(784): Illuminate/Routing/Router->runRouteWithinStack(Object(Illuminate/Routing/Route), Object(Illuminate/Http/Request))
#20 C:/Users/Dell/Music/Smart_Data_Import_Engine/vendor/laravel/framework/src/Illuminate/Routing/Router.php(748): Illuminate/Routing/Router->runRoute(Object(Illuminate/Http/Request), Object(Illuminate/Routing/Route))
#21 C:/Users/Dell/Music/Smart_Data_Import_Engine/vendor/laravel/framework/src/Illuminate/Routing/Router.php(737): Illuminate/Routing/Router->dispatchToRoute(Object(Illuminate/Http/Request))
#22 C:/Users/Dell/Music/Smart_Data_Import_Engine/vendor/laravel/framework/src/Illuminate/Foundation/Http/Kernel.php(200): Illuminate/Routing/Router->dispatch(Object(Illuminate/Http/Request))
#23 C:/Users/Dell/Music/Smart_Data_Import_Engine/vendor/laravel/framework/src/Illuminate/Pipeline/Pipeline.php(144): Illuminate/Foundation/Http/Kernel->Illuminate/Foundation/Http/{closure}(Object(Illuminate/Http/Request))
#24 C:/Users/Dell/Music/Smart_Data_Import_Engine/vendor/laravel/framework/src/Illuminate/Foundation/Http/Middleware/TransformsRequest.php(21): Illuminate/Pipeline/Pipeline->Illuminate/Pipeline/{closure}(Object(Illuminate/Http/Request))
#25 C:/Users/Dell/Music/Smart_Data_Import_Engine/vendor/laravel/framework/src/Illuminate/Foundation/Http/Middleware/ConvertEmptyStringsToNull.php(31): Illuminate/Foundation/Http/Middleware/TransformsRequest->handle(Object(Illuminate/Http/Request), Object(Closure))
#26 C:/Users/Dell/Music/Smart_Data_Import_Engine/vendor/laravel/framework/src/Illuminate/Pipeline/Pipeline.php(183): Illuminate/Foundation/Http/Middleware/ConvertEmptyStringsToNull->handle(Object(Illuminate/Http/Request), Object(Closure))
#27 C:/Users/Dell/Music/Smart_Data_Import_Engine/vendor/laravel/framework/src/Illuminate/Foundation/Http/Middleware/ValidatePostSize.php(27): Illuminate/Pipeline/Pipeline->Illuminate/Pipeline/{closure}(Object(Illuminate/Http/Request))
#28 C:/Users/Dell/Music/Smart_Data_Import_Engine/vendor/laravel/framework/src/Illuminate/Pipeline/Pipeline.php(183): Illuminate/Foundation/Http/Middleware/ValidatePostSize->handle(Object(Illuminate/Http/Request), Object(Closure))
#29 C:/Users/Dell/Music/Smart_Data_Import_Engine/vendor/laravel/framework/src/Illuminate/Http/Middleware/HandleCors.php(49): Illuminate/Pipeline/Pipeline->Illuminate/Pipeline/{closure}(Object(Illuminate/Http/Request))
#30 C:/Users/Dell/Music/Smart_Data_Import_Engine/vendor/laravel/framework/src/Illuminate/Pipeline/Pipeline.php(183): Illuminate/Http/Middleware/HandleCors->handle(Object(Illuminate/Http/Request), Object(Closure))
#31 C:/Users/Dell/Music/Smart_Data_Import_Engine/vendor/laravel/framework/src/Illuminate/Pipeline/Pipeline.php(119): Illuminate/Pipeline/Pipeline->Illuminate/Pipeline/{closure}(Object(Illuminate/Http/Request))
#32 C:/Users/Dell/Music/Smart_Data_Import_Engine/vendor/laravel/framework/src/Illuminate/Foundation/Http/Kernel.php(175): Illuminate/Pipeline/Pipeline->then(Object(Closure))
#33 C:/Users/Dell/Music/Smart_Data_Import_Engine/vendor/laravel/framework/src/Illuminate/Foundation/Http/Kernel.php(144): Illuminate/Foundation/Http/Kernel->sendRequestThroughRouter(Object(Illuminate/Http/Request))
#34 C:/Users/Dell/Music/Smart_Data_Import_Engine/public/index.php(18): Illuminate/Foundation/Http/Kernel->handle(Object(Illuminate/Http/Request))
#35 C:/Users/Dell/Music/Smart_Data_Import_Engine/vendor/laravel/framework/src/Illuminate/Foundation/resources/server.php(16): require_once('C://Users//Dell//M...')
#36 {main}
"} 
[2026-04-29 06:34:19] laravel.EMERGENCY: Unable to create configured logger. Using emergency logger. {"exception":"[object] (InvalidArgumentException(code: 0): Log [] is not defined. at C:/Users/Dell/Music/Smart_Data_Import_Engine/vendor/laravel/framework/src/Illuminate/Log/LogManager.php:212)
[stacktrace]
#0 C:/Users/Dell/Music/Smart_Data_Import_Engine/vendor/laravel/framework/src/Illuminate/Log/LogManager.php(137): Illuminate/Log/LogManager->resolve(NULL, NULL)
#1 C:/Users/Dell/Music/Smart_Data_Import_Engine/vendor/laravel/framework/src/Illuminate/Log/LogManager.php(124): Illuminate/Log/LogManager->get(NULL)
#2 C:/Users/Dell/Music/Smart_Data_Import_Engine/vendor/laravel/framework/src/Illuminate/Log/LogManager.php(681): Illuminate/Log/LogManager->driver()
#3 C:/Users/Dell/Music/Smart_Data_Import_Engine/vendor/laravel/framework/src/Illuminate/Foundation/Exceptions/Handler.php(317): Illuminate/Log/LogManager->error('Trying to acces...', Array)
#4 C:/Users/Dell/Music/Smart_Data_Import_Engine/vendor/laravel/framework/src/Illuminate/Foundation/Exceptions/Handler.php(278): Illuminate/Foundation/Exceptions/Handler->reportThrowable(Object(ErrorException))
#5 C:/Users/Dell/Music/Smart_Data_Import_Engine/vendor/laravel/framework/src/Illuminate/Foundation/Bootstrap/HandleExceptions.php(183): Illuminate/Foundation/Exceptions/Handler->report(Object(ErrorException))
#6 C:/Users/Dell/Music/Smart_Data_Import_Engine/vendor/laravel/framework/src/Illuminate/Foundation/Bootstrap/HandleExceptions.php(255): Illuminate/Foundation/Bootstrap/HandleExceptions->handleException(Object(ErrorException))
#7 [internal function]: Illuminate/Foundation/Bootstrap/HandleExceptions->Illuminate/Foundation/Bootstrap/{closure}(Object(ErrorException))
#8 {main}
"} 
[2026-04-29 06:34:19] laravel.ERROR: Trying to access array offset on value of type null {"exception":"[object] (ErrorException(code: 0): Trying to access array offset on value of type null at C:/Users/Dell/Music/Smart_Data_Import_Engine/vendor/laravel/framework/src/Illuminate/Cookie/CookieServiceProvider.php:20)
[stacktrace]
#0 C:/Users/Dell/Music/Smart_Data_Import_Engine/vendor/laravel/framework/src/Illuminate/Foundation/Bootstrap/HandleExceptions.php(255): Illuminate/Foundation/Bootstrap/HandleExceptions->handleError(2, 'Trying to acces...', 'C://Users//Dell//M...', 20)
#1 C:/Users/Dell/Music/Smart_Data_Import_Engine/vendor/laravel/framework/src/Illuminate/Cookie/CookieServiceProvider.php(20): Illuminate/Foundation/Bootstrap/HandleExceptions->Illuminate/Foundation/Bootstrap/{closure}(2, 'Trying to acces...', 'C://Users//Dell//M...', 20)
#2 C:/Users/Dell/Music/Smart_Data_Import_Engine/vendor/laravel/framework/src/Illuminate/Container/Container.php(908): Illuminate/Cookie/CookieServiceProvider->Illuminate/Cookie/{closure}(Object(Illuminate/Foundation/Application), Array)
#3 C:/Users/Dell/Music/Smart_Data_Import_Engine/vendor/laravel/framework/src/Illuminate/Container/Container.php(795): Illuminate/Container/Container->build(Object(Closure))
#4 C:/Users/Dell/Music/Smart_Data_Import_Engine/vendor/laravel/framework/src/Illuminate/Foundation/Application.php(986): Illuminate/Container/Container->resolve('cookie', Array, true)
#5 C:/Users/Dell/Music/Smart_Data_Import_Engine/vendor/laravel/framework/src/Illuminate/Container/Container.php(731): Illuminate/Foundation/Application->resolve('cookie', Array)
#6 C:/Users/Dell/Music/Smart_Data_Import_Engine/vendor/laravel/framework/src/Illuminate/Foundation/Application.php(971): Illuminate/Container/Container->make('cookie', Array)
#7 C:/Users/Dell/Music/Smart_Data_Import_Engine/vendor/laravel/framework/src/Illuminate/Container/Container.php(1066): Illuminate/Foundation/Application->make('cookie')
#8 C:/Users/Dell/Music/Smart_Data_Import_Engine/vendor/laravel/framework/src/Illuminate/Container/Container.php(982): Illuminate/Container/Container->resolveClass(Object(ReflectionParameter))
#9 C:/Users/Dell/Music/Smart_Data_Import_Engine/vendor/laravel/framework/src/Illuminate/Container/Container.php(943): Illuminate/Container/Container->resolveDependencies(Array)
#10 C:/Users/Dell/Music/Smart_Data_Import_Engine/vendor/laravel/framework/src/Illuminate/Container/Container.php(795): Illuminate/Container/Container->build('Illuminate//Cook...')
#11 C:/Users/Dell/Music/Smart_Data_Import_Engine/vendor/laravel/framework/src/Illuminate/Foundation/Application.php(986): Illuminate/Container/Container->resolve('Illuminate//Cook...', Array, true)
#12 C:/Users/Dell/Music/Smart_Data_Import_Engine/vendor/laravel/framework/src/Illuminate/Container/Container.php(731): Illuminate/Foundation/Application->resolve('Illuminate//Cook...', Array)
#13 C:/Users/Dell/Music/Smart_Data_Import_Engine/vendor/laravel/framework/src/Illuminate/Foundation/Application.php(971): Illuminate/Container/Container->make('Illuminate//Cook...', Array)
#14 C:/Users/Dell/Music/Smart_Data_Import_Engine/vendor/laravel/framework/src/Illuminate/Foundation/Http/Kernel.php(255): Illuminate/Foundation/Application->make('Illuminate//Cook...')
#15 C:/Users/Dell/Music/Smart_Data_Import_Engine/vendor/laravel/framework/src/Illuminate/Foundation/Http/Kernel.php(213): Illuminate/Foundation/Http/Kernel->terminateMiddleware(Object(Illuminate/Http/Request), Object(Illuminate/Http/Response))
#16 C:/Users/Dell/Music/Smart_Data_Import_Engine/public/index.php(22): Illuminate/Foundation/Http/Kernel->terminate(Object(Illuminate/Http/Request), Object(Illuminate/Http/Response))
#17 C:/Users/Dell/Music/Smart_Data_Import_Engine/vendor/laravel/framework/src/Illuminate/Foundation/resources/server.php(16): require_once('C://Users//Dell//M...')
#18 {main}
"} 
[2026-04-29 06:34:20] laravel.EMERGENCY: Unable to create configured logger. Using emergency logger. {"exception":"[object] (InvalidArgumentException(code: 0): Log [] is not defined. at C:/Users/Dell/Music/Smart_Data_Import_Engine/vendor/laravel/framework/src/Illuminate/Log/LogManager.php:212)
[stacktrace]
#0 C:/Users/Dell/Music/Smart_Data_Import_Engine/vendor/laravel/framework/src/Illuminate/Log/LogManager.php(137): Illuminate/Log/LogManager->resolve(NULL, NULL)
#1 C:/Users/Dell/Music/Smart_Data_Import_Engine/vendor/laravel/framework/src/Illuminate/Log/LogManager.php(124): Illuminate/Log/LogManager->get(NULL)
#2 C:/Users/Dell/Music/Smart_Data_Import_Engine/vendor/laravel/framework/src/Illuminate/Log/LogManager.php(681): Illuminate/Log/LogManager->driver()
#3 C:/Users/Dell/Music/Smart_Data_Import_Engine/vendor/laravel/framework/src/Illuminate/Foundation/Exceptions/Handler.php(317): Illuminate/Log/LogManager->error('Trying to acces...', Array)
#4 C:/Users/Dell/Music/Smart_Data_Import_Engine/vendor/laravel/framework/src/Illuminate/Foundation/Exceptions/Handler.php(278): Illuminate/Foundation/Exceptions/Handler->reportThrowable(Object(ErrorException))
#5 C:/Users/Dell/Music/Smart_Data_Import_Engine/vendor/laravel/framework/src/Illuminate/Routing/Pipeline.php(49): Illuminate/Foundation/Exceptions/Handler->report(Object(ErrorException))
#6 C:/Users/Dell/Music/Smart_Data_Import_Engine/vendor/laravel/framework/src/Illuminate/Pipeline/Pipeline.php(188): Illuminate/Routing/Pipeline->handleException(Object(Illuminate/Http/Request), Object(ErrorException))
#7 C:/Users/Dell/Music/Smart_Data_Import_Engine/vendor/laravel/framework/src/Illuminate/Cookie/Middleware/EncryptCookies.php(67): Illuminate/Pipeline/Pipeline->Illuminate/Pipeline/{closure}(Object(Illuminate/Http/Request))
#8 C:/Users/Dell/Music/Smart_Data_Import_Engine/vendor/laravel/framework/src/Illuminate/Pipeline/Pipeline.php(183): Illuminate/Cookie/Middleware/EncryptCookies->handle(Object(Illuminate/Http/Request), Object(Closure))
#9 C:/Users/Dell/Music/Smart_Data_Import_Engine/vendor/laravel/framework/src/Illuminate/Pipeline/Pipeline.php(119): Illuminate/Pipeline/Pipeline->Illuminate/Pipeline/{closure}(Object(Illuminate/Http/Request))
#10 C:/Users/Dell/Music/Smart_Data_Import_Engine/vendor/laravel/framework/src/Illuminate/Routing/Router.php(805): Illuminate/Pipeline/Pipeline->then(Object(Closure))
#11 C:/Users/Dell/Music/Smart_Data_Import_Engine/vendor/laravel/framework/src/Illuminate/Routing/Router.php(784): Illuminate/Routing/Router->runRouteWithinStack(Object(Illuminate/Routing/Route), Object(Illuminate/Http/Request))
#12 C:/Users/Dell/Music/Smart_Data_Import_Engine/vendor/laravel/framework/src/Illuminate/Routing/Router.php(748): Illuminate/Routing/Router->runRoute(Object(Illuminate/Http/Request), Object(Illuminate/Routing/Route))
#13 C:/Users/Dell/Music/Smart_Data_Import_Engine/vendor/laravel/framework/src/Illuminate/Routing/Router.php(737): Illuminate/Routing/Router->dispatchToRoute(Object(Illuminate/Http/Request))
#14 C:/Users/Dell/Music/Smart_Data_Import_Engine/vendor/laravel/framework/src/Illuminate/Foundation/Http/Kernel.php(200): Illuminate/Routing/Router->dispatch(Object(Illuminate/Http/Request))
#15 C:/Users/Dell/Music/Smart_Data_Import_Engine/vendor/laravel/framework/src/Illuminate/Pipeline/Pipeline.php(144): Illuminate/Foundation/Http/Kernel->Illuminate/Foundation/Http/{closure}(Object(Illuminate/Http/Request))
#16 C:/Users/Dell/Music/Smart_Data_Import_Engine/vendor/laravel/framework/src/Illuminate/Foundation/Http/Middleware/TransformsRequest.php(21): Illuminate/Pipeline/Pipeline->Illuminate/Pipeline/{closure}(Object(Illuminate/Http/Request))
#17 C:/Users/Dell/Music/Smart_Data_Import_Engine/vendor/laravel/framework/src/Illuminate/Foundation/Http/Middleware/ConvertEmptyStringsToNull.php(31): Illuminate/Foundation/Http/Middleware/TransformsRequest->handle(Object(Illuminate/Http/Request), Object(Closure))
#18 C:/Users/Dell/Music/Smart_Data_Import_Engine/vendor/laravel/framework/src/Illuminate/Pipeline/Pipeline.php(183): Illuminate/Foundation/Http/Middleware/ConvertEmptyStringsToNull->handle(Object(Illuminate/Http/Request), Object(Closure))
#19 C:/Users/Dell/Music/Smart_Data_Import_Engine/vendor/laravel/framework/src/Illuminate/Foundation/Http/Middleware/ValidatePostSize.php(27): Illuminate/Pipeline/Pipeline->Illuminate/Pipeline/{closure}(Object(Illuminate/Http/Request))
#20 C:/Users/Dell/Music/Smart_Data_Import_Engine/vendor/laravel/framework/src/Illuminate/Pipeline/Pipeline.php(183): Illuminate/Foundation/Http/Middleware/ValidatePostSize->handle(Object(Illuminate/Http/Request), Object(Closure))
#21 C:/Users/Dell/Music/Smart_Data_Import_Engine/vendor/laravel/framework/src/Illuminate/Http/Middleware/HandleCors.php(49): Illuminate/Pipeline/Pipeline->Illuminate/Pipeline/{closure}(Object(Illuminate/Http/Request))
#22 C:/Users/Dell/Music/Smart_Data_Import_Engine/vendor/laravel/framework/src/Illuminate/Pipeline/Pipeline.php(183): Illuminate/Http/Middleware/HandleCors->handle(Object(Illuminate/Http/Request), Object(Closure))
#23 C:/Users/Dell/Music/Smart_Data_Import_Engine/vendor/laravel/framework/src/Illuminate/Pipeline/Pipeline.php(119): Illuminate/Pipeline/Pipeline->Illuminate/Pipeline/{closure}(Object(Illuminate/Http/Request))
#24 C:/Users/Dell/Music/Smart_Data_Import_Engine/vendor/laravel/framework/src/Illuminate/Foundation/Http/Kernel.php(175): Illuminate/Pipeline/Pipeline->then(Object(Closure))
#25 C:/Users/Dell/Music/Smart_Data_Import_Engine/vendor/laravel/framework/src/Illuminate/Foundation/Http/Kernel.php(144): Illuminate/Foundation/Http/Kernel->sendRequestThroughRouter(Object(Illuminate/Http/Request))
#26 C:/Users/Dell/Music/Smart_Data_Import_Engine/public/index.php(18): Illuminate/Foundation/Http/Kernel->handle(Object(Illuminate/Http/Request))
#27 C:/Users/Dell/Music/Smart_Data_Import_Engine/vendor/laravel/framework/src/Illuminate/Foundation/resources/server.php(16): require_once('C://Users//Dell//M...')
#28 {main}
"} 
[2026-04-29 06:34:20] laravel.ERROR: Trying to access array offset on value of type null {"exception":"[object] (ErrorException(code: 0): Trying to access array offset on value of type null at C:/Users/Dell/Music/Smart_Data_Import_Engine/vendor/laravel/framework/src/Illuminate/Cookie/CookieServiceProvider.php:20)
[stacktrace]
#0 C:/Users/Dell/Music/Smart_Data_Import_Engine/vendor/laravel/framework/src/Illuminate/Foundation/Bootstrap/HandleExceptions.php(255): Illuminate/Foundation/Bootstrap/HandleExceptions->handleError(2, 'Trying to acces...', 'C://Users//Dell//M...', 20)
#1 C:/Users/Dell/Music/Smart_Data_Import_Engine/vendor/laravel/framework/src/Illuminate/Cookie/CookieServiceProvider.php(20): Illuminate/Foundation/Bootstrap/HandleExceptions->Illuminate/Foundation/Bootstrap/{closure}(2, 'Trying to acces...', 'C://Users//Dell//M...', 20)
#2 C:/Users/Dell/Music/Smart_Data_Import_Engine/vendor/laravel/framework/src/Illuminate/Container/Container.php(908): Illuminate/Cookie/CookieServiceProvider->Illuminate/Cookie/{closure}(Object(Illuminate/Foundation/Application), Array)
#3 C:/Users/Dell/Music/Smart_Data_Import_Engine/vendor/laravel/framework/src/Illuminate/Container/Container.php(795): Illuminate/Container/Container->build(Object(Closure))
#4 C:/Users/Dell/Music/Smart_Data_Import_Engine/vendor/laravel/framework/src/Illuminate/Foundation/Application.php(986): Illuminate/Container/Container->resolve('cookie', Array, true)
#5 C:/Users/Dell/Music/Smart_Data_Import_Engine/vendor/laravel/framework/src/Illuminate/Container/Container.php(731): Illuminate/Foundation/Application->resolve('cookie', Array)
#6 C:/Users/Dell/Music/Smart_Data_Import_Engine/vendor/laravel/framework/src/Illuminate/Foundation/Application.php(971): Illuminate/Container/Container->make('cookie', Array)
#7 C:/Users/Dell/Music/Smart_Data_Import_Engine/vendor/laravel/framework/src/Illuminate/Container/Container.php(1066): Illuminate/Foundation/Application->make('cookie')
#8 C:/Users/Dell/Music/Smart_Data_Import_Engine/vendor/laravel/framework/src/Illuminate/Container/Container.php(982): Illuminate/Container/Container->resolveClass(Object(ReflectionParameter))
#9 C:/Users/Dell/Music/Smart_Data_Import_Engine/vendor/laravel/framework/src/Illuminate/Container/Container.php(943): Illuminate/Container/Container->resolveDependencies(Array)
#10 C:/Users/Dell/Music/Smart_Data_Import_Engine/vendor/laravel/framework/src/Illuminate/Container/Container.php(795): Illuminate/Container/Container->build('Illuminate//Cook...')
#11 C:/Users/Dell/Music/Smart_Data_Import_Engine/vendor/laravel/framework/src/Illuminate/Foundation/Application.php(986): Illuminate/Container/Container->resolve('Illuminate//Cook...', Array, true)
#12 C:/Users/Dell/Music/Smart_Data_Import_Engine/vendor/laravel/framework/src/Illuminate/Container/Container.php(731): Illuminate/Foundation/Application->resolve('Illuminate//Cook...', Array)
#13 C:/Users/Dell/Music/Smart_Data_Import_Engine/vendor/laravel/framework/src/Illuminate/Foundation/Application.php(971): Illuminate/Container/Container->make('Illuminate//Cook...', Array)
#14 C:/Users/Dell/Music/Smart_Data_Import_Engine/vendor/laravel/framework/src/Illuminate/Pipeline/Pipeline.php(172): Illuminate/Foundation/Application->make('Illuminate//Cook...')
#15 C:/Users/Dell/Music/Smart_Data_Import_Engine/vendor/laravel/framework/src/Illuminate/Cookie/Middleware/EncryptCookies.php(67): Illuminate/Pipeline/Pipeline->Illuminate/Pipeline/{closure}(Object(Illuminate/Http/Request))
#16 C:/Users/Dell/Music/Smart_Data_Import_Engine/vendor/laravel/framework/src/Illuminate/Pipeline/Pipeline.php(183): Illuminate/Cookie/Middleware/EncryptCookies->handle(Object(Illuminate/Http/Request), Object(Closure))
#17 C:/Users/Dell/Music/Smart_Data_Import_Engine/vendor/laravel/framework/src/Illuminate/Pipeline/Pipeline.php(119): Illuminate/Pipeline/Pipeline->Illuminate/Pipeline/{closure}(Object(Illuminate/Http/Request))
#18 C:/Users/Dell/Music/Smart_Data_Import_Engine/vendor/laravel/framework/src/Illuminate/Routing/Router.php(805): Illuminate/Pipeline/Pipeline->then(Object(Closure))
#19 C:/Users/Dell/Music/Smart_Data_Import_Engine/vendor/laravel/framework/src/Illuminate/Routing/Router.php(784): Illuminate/Routing/Router->runRouteWithinStack(Object(Illuminate/Routing/Route), Object(Illuminate/Http/Request))
#20 C:/Users/Dell/Music/Smart_Data_Import_Engine/vendor/laravel/framework/src/Illuminate/Routing/Router.php(748): Illuminate/Routing/Router->runRoute(Object(Illuminate/Http/Request), Object(Illuminate/Routing/Route))
#21 C:/Users/Dell/Music/Smart_Data_Import_Engine/vendor/laravel/framework/src/Illuminate/Routing/Router.php(737): Illuminate/Routing/Router->dispatchToRoute(Object(Illuminate/Http/Request))
#22 C:/Users/Dell/Music/Smart_Data_Import_Engine/vendor/laravel/framework/src/Illuminate/Foundation/Http/Kernel.php(200): Illuminate/Routing/Router->dispatch(Object(Illuminate/Http/Request))
#23 C:/Users/Dell/Music/Smart_Data_Import_Engine/vendor/laravel/framework/src/Illuminate/Pipeline/Pipeline.php(144): Illuminate/Foundation/Http/Kernel->Illuminate/Foundation/Http/{closure}(Object(Illuminate/Http/Request))
#24 C:/Users/Dell/Music/Smart_Data_Import_Engine/vendor/laravel/framework/src/Illuminate/Foundation/Http/Middleware/TransformsRequest.php(21): Illuminate/Pipeline/Pipeline->Illuminate/Pipeline/{closure}(Object(Illuminate/Http/Request))
#25 C:/Users/Dell/Music/Smart_Data_Import_Engine/vendor/laravel/framework/src/Illuminate/Foundation/Http/Middleware/ConvertEmptyStringsToNull.php(31): Illuminate/Foundation/Http/Middleware/TransformsRequest->handle(Object(Illuminate/Http/Request), Object(Closure))
#26 C:/Users/Dell/Music/Smart_Data_Import_Engine/vendor/laravel/framework/src/Illuminate/Pipeline/Pipeline.php(183): Illuminate/Foundation/Http/Middleware/ConvertEmptyStringsToNull->handle(Object(Illuminate/Http/Request), Object(Closure))
#27 C:/Users/Dell/Music/Smart_Data_Import_Engine/vendor/laravel/framework/src/Illuminate/Foundation/Http/Middleware/ValidatePostSize.php(27): Illuminate/Pipeline/Pipeline->Illuminate/Pipeline/{closure}(Object(Illuminate/Http/Request))
#28 C:/Users/Dell/Music/Smart_Data_Import_Engine/vendor/laravel/framework/src/Illuminate/Pipeline/Pipeline.php(183): Illuminate/Foundation/Http/Middleware/ValidatePostSize->handle(Object(Illuminate/Http/Request), Object(Closure))
#29 C:/Users/Dell/Music/Smart_Data_Import_Engine/vendor/laravel/framework/src/Illuminate/Http/Middleware/HandleCors.php(49): Illuminate/Pipeline/Pipeline->Illuminate/Pipeline/{closure}(Object(Illuminate/Http/Request))
#30 C:/Users/Dell/Music/Smart_Data_Import_Engine/vendor/laravel/framework/src/Illuminate/Pipeline/Pipeline.php(183): Illuminate/Http/Middleware/HandleCors->handle(Object(Illuminate/Http/Request), Object(Closure))
#31 C:/Users/Dell/Music/Smart_Data_Import_Engine/vendor/laravel/framework/src/Illuminate/Pipeline/Pipeline.php(119): Illuminate/Pipeline/Pipeline->Illuminate/Pipeline/{closure}(Object(Illuminate/Http/Request))
#32 C:/Users/Dell/Music/Smart_Data_Import_Engine/vendor/laravel/framework/src/Illuminate/Foundation/Http/Kernel.php(175): Illuminate/Pipeline/Pipeline->then(Object(Closure))
#33 C:/Users/Dell/Music/Smart_Data_Import_Engine/vendor/laravel/framework/src/Illuminate/Foundation/Http/Kernel.php(144): Illuminate/Foundation/Http/Kernel->sendRequestThroughRouter(Object(Illuminate/Http/Request))
#34 C:/Users/Dell/Music/Smart_Data_Import_Engine/public/index.php(18): Illuminate/Foundation/Http/Kernel->handle(Object(Illuminate/Http/Request))
#35 C:/Users/Dell/Music/Smart_Data_Import_Engine/vendor/laravel/framework/src/Illuminate/Foundation/resources/server.php(16): require_once('C://Users//Dell//M...')
#36 {main}
"} 
[2026-04-29 06:34:20] laravel.EMERGENCY: Unable to create configured logger. Using emergency logger. {"exception":"[object] (InvalidArgumentException(code: 0): Log [] is not defined. at C:/Users/Dell/Music/Smart_Data_Import_Engine/vendor/laravel/framework/src/Illuminate/Log/LogManager.php:212)
[stacktrace]
#0 C:/Users/Dell/Music/Smart_Data_Import_Engine/vendor/laravel/framework/src/Illuminate/Log/LogManager.php(137): Illuminate/Log/LogManager->resolve(NULL, NULL)
#1 C:/Users/Dell/Music/Smart_Data_Import_Engine/vendor/laravel/framework/src/Illuminate/Log/LogManager.php(124): Illuminate/Log/LogManager->get(NULL)
#2 C:/Users/Dell/Music/Smart_Data_Import_Engine/vendor/laravel/framework/src/Illuminate/Log/LogManager.php(681): Illuminate/Log/LogManager->driver()
#3 C:/Users/Dell/Music/Smart_Data_Import_Engine/vendor/laravel/framework/src/Illuminate/Foundation/Exceptions/Handler.php(317): Illuminate/Log/LogManager->error('Trying to acces...', Array)
#4 C:/Users/Dell/Music/Smart_Data_Import_Engine/vendor/laravel/framework/src/Illuminate/Foundation/Exceptions/Handler.php(278): Illuminate/Foundation/Exceptions/Handler->reportThrowable(Object(ErrorException))
#5 C:/Users/Dell/Music/Smart_Data_Import_Engine/vendor/laravel/framework/src/Illuminate/Foundation/Bootstrap/HandleExceptions.php(183): Illuminate/Foundation/Exceptions/Handler->report(Object(ErrorException))
#6 C:/Users/Dell/Music/Smart_Data_Import_Engine/vendor/laravel/framework/src/Illuminate/Foundation/Bootstrap/HandleExceptions.php(255): Illuminate/Foundation/Bootstrap/HandleExceptions->handleException(Object(ErrorException))
#7 [internal function]: Illuminate/Foundation/Bootstrap/HandleExceptions->Illuminate/Foundation/Bootstrap/{closure}(Object(ErrorException))
#8 {main}
"} 
[2026-04-29 06:34:20] laravel.ERROR: Trying to access array offset on value of type null {"exception":"[object] (ErrorException(code: 0): Trying to access array offset on value of type null at C:/Users/Dell/Music/Smart_Data_Import_Engine/vendor/laravel/framework/src/Illuminate/Cookie/CookieServiceProvider.php:20)
[stacktrace]
#0 C:/Users/Dell/Music/Smart_Data_Import_Engine/vendor/laravel/framework/src/Illuminate/Foundation/Bootstrap/HandleExceptions.php(255): Illuminate/Foundation/Bootstrap/HandleExceptions->handleError(2, 'Trying to acces...', 'C://Users//Dell//M...', 20)
#1 C:/Users/Dell/Music/Smart_Data_Import_Engine/vendor/laravel/framework/src/Illuminate/Cookie/CookieServiceProvider.php(20): Illuminate/Foundation/Bootstrap/HandleExceptions->Illuminate/Foundation/Bootstrap/{closure}(2, 'Trying to acces...', 'C://Users//Dell//M...', 20)
#2 C:/Users/Dell/Music/Smart_Data_Import_Engine/vendor/laravel/framework/src/Illuminate/Container/Container.php(908): Illuminate/Cookie/CookieServiceProvider->Illuminate/Cookie/{closure}(Object(Illuminate/Foundation/Application), Array)
#3 C:/Users/Dell/Music/Smart_Data_Import_Engine/vendor/laravel/framework/src/Illuminate/Container/Container.php(795): Illuminate/Container/Container->build(Object(Closure))
#4 C:/Users/Dell/Music/Smart_Data_Import_Engine/vendor/laravel/framework/src/Illuminate/Foundation/Application.php(986): Illuminate/Container/Container->resolve('cookie', Array, true)
#5 C:/Users/Dell/Music/Smart_Data_Import_Engine/vendor/laravel/framework/src/Illuminate/Container/Container.php(731): Illuminate/Foundation/Application->resolve('cookie', Array)
#6 C:/Users/Dell/Music/Smart_Data_Import_Engine/vendor/laravel/framework/src/Illuminate/Foundation/Application.php(971): Illuminate/Container/Container->make('cookie', Array)
#7 C:/Users/Dell/Music/Smart_Data_Import_Engine/vendor/laravel/framework/src/Illuminate/Container/Container.php(1066): Illuminate/Foundation/Application->make('cookie')
#8 C:/Users/Dell/Music/Smart_Data_Import_Engine/vendor/laravel/framework/src/Illuminate/Container/Container.php(982): Illuminate/Container/Container->resolveClass(Object(ReflectionParameter))
#9 C:/Users/Dell/Music/Smart_Data_Import_Engine/vendor/laravel/framework/src/Illuminate/Container/Container.php(943): Illuminate/Container/Container->resolveDependencies(Array)
#10 C:/Users/Dell/Music/Smart_Data_Import_Engine/vendor/laravel/framework/src/Illuminate/Container/Container.php(795): Illuminate/Container/Container->build('Illuminate//Cook...')
#11 C:/Users/Dell/Music/Smart_Data_Import_Engine/vendor/laravel/framework/src/Illuminate/Foundation/Application.php(986): Illuminate/Container/Container->resolve('Illuminate//Cook...', Array, true)
#12 C:/Users/Dell/Music/Smart_Data_Import_Engine/vendor/laravel/framework/src/Illuminate/Container/Container.php(731): Illuminate/Foundation/Application->resolve('Illuminate//Cook...', Array)
#13 C:/Users/Dell/Music/Smart_Data_Import_Engine/vendor/laravel/framework/src/Illuminate/Foundation/Application.php(971): Illuminate/Container/Container->make('Illuminate//Cook...', Array)
#14 C:/Users/Dell/Music/Smart_Data_Import_Engine/vendor/laravel/framework/src/Illuminate/Foundation/Http/Kernel.php(255): Illuminate/Foundation/Application->make('Illuminate//Cook...')
#15 C:/Users/Dell/Music/Smart_Data_Import_Engine/vendor/laravel/framework/src/Illuminate/Foundation/Http/Kernel.php(213): Illuminate/Foundation/Http/Kernel->terminateMiddleware(Object(Illuminate/Http/Request), Object(Illuminate/Http/Response))
#16 C:/Users/Dell/Music/Smart_Data_Import_Engine/public/index.php(22): Illuminate/Foundation/Http/Kernel->terminate(Object(Illuminate/Http/Request), Object(Illuminate/Http/Response))
#17 C:/Users/Dell/Music/Smart_Data_Import_Engine/vendor/laravel/framework/src/Illuminate/Foundation/resources/server.php(16): require_once('C://Users//Dell//M...')
#18 {main}
"} 
[2026-04-29 06:34:20] laravel.EMERGENCY: Unable to create configured logger. Using emergency logger. {"exception":"[object] (InvalidArgumentException(code: 0): Log [] is not defined. at C:/Users/Dell/Music/Smart_Data_Import_Engine/vendor/laravel/framework/src/Illuminate/Log/LogManager.php:212)
[stacktrace]
#0 C:/Users/Dell/Music/Smart_Data_Import_Engine/vendor/laravel/framework/src/Illuminate/Log/LogManager.php(137): Illuminate/Log/LogManager->resolve(NULL, NULL)
#1 C:/Users/Dell/Music/Smart_Data_Import_Engine/vendor/laravel/framework/src/Illuminate/Log/LogManager.php(124): Illuminate/Log/LogManager->get(NULL)
#2 C:/Users/Dell/Music/Smart_Data_Import_Engine/vendor/laravel/framework/src/Illuminate/Log/LogManager.php(681): Illuminate/Log/LogManager->driver()
#3 C:/Users/Dell/Music/Smart_Data_Import_Engine/vendor/laravel/framework/src/Illuminate/Foundation/Exceptions/Handler.php(317): Illuminate/Log/LogManager->error('Trying to acces...', Array)
#4 C:/Users/Dell/Music/Smart_Data_Import_Engine/vendor/laravel/framework/src/Illuminate/Foundation/Exceptions/Handler.php(278): Illuminate/Foundation/Exceptions/Handler->reportThrowable(Object(ErrorException))
#5 C:/Users/Dell/Music/Smart_Data_Import_Engine/vendor/laravel/framework/src/Illuminate/Routing/Pipeline.php(49): Illuminate/Foundation/Exceptions/Handler->report(Object(ErrorException))
#6 C:/Users/Dell/Music/Smart_Data_Import_Engine/vendor/laravel/framework/src/Illuminate/Pipeline/Pipeline.php(188): Illuminate/Routing/Pipeline->handleException(Object(Illuminate/Http/Request), Object(ErrorException))
#7 C:/Users/Dell/Music/Smart_Data_Import_Engine/vendor/laravel/framework/src/Illuminate/Cookie/Middleware/EncryptCookies.php(67): Illuminate/Pipeline/Pipeline->Illuminate/Pipeline/{closure}(Object(Illuminate/Http/Request))
#8 C:/Users/Dell/Music/Smart_Data_Import_Engine/vendor/laravel/framework/src/Illuminate/Pipeline/Pipeline.php(183): Illuminate/Cookie/Middleware/EncryptCookies->handle(Object(Illuminate/Http/Request), Object(Closure))
#9 C:/Users/Dell/Music/Smart_Data_Import_Engine/vendor/laravel/framework/src/Illuminate/Pipeline/Pipeline.php(119): Illuminate/Pipeline/Pipeline->Illuminate/Pipeline/{closure}(Object(Illuminate/Http/Request))
#10 C:/Users/Dell/Music/Smart_Data_Import_Engine/vendor/laravel/framework/src/Illuminate/Routing/Router.php(805): Illuminate/Pipeline/Pipeline->then(Object(Closure))
#11 C:/Users/Dell/Music/Smart_Data_Import_Engine/vendor/laravel/framework/src/Illuminate/Routing/Router.php(784): Illuminate/Routing/Router->runRouteWithinStack(Object(Illuminate/Routing/Route), Object(Illuminate/Http/Request))
#12 C:/Users/Dell/Music/Smart_Data_Import_Engine/vendor/laravel/framework/src/Illuminate/Routing/Router.php(748): Illuminate/Routing/Router->runRoute(Object(Illuminate/Http/Request), Object(Illuminate/Routing/Route))
#13 C:/Users/Dell/Music/Smart_Data_Import_Engine/vendor/laravel/framework/src/Illuminate/Routing/Router.php(737): Illuminate/Routing/Router->dispatchToRoute(Object(Illuminate/Http/Request))
#14 C:/Users/Dell/Music/Smart_Data_Import_Engine/vendor/laravel/framework/src/Illuminate/Foundation/Http/Kernel.php(200): Illuminate/Routing/Router->dispatch(Object(Illuminate/Http/Request))
#15 C:/Users/Dell/Music/Smart_Data_Import_Engine/vendor/laravel/framework/src/Illuminate/Pipeline/Pipeline.php(144): Illuminate/Foundation/Http/Kernel->Illuminate/Foundation/Http/{closure}(Object(Illuminate/Http/Request))
#16 C:/Users/Dell/Music/Smart_Data_Import_Engine/vendor/laravel/framework/src/Illuminate/Foundation/Http/Middleware/TransformsRequest.php(21): Illuminate/Pipeline/Pipeline->Illuminate/Pipeline/{closure}(Object(Illuminate/Http/Request))
#17 C:/Users/Dell/Music/Smart_Data_Import_Engine/vendor/laravel/framework/src/Illuminate/Foundation/Http/Middleware/ConvertEmptyStringsToNull.php(31): Illuminate/Foundation/Http/Middleware/TransformsRequest->handle(Object(Illuminate/Http/Request), Object(Closure))
#18 C:/Users/Dell/Music/Smart_Data_Import_Engine/vendor/laravel/framework/src/Illuminate/Pipeline/Pipeline.php(183): Illuminate/Foundation/Http/Middleware/ConvertEmptyStringsToNull->handle(Object(Illuminate/Http/Request), Object(Closure))
#19 C:/Users/Dell/Music/Smart_Data_Import_Engine/vendor/laravel/framework/src/Illuminate/Foundation/Http/Middleware/ValidatePostSize.php(27): Illuminate/Pipeline/Pipeline->Illuminate/Pipeline/{closure}(Object(Illuminate/Http/Request))
#20 C:/Users/Dell/Music/Smart_Data_Import_Engine/vendor/laravel/framework/src/Illuminate/Pipeline/Pipeline.php(183): Illuminate/Foundation/Http/Middleware/ValidatePostSize->handle(Object(Illuminate/Http/Request), Object(Closure))
#21 C:/Users/Dell/Music/Smart_Data_Import_Engine/vendor/laravel/framework/src/Illuminate/Http/Middleware/HandleCors.php(49): Illuminate/Pipeline/Pipeline->Illuminate/Pipeline/{closure}(Object(Illuminate/Http/Request))
#22 C:/Users/Dell/Music/Smart_Data_Import_Engine/vendor/laravel/framework/src/Illuminate/Pipeline/Pipeline.php(183): Illuminate/Http/Middleware/HandleCors->handle(Object(Illuminate/Http/Request), Object(Closure))
#23 C:/Users/Dell/Music/Smart_Data_Import_Engine/vendor/laravel/framework/src/Illuminate/Pipeline/Pipeline.php(119): Illuminate/Pipeline/Pipeline->Illuminate/Pipeline/{closure}(Object(Illuminate/Http/Request))
#24 C:/Users/Dell/Music/Smart_Data_Import_Engine/vendor/laravel/framework/src/Illuminate/Foundation/Http/Kernel.php(175): Illuminate/Pipeline/Pipeline->then(Object(Closure))
#25 C:/Users/Dell/Music/Smart_Data_Import_Engine/vendor/laravel/framework/src/Illuminate/Foundation/Http/Kernel.php(144): Illuminate/Foundation/Http/Kernel->sendRequestThroughRouter(Object(Illuminate/Http/Request))
#26 C:/Users/Dell/Music/Smart_Data_Import_Engine/public/index.php(18): Illuminate/Foundation/Http/Kernel->handle(Object(Illuminate/Http/Request))
#27 C:/Users/Dell/Music/Smart_Data_Import_Engine/vendor/laravel/framework/src/Illuminate/Foundation/resources/server.php(16): require_once('C://Users//Dell//M...')
#28 {main}
"} 
[2026-04-29 06:34:20] laravel.ERROR: Trying to access array offset on value of type null {"exception":"[object] (ErrorException(code: 0): Trying to access array offset on value of type null at C:/Users/Dell/Music/Smart_Data_Import_Engine/vendor/laravel/framework/src/Illuminate/Cookie/CookieServiceProvider.php:20)
[stacktrace]
#0 C:/Users/Dell/Music/Smart_Data_Import_Engine/vendor/laravel/framework/src/Illuminate/Foundation/Bootstrap/HandleExceptions.php(255): Illuminate/Foundation/Bootstrap/HandleExceptions->handleError(2, 'Trying to acces...', 'C://Users//Dell//M...', 20)
#1 C:/Users/Dell/Music/Smart_Data_Import_Engine/vendor/laravel/framework/src/Illuminate/Cookie/CookieServiceProvider.php(20): Illuminate/Foundation/Bootstrap/HandleExceptions->Illuminate/Foundation/Bootstrap/{closure}(2, 'Trying to acces...', 'C://Users//Dell//M...', 20)
#2 C:/Users/Dell/Music/Smart_Data_Import_Engine/vendor/laravel/framework/src/Illuminate/Container/Container.php(908): Illuminate/Cookie/CookieServiceProvider->Illuminate/Cookie/{closure}(Object(Illuminate/Foundation/Application), Array)
#3 C:/Users/Dell/Music/Smart_Data_Import_Engine/vendor/laravel/framework/src/Illuminate/Container/Container.php(795): Illuminate/Container/Container->build(Object(Closure))
#4 C:/Users/Dell/Music/Smart_Data_Import_Engine/vendor/laravel/framework/src/Illuminate/Foundation/Application.php(986): Illuminate/Container/Container->resolve('cookie', Array, true)
#5 C:/Users/Dell/Music/Smart_Data_Import_Engine/vendor/laravel/framework/src/Illuminate/Container/Container.php(731): Illuminate/Foundation/Application->resolve('cookie', Array)
#6 C:/Users/Dell/Music/Smart_Data_Import_Engine/vendor/laravel/framework/src/Illuminate/Foundation/Application.php(971): Illuminate/Container/Container->make('cookie', Array)
#7 C:/Users/Dell/Music/Smart_Data_Import_Engine/vendor/laravel/framework/src/Illuminate/Container/Container.php(1066): Illuminate/Foundation/Application->make('cookie')
#8 C:/Users/Dell/Music/Smart_Data_Import_Engine/vendor/laravel/framework/src/Illuminate/Container/Container.php(982): Illuminate/Container/Container->resolveClass(Object(ReflectionParameter))
#9 C:/Users/Dell/Music/Smart_Data_Import_Engine/vendor/laravel/framework/src/Illuminate/Container/Container.php(943): Illuminate/Container/Container->resolveDependencies(Array)
#10 C:/Users/Dell/Music/Smart_Data_Import_Engine/vendor/laravel/framework/src/Illuminate/Container/Container.php(795): Illuminate/Container/Container->build('Illuminate//Cook...')
#11 C:/Users/Dell/Music/Smart_Data_Import_Engine/vendor/laravel/framework/src/Illuminate/Foundation/Application.php(986): Illuminate/Container/Container->resolve('Illuminate//Cook...', Array, true)
#12 C:/Users/Dell/Music/Smart_Data_Import_Engine/vendor/laravel/framework/src/Illuminate/Container/Container.php(731): Illuminate/Foundation/Application->resolve('Illuminate//Cook...', Array)
#13 C:/Users/Dell/Music/Smart_Data_Import_Engine/vendor/laravel/framework/src/Illuminate/Foundation/Application.php(971): Illuminate/Container/Container->make('Illuminate//Cook...', Array)
#14 C:/Users/Dell/Music/Smart_Data_Import_Engine/vendor/laravel/framework/src/Illuminate/Pipeline/Pipeline.php(172): Illuminate/Foundation/Application->make('Illuminate//Cook...')
#15 C:/Users/Dell/Music/Smart_Data_Import_Engine/vendor/laravel/framework/src/Illuminate/Cookie/Middleware/EncryptCookies.php(67): Illuminate/Pipeline/Pipeline->Illuminate/Pipeline/{closure}(Object(Illuminate/Http/Request))
#16 C:/Users/Dell/Music/Smart_Data_Import_Engine/vendor/laravel/framework/src/Illuminate/Pipeline/Pipeline.php(183): Illuminate/Cookie/Middleware/EncryptCookies->handle(Object(Illuminate/Http/Request), Object(Closure))
#17 C:/Users/Dell/Music/Smart_Data_Import_Engine/vendor/laravel/framework/src/Illuminate/Pipeline/Pipeline.php(119): Illuminate/Pipeline/Pipeline->Illuminate/Pipeline/{closure}(Object(Illuminate/Http/Request))
#18 C:/Users/Dell/Music/Smart_Data_Import_Engine/vendor/laravel/framework/src/Illuminate/Routing/Router.php(805): Illuminate/Pipeline/Pipeline->then(Object(Closure))
#19 C:/Users/Dell/Music/Smart_Data_Import_Engine/vendor/laravel/framework/src/Illuminate/Routing/Router.php(784): Illuminate/Routing/Router->runRouteWithinStack(Object(Illuminate/Routing/Route), Object(Illuminate/Http/Request))
#20 C:/Users/Dell/Music/Smart_Data_Import_Engine/vendor/laravel/framework/src/Illuminate/Routing/Router.php(748): Illuminate/Routing/Router->runRoute(Object(Illuminate/Http/Request), Object(Illuminate/Routing/Route))
#21 C:/Users/Dell/Music/Smart_Data_Import_Engine/vendor/laravel/framework/src/Illuminate/Routing/Router.php(737): Illuminate/Routing/Router->dispatchToRoute(Object(Illuminate/Http/Request))
#22 C:/Users/Dell/Music/Smart_Data_Import_Engine/vendor/laravel/framework/src/Illuminate/Foundation/Http/Kernel.php(200): Illuminate/Routing/Router->dispatch(Object(Illuminate/Http/Request))
#23 C:/Users/Dell/Music/Smart_Data_Import_Engine/vendor/laravel/framework/src/Illuminate/Pipeline/Pipeline.php(144): Illuminate/Foundation/Http/Kernel->Illuminate/Foundation/Http/{closure}(Object(Illuminate/Http/Request))
#24 C:/Users/Dell/Music/Smart_Data_Import_Engine/vendor/laravel/framework/src/Illuminate/Foundation/Http/Middleware/TransformsRequest.php(21): Illuminate/Pipeline/Pipeline->Illuminate/Pipeline/{closure}(Object(Illuminate/Http/Request))
#25 C:/Users/Dell/Music/Smart_Data_Import_Engine/vendor/laravel/framework/src/Illuminate/Foundation/Http/Middleware/ConvertEmptyStringsToNull.php(31): Illuminate/Foundation/Http/Middleware/TransformsRequest->handle(Object(Illuminate/Http/Request), Object(Closure))
#26 C:/Users/Dell/Music/Smart_Data_Import_Engine/vendor/laravel/framework/src/Illuminate/Pipeline/Pipeline.php(183): Illuminate/Foundation/Http/Middleware/ConvertEmptyStringsToNull->handle(Object(Illuminate/Http/Request), Object(Closure))
#27 C:/Users/Dell/Music/Smart_Data_Import_Engine/vendor/laravel/framework/src/Illuminate/Foundation/Http/Middleware/ValidatePostSize.php(27): Illuminate/Pipeline/Pipeline->Illuminate/Pipeline/{closure}(Object(Illuminate/Http/Request))
#28 C:/Users/Dell/Music/Smart_Data_Import_Engine/vendor/laravel/framework/src/Illuminate/Pipeline/Pipeline.php(183): Illuminate/Foundation/Http/Middleware/ValidatePostSize->handle(Object(Illuminate/Http/Request), Object(Closure))
#29 C:/Users/Dell/Music/Smart_Data_Import_Engine/vendor/laravel/framework/src/Illuminate/Http/Middleware/HandleCors.php(49): Illuminate/Pipeline/Pipeline->Illuminate/Pipeline/{closure}(Object(Illuminate/Http/Request))
#30 C:/Users/Dell/Music/Smart_Data_Import_Engine/vendor/laravel/framework/src/Illuminate/Pipeline/Pipeline.php(183): Illuminate/Http/Middleware/HandleCors->handle(Object(Illuminate/Http/Request), Object(Closure))
#31 C:/Users/Dell/Music/Smart_Data_Import_Engine/vendor/laravel/framework/src/Illuminate/Pipeline/Pipeline.php(119): Illuminate/Pipeline/Pipeline->Illuminate/Pipeline/{closure}(Object(Illuminate/Http/Request))
#32 C:/Users/Dell/Music/Smart_Data_Import_Engine/vendor/laravel/framework/src/Illuminate/Foundation/Http/Kernel.php(175): Illuminate/Pipeline/Pipeline->then(Object(Closure))
#33 C:/Users/Dell/Music/Smart_Data_Import_Engine/vendor/laravel/framework/src/Illuminate/Foundation/Http/Kernel.php(144): Illuminate/Foundation/Http/Kernel->sendRequestThroughRouter(Object(Illuminate/Http/Request))
#34 C:/Users/Dell/Music/Smart_Data_Import_Engine/public/index.php(18): Illuminate/Foundation/Http/Kernel->handle(Object(Illuminate/Http/Request))
#35 C:/Users/Dell/Music/Smart_Data_Import_Engine/vendor/laravel/framework/src/Illuminate/Foundation/resources/server.php(16): require_once('C://Users//Dell//M...')
#36 {main}
"} 
[2026-04-29 06:34:21] laravel.EMERGENCY: Unable to create configured logger. Using emergency logger. {"exception":"[object] (InvalidArgumentException(code: 0): Log [] is not defined. at C:/Users/Dell/Music/Smart_Data_Import_Engine/vendor/laravel/framework/src/Illuminate/Log/LogManager.php:212)
[stacktrace]
#0 C:/Users/Dell/Music/Smart_Data_Import_Engine/vendor/laravel/framework/src/Illuminate/Log/LogManager.php(137): Illuminate/Log/LogManager->resolve(NULL, NULL)
#1 C:/Users/Dell/Music/Smart_Data_Import_Engine/vendor/laravel/framework/src/Illuminate/Log/LogManager.php(124): Illuminate/Log/LogManager->get(NULL)
#2 C:/Users/Dell/Music/Smart_Data_Import_Engine/vendor/laravel/framework/src/Illuminate/Log/LogManager.php(681): Illuminate/Log/LogManager->driver()
#3 C:/Users/Dell/Music/Smart_Data_Import_Engine/vendor/laravel/framework/src/Illuminate/Foundation/Exceptions/Handler.php(317): Illuminate/Log/LogManager->error('Trying to acces...', Array)
#4 C:/Users/Dell/Music/Smart_Data_Import_Engine/vendor/laravel/framework/src/Illuminate/Foundation/Exceptions/Handler.php(278): Illuminate/Foundation/Exceptions/Handler->reportThrowable(Object(ErrorException))
#5 C:/Users/Dell/Music/Smart_Data_Import_Engine/vendor/laravel/framework/src/Illuminate/Foundation/Bootstrap/HandleExceptions.php(183): Illuminate/Foundation/Exceptions/Handler->report(Object(ErrorException))
#6 C:/Users/Dell/Music/Smart_Data_Import_Engine/vendor/laravel/framework/src/Illuminate/Foundation/Bootstrap/HandleExceptions.php(255): Illuminate/Foundation/Bootstrap/HandleExceptions->handleException(Object(ErrorException))
#7 [internal function]: Illuminate/Foundation/Bootstrap/HandleExceptions->Illuminate/Foundation/Bootstrap/{closure}(Object(ErrorException))
#8 {main}
"} 
[2026-04-29 06:34:21] laravel.ERROR: Trying to access array offset on value of type null {"exception":"[object] (ErrorException(code: 0): Trying to access array offset on value of type null at C:/Users/Dell/Music/Smart_Data_Import_Engine/vendor/laravel/framework/src/Illuminate/Cookie/CookieServiceProvider.php:20)
[stacktrace]
#0 C:/Users/Dell/Music/Smart_Data_Import_Engine/vendor/laravel/framework/src/Illuminate/Foundation/Bootstrap/HandleExceptions.php(255): Illuminate/Foundation/Bootstrap/HandleExceptions->handleError(2, 'Trying to acces...', 'C://Users//Dell//M...', 20)
#1 C:/Users/Dell/Music/Smart_Data_Import_Engine/vendor/laravel/framework/src/Illuminate/Cookie/CookieServiceProvider.php(20): Illuminate/Foundation/Bootstrap/HandleExceptions->Illuminate/Foundation/Bootstrap/{closure}(2, 'Trying to acces...', 'C://Users//Dell//M...', 20)
#2 C:/Users/Dell/Music/Smart_Data_Import_Engine/vendor/laravel/framework/src/Illuminate/Container/Container.php(908): Illuminate/Cookie/CookieServiceProvider->Illuminate/Cookie/{closure}(Object(Illuminate/Foundation/Application), Array)
#3 C:/Users/Dell/Music/Smart_Data_Import_Engine/vendor/laravel/framework/src/Illuminate/Container/Container.php(795): Illuminate/Container/Container->build(Object(Closure))
#4 C:/Users/Dell/Music/Smart_Data_Import_Engine/vendor/laravel/framework/src/Illuminate/Foundation/Application.php(986): Illuminate/Container/Container->resolve('cookie', Array, true)
#5 C:/Users/Dell/Music/Smart_Data_Import_Engine/vendor/laravel/framework/src/Illuminate/Container/Container.php(731): Illuminate/Foundation/Application->resolve('cookie', Array)
#6 C:/Users/Dell/Music/Smart_Data_Import_Engine/vendor/laravel/framework/src/Illuminate/Foundation/Application.php(971): Illuminate/Container/Container->make('cookie', Array)
#7 C:/Users/Dell/Music/Smart_Data_Import_Engine/vendor/laravel/framework/src/Illuminate/Container/Container.php(1066): Illuminate/Foundation/Application->make('cookie')
#8 C:/Users/Dell/Music/Smart_Data_Import_Engine/vendor/laravel/framework/src/Illuminate/Container/Container.php(982): Illuminate/Container/Container->resolveClass(Object(ReflectionParameter))
#9 C:/Users/Dell/Music/Smart_Data_Import_Engine/vendor/laravel/framework/src/Illuminate/Container/Container.php(943): Illuminate/Container/Container->resolveDependencies(Array)
#10 C:/Users/Dell/Music/Smart_Data_Import_Engine/vendor/laravel/framework/src/Illuminate/Container/Container.php(795): Illuminate/Container/Container->build('Illuminate//Cook...')
#11 C:/Users/Dell/Music/Smart_Data_Import_Engine/vendor/laravel/framework/src/Illuminate/Foundation/Application.php(986): Illuminate/Container/Container->resolve('Illuminate//Cook...', Array, true)
#12 C:/Users/Dell/Music/Smart_Data_Import_Engine/vendor/laravel/framework/src/Illuminate/Container/Container.php(731): Illuminate/Foundation/Application->resolve('Illuminate//Cook...', Array)
#13 C:/Users/Dell/Music/Smart_Data_Import_Engine/vendor/laravel/framework/src/Illuminate/Foundation/Application.php(971): Illuminate/Container/Container->make('Illuminate//Cook...', Array)
#14 C:/Users/Dell/Music/Smart_Data_Import_Engine/vendor/laravel/framework/src/Illuminate/Foundation/Http/Kernel.php(255): Illuminate/Foundation/Application->make('Illuminate//Cook...')
#15 C:/Users/Dell/Music/Smart_Data_Import_Engine/vendor/laravel/framework/src/Illuminate/Foundation/Http/Kernel.php(213): Illuminate/Foundation/Http/Kernel->terminateMiddleware(Object(Illuminate/Http/Request), Object(Illuminate/Http/Response))
#16 C:/Users/Dell/Music/Smart_Data_Import_Engine/public/index.php(22): Illuminate/Foundation/Http/Kernel->terminate(Object(Illuminate/Http/Request), Object(Illuminate/Http/Response))
#17 C:/Users/Dell/Music/Smart_Data_Import_Engine/vendor/laravel/framework/src/Illuminate/Foundation/resources/server.php(16): require_once('C://Users//Dell//M...')
#18 {main}
"} 
[2026-04-29 06:34:21] laravel.EMERGENCY: Unable to create configured logger. Using emergency logger. {"exception":"[object] (InvalidArgumentException(code: 0): Log [] is not defined. at C:/Users/Dell/Music/Smart_Data_Import_Engine/vendor/laravel/framework/src/Illuminate/Log/LogManager.php:212)
[stacktrace]
#0 C:/Users/Dell/Music/Smart_Data_Import_Engine/vendor/laravel/framework/src/Illuminate/Log/LogManager.php(137): Illuminate/Log/LogManager->resolve(NULL, NULL)
#1 C:/Users/Dell/Music/Smart_Data_Import_Engine/vendor/laravel/framework/src/Illuminate/Log/LogManager.php(124): Illuminate/Log/LogManager->get(NULL)
#2 C:/Users/Dell/Music/Smart_Data_Import_Engine/vendor/laravel/framework/src/Illuminate/Log/LogManager.php(681): Illuminate/Log/LogManager->driver()
#3 C:/Users/Dell/Music/Smart_Data_Import_Engine/vendor/laravel/framework/src/Illuminate/Foundation/Exceptions/Handler.php(317): Illuminate/Log/LogManager->error('Illuminate//View...', Array)
#4 C:/Users/Dell/Music/Smart_Data_Import_Engine/vendor/laravel/framework/src/Illuminate/Foundation/Exceptions/Handler.php(278): Illuminate/Foundation/Exceptions/Handler->reportThrowable(Object(TypeError))
#5 C:/Users/Dell/Music/Smart_Data_Import_Engine/vendor/laravel/framework/src/Illuminate/Routing/Pipeline.php(49): Illuminate/Foundation/Exceptions/Handler->report(Object(TypeError))
#6 C:/Users/Dell/Music/Smart_Data_Import_Engine/vendor/laravel/framework/src/Illuminate/Pipeline/Pipeline.php(188): Illuminate/Routing/Pipeline->handleException(Object(Illuminate/Http/Request), Object(TypeError))
#7 C:/Users/Dell/Music/Smart_Data_Import_Engine/vendor/laravel/framework/src/Illuminate/Foundation/Http/Middleware/ValidatePostSize.php(27): Illuminate/Pipeline/Pipeline->Illuminate/Pipeline/{closure}(Object(Illuminate/Http/Request))
#8 C:/Users/Dell/Music/Smart_Data_Import_Engine/vendor/laravel/framework/src/Illuminate/Pipeline/Pipeline.php(183): Illuminate/Foundation/Http/Middleware/ValidatePostSize->handle(Object(Illuminate/Http/Request), Object(Closure))
#9 C:/Users/Dell/Music/Smart_Data_Import_Engine/vendor/laravel/framework/src/Illuminate/Http/Middleware/HandleCors.php(49): Illuminate/Pipeline/Pipeline->Illuminate/Pipeline/{closure}(Object(Illuminate/Http/Request))
#10 C:/Users/Dell/Music/Smart_Data_Import_Engine/vendor/laravel/framework/src/Illuminate/Pipeline/Pipeline.php(183): Illuminate/Http/Middleware/HandleCors->handle(Object(Illuminate/Http/Request), Object(Closure))
#11 C:/Users/Dell/Music/Smart_Data_Import_Engine/vendor/laravel/framework/src/Illuminate/Pipeline/Pipeline.php(119): Illuminate/Pipeline/Pipeline->Illuminate/Pipeline/{closure}(Object(Illuminate/Http/Request))
#12 C:/Users/Dell/Music/Smart_Data_Import_Engine/vendor/laravel/framework/src/Illuminate/Foundation/Http/Kernel.php(175): Illuminate/Pipeline/Pipeline->then(Object(Closure))
#13 C:/Users/Dell/Music/Smart_Data_Import_Engine/vendor/laravel/framework/src/Illuminate/Foundation/Http/Kernel.php(144): Illuminate/Foundation/Http/Kernel->sendRequestThroughRouter(Object(Illuminate/Http/Request))
#14 C:/Users/Dell/Music/Smart_Data_Import_Engine/public/index.php(18): Illuminate/Foundation/Http/Kernel->handle(Object(Illuminate/Http/Request))
#15 C:/Users/Dell/Music/Smart_Data_Import_Engine/vendor/laravel/framework/src/Illuminate/Foundation/resources/server.php(16): require_once('C://Users//Dell//M...')
#16 {main}
"} 
[2026-04-29 06:34:21] laravel.ERROR: Illuminate\View\FileViewFinder::__construct(): Argument #2 ($paths) must be of type array, null given, called in C:\Users\Dell\Music\Smart_Data_Import_Engine\vendor\laravel\framework\src\Illuminate\View\ViewServiceProvider.php on line 85 {"exception":"[object] (TypeError(code: 0): Illuminate\\View\\FileViewFinder::__construct(): Argument #2 ($paths) must be of type array, null given, called in C:\\Users\\Dell\\Music\\Smart_Data_Import_Engine\\vendor\\laravel\\framework\\src\\Illuminate\\View\\ViewServiceProvider.php on line 85 at C:/Users/Dell/Music/Smart_Data_Import_Engine/vendor/laravel/framework/src/Illuminate/View/FileViewFinder.php:53)
[stacktrace]
#0 C:/Users/Dell/Music/Smart_Data_Import_Engine/vendor/laravel/framework/src/Illuminate/View/ViewServiceProvider.php(85): Illuminate/View/FileViewFinder->__construct(Object(Illuminate/Filesystem/Filesystem), NULL)
#1 C:/Users/Dell/Music/Smart_Data_Import_Engine/vendor/laravel/framework/src/Illuminate/Container/Container.php(908): Illuminate/View/ViewServiceProvider->Illuminate/View/{closure}(Object(Illuminate/Foundation/Application), Array)
#2 C:/Users/Dell/Music/Smart_Data_Import_Engine/vendor/laravel/framework/src/Illuminate/Container/Container.php(795): Illuminate/Container/Container->build(Object(Closure))
#3 C:/Users/Dell/Music/Smart_Data_Import_Engine/vendor/laravel/framework/src/Illuminate/Foundation/Application.php(986): Illuminate/Container/Container->resolve('view.finder', Array, true)
#4 C:/Users/Dell/Music/Smart_Data_Import_Engine/vendor/laravel/framework/src/Illuminate/Container/Container.php(731): Illuminate/Foundation/Application->resolve('view.finder', Array)
#5 C:/Users/Dell/Music/Smart_Data_Import_Engine/vendor/laravel/framework/src/Illuminate/Foundation/Application.php(971): Illuminate/Container/Container->make('view.finder', Array)
#6 C:/Users/Dell/Music/Smart_Data_Import_Engine/vendor/laravel/framework/src/Illuminate/Container/Container.php(1454): Illuminate/Foundation/Application->make('view.finder')
#7 C:/Users/Dell/Music/Smart_Data_Import_Engine/vendor/laravel/framework/src/Illuminate/View/ViewServiceProvider.php(45): Illuminate/Container/Container->offsetGet('view.finder')
#8 C:/Users/Dell/Music/Smart_Data_Import_Engine/vendor/laravel/framework/src/Illuminate/Container/Container.php(908): Illuminate/View/ViewServiceProvider->Illuminate/View/{closure}(Object(Illuminate/Foundation/Application), Array)
#9 C:/Users/Dell/Music/Smart_Data_Import_Engine/vendor/laravel/framework/src/Illuminate/Container/Container.php(795): Illuminate/Container/Container->build(Object(Closure))
#10 C:/Users/Dell/Music/Smart_Data_Import_Engine/vendor/laravel/framework/src/Illuminate/Foundation/Application.php(986): Illuminate/Container/Container->resolve('view', Array, true)
#11 C:/Users/Dell/Music/Smart_Data_Import_Engine/vendor/laravel/framework/src/Illuminate/Container/Container.php(731): Illuminate/Foundation/Application->resolve('view', Array)
#12 C:/Users/Dell/Music/Smart_Data_Import_Engine/vendor/laravel/framework/src/Illuminate/Foundation/Application.php(971): Illuminate/Container/Container->make('view', Array)
#13 C:/Users/Dell/Music/Smart_Data_Import_Engine/vendor/laravel/framework/src/Illuminate/Container/Container.php(1454): Illuminate/Foundation/Application->make('view')
#14 C:/Users/Dell/Music/Smart_Data_Import_Engine/vendor/laravel/framework/src/Illuminate/Support/Facades/Facade.php(237): Illuminate/Container/Container->offsetGet('view')
#15 C:/Users/Dell/Music/Smart_Data_Import_Engine/vendor/laravel/framework/src/Illuminate/Support/Facades/Facade.php(208): Illuminate/Support/Facades/Facade::resolveFacadeInstance('view')
#16 C:/Users/Dell/Music/Smart_Data_Import_Engine/vendor/laravel/framework/src/Illuminate/Support/Facades/Facade.php(349): Illuminate/Support/Facades/Facade::getFacadeRoot()
#17 C:/Users/Dell/Music/Smart_Data_Import_Engine/vendor/laravel/framework/src/Illuminate/Foundation/Exceptions/RegisterErrorViewPaths.php(16): Illuminate/Support/Facades/Facade::__callStatic('replaceNamespac...', Array)
#18 C:/Users/Dell/Music/Smart_Data_Import_Engine/vendor/laravel/framework/src/Illuminate/Foundation/Exceptions/Handler.php(744): Illuminate/Foundation/Exceptions/RegisterErrorViewPaths->__invoke()
#19 C:/Users/Dell/Music/Smart_Data_Import_Engine/vendor/laravel/framework/src/Illuminate/Foundation/Exceptions/Handler.php(719): Illuminate/Foundation/Exceptions/Handler->registerErrorViewPaths()
#20 C:/Users/Dell/Music/Smart_Data_Import_Engine/vendor/laravel/framework/src/Illuminate/Foundation/Exceptions/Handler.php(650): Illuminate/Foundation/Exceptions/Handler->renderHttpException(Object(Symfony/Component/HttpKernel/Exception/NotFoundHttpException))
#21 C:/Users/Dell/Music/Smart_Data_Import_Engine/vendor/laravel/framework/src/Illuminate/Foundation/Exceptions/Handler.php(556): Illuminate/Foundation/Exceptions/Handler->prepareResponse(Object(Illuminate/Http/Request), Object(Symfony/Component/HttpKernel/Exception/NotFoundHttpException))
#22 C:/Users/Dell/Music/Smart_Data_Import_Engine/vendor/laravel/framework/src/Illuminate/Foundation/Exceptions/Handler.php(473): Illuminate/Foundation/Exceptions/Handler->renderExceptionResponse(Object(Illuminate/Http/Request), Object(Symfony/Component/HttpKernel/Exception/NotFoundHttpException))
#23 C:/Users/Dell/Music/Smart_Data_Import_Engine/vendor/laravel/framework/src/Illuminate/Routing/Pipeline.php(51): Illuminate/Foundation/Exceptions/Handler->render(Object(Illuminate/Http/Request), Object(Symfony/Component/HttpKernel/Exception/NotFoundHttpException))
#24 C:/Users/Dell/Music/Smart_Data_Import_Engine/vendor/laravel/framework/src/Illuminate/Pipeline/Pipeline.php(146): Illuminate/Routing/Pipeline->handleException(Object(Illuminate/Http/Request), Object(Symfony/Component/HttpKernel/Exception/NotFoundHttpException))
#25 C:/Users/Dell/Music/Smart_Data_Import_Engine/vendor/laravel/framework/src/Illuminate/Foundation/Http/Middleware/TransformsRequest.php(21): Illuminate/Pipeline/Pipeline->Illuminate/Pipeline/{closure}(Object(Illuminate/Http/Request))
#26 C:/Users/Dell/Music/Smart_Data_Import_Engine/vendor/laravel/framework/src/Illuminate/Foundation/Http/Middleware/ConvertEmptyStringsToNull.php(31): Illuminate/Foundation/Http/Middleware/TransformsRequest->handle(Object(Illuminate/Http/Request), Object(Closure))
#27 C:/Users/Dell/Music/Smart_Data_Import_Engine/vendor/laravel/framework/src/Illuminate/Pipeline/Pipeline.php(183): Illuminate/Foundation/Http/Middleware/ConvertEmptyStringsToNull->handle(Object(Illuminate/Http/Request), Object(Closure))
#28 C:/Users/Dell/Music/Smart_Data_Import_Engine/vendor/laravel/framework/src/Illuminate/Foundation/Http/Middleware/ValidatePostSize.php(27): Illuminate/Pipeline/Pipeline->Illuminate/Pipeline/{closure}(Object(Illuminate/Http/Request))
#29 C:/Users/Dell/Music/Smart_Data_Import_Engine/vendor/laravel/framework/src/Illuminate/Pipeline/Pipeline.php(183): Illuminate/Foundation/Http/Middleware/ValidatePostSize->handle(Object(Illuminate/Http/Request), Object(Closure))
#30 C:/Users/Dell/Music/Smart_Data_Import_Engine/vendor/laravel/framework/src/Illuminate/Http/Middleware/HandleCors.php(49): Illuminate/Pipeline/Pipeline->Illuminate/Pipeline/{closure}(Object(Illuminate/Http/Request))
#31 C:/Users/Dell/Music/Smart_Data_Import_Engine/vendor/laravel/framework/src/Illuminate/Pipeline/Pipeline.php(183): Illuminate/Http/Middleware/HandleCors->handle(Object(Illuminate/Http/Request), Object(Closure))
#32 C:/Users/Dell/Music/Smart_Data_Import_Engine/vendor/laravel/framework/src/Illuminate/Pipeline/Pipeline.php(119): Illuminate/Pipeline/Pipeline->Illuminate/Pipeline/{closure}(Object(Illuminate/Http/Request))
#33 C:/Users/Dell/Music/Smart_Data_Import_Engine/vendor/laravel/framework/src/Illuminate/Foundation/Http/Kernel.php(175): Illuminate/Pipeline/Pipeline->then(Object(Closure))
#34 C:/Users/Dell/Music/Smart_Data_Import_Engine/vendor/laravel/framework/src/Illuminate/Foundation/Http/Kernel.php(144): Illuminate/Foundation/Http/Kernel->sendRequestThroughRouter(Object(Illuminate/Http/Request))
#35 C:/Users/Dell/Music/Smart_Data_Import_Engine/public/index.php(18): Illuminate/Foundation/Http/Kernel->handle(Object(Illuminate/Http/Request))
#36 C:/Users/Dell/Music/Smart_Data_Import_Engine/vendor/laravel/framework/src/Illuminate/Foundation/resources/server.php(16): require_once('C://Users//Dell//M...')
#37 {main}
"} 
[2026-04-29 06:34:22] laravel.EMERGENCY: Unable to create configured logger. Using emergency logger. {"exception":"[object] (InvalidArgumentException(code: 0): Log [] is not defined. at C:/Users/Dell/Music/Smart_Data_Import_Engine/vendor/laravel/framework/src/Illuminate/Log/LogManager.php:212)
[stacktrace]
#0 C:/Users/Dell/Music/Smart_Data_Import_Engine/vendor/laravel/framework/src/Illuminate/Log/LogManager.php(137): Illuminate/Log/LogManager->resolve(NULL, NULL)
#1 C:/Users/Dell/Music/Smart_Data_Import_Engine/vendor/laravel/framework/src/Illuminate/Log/LogManager.php(124): Illuminate/Log/LogManager->get(NULL)
#2 C:/Users/Dell/Music/Smart_Data_Import_Engine/vendor/laravel/framework/src/Illuminate/Log/LogManager.php(681): Illuminate/Log/LogManager->driver()
#3 C:/Users/Dell/Music/Smart_Data_Import_Engine/vendor/laravel/framework/src/Illuminate/Foundation/Exceptions/Handler.php(317): Illuminate/Log/LogManager->error('Illuminate//View...', Array)
#4 C:/Users/Dell/Music/Smart_Data_Import_Engine/vendor/laravel/framework/src/Illuminate/Foundation/Exceptions/Handler.php(278): Illuminate/Foundation/Exceptions/Handler->reportThrowable(Object(TypeError))
#5 C:/Users/Dell/Music/Smart_Data_Import_Engine/vendor/laravel/framework/src/Illuminate/Routing/Pipeline.php(49): Illuminate/Foundation/Exceptions/Handler->report(Object(TypeError))
#6 C:/Users/Dell/Music/Smart_Data_Import_Engine/vendor/laravel/framework/src/Illuminate/Pipeline/Pipeline.php(188): Illuminate/Routing/Pipeline->handleException(Object(Illuminate/Http/Request), Object(TypeError))
#7 C:/Users/Dell/Music/Smart_Data_Import_Engine/vendor/laravel/framework/src/Illuminate/Foundation/Http/Middleware/ValidatePostSize.php(27): Illuminate/Pipeline/Pipeline->Illuminate/Pipeline/{closure}(Object(Illuminate/Http/Request))
#8 C:/Users/Dell/Music/Smart_Data_Import_Engine/vendor/laravel/framework/src/Illuminate/Pipeline/Pipeline.php(183): Illuminate/Foundation/Http/Middleware/ValidatePostSize->handle(Object(Illuminate/Http/Request), Object(Closure))
#9 C:/Users/Dell/Music/Smart_Data_Import_Engine/vendor/laravel/framework/src/Illuminate/Http/Middleware/HandleCors.php(49): Illuminate/Pipeline/Pipeline->Illuminate/Pipeline/{closure}(Object(Illuminate/Http/Request))
#10 C:/Users/Dell/Music/Smart_Data_Import_Engine/vendor/laravel/framework/src/Illuminate/Pipeline/Pipeline.php(183): Illuminate/Http/Middleware/HandleCors->handle(Object(Illuminate/Http/Request), Object(Closure))
#11 C:/Users/Dell/Music/Smart_Data_Import_Engine/vendor/laravel/framework/src/Illuminate/Pipeline/Pipeline.php(119): Illuminate/Pipeline/Pipeline->Illuminate/Pipeline/{closure}(Object(Illuminate/Http/Request))
#12 C:/Users/Dell/Music/Smart_Data_Import_Engine/vendor/laravel/framework/src/Illuminate/Foundation/Http/Kernel.php(175): Illuminate/Pipeline/Pipeline->then(Object(Closure))
#13 C:/Users/Dell/Music/Smart_Data_Import_Engine/vendor/laravel/framework/src/Illuminate/Foundation/Http/Kernel.php(144): Illuminate/Foundation/Http/Kernel->sendRequestThroughRouter(Object(Illuminate/Http/Request))
#14 C:/Users/Dell/Music/Smart_Data_Import_Engine/public/index.php(18): Illuminate/Foundation/Http/Kernel->handle(Object(Illuminate/Http/Request))
#15 C:/Users/Dell/Music/Smart_Data_Import_Engine/vendor/laravel/framework/src/Illuminate/Foundation/resources/server.php(16): require_once('C://Users//Dell//M...')
#16 {main}
"} 
[2026-04-29 06:34:22] laravel.ERROR: Illuminate\View\FileViewFinder::__construct(): Argument #2 ($paths) must be of type array, null given, called in C:\Users\Dell\Music\Smart_Data_Import_Engine\vendor\laravel\framework\src\Illuminate\View\ViewServiceProvider.php on line 85 {"exception":"[object] (TypeError(code: 0): Illuminate\\View\\FileViewFinder::__construct(): Argument #2 ($paths) must be of type array, null given, called in C:\\Users\\Dell\\Music\\Smart_Data_Import_Engine\\vendor\\laravel\\framework\\src\\Illuminate\\View\\ViewServiceProvider.php on line 85 at C:/Users/Dell/Music/Smart_Data_Import_Engine/vendor/laravel/framework/src/Illuminate/View/FileViewFinder.php:53)
[stacktrace]
#0 C:/Users/Dell/Music/Smart_Data_Import_Engine/vendor/laravel/framework/src/Illuminate/View/ViewServiceProvider.php(85): Illuminate/View/FileViewFinder->__construct(Object(Illuminate/Filesystem/Filesystem), NULL)
#1 C:/Users/Dell/Music/Smart_Data_Import_Engine/vendor/laravel/framework/src/Illuminate/Container/Container.php(908): Illuminate/View/ViewServiceProvider->Illuminate/View/{closure}(Object(Illuminate/Foundation/Application), Array)
#2 C:/Users/Dell/Music/Smart_Data_Import_Engine/vendor/laravel/framework/src/Illuminate/Container/Container.php(795): Illuminate/Container/Container->build(Object(Closure))
#3 C:/Users/Dell/Music/Smart_Data_Import_Engine/vendor/laravel/framework/src/Illuminate/Foundation/Application.php(986): Illuminate/Container/Container->resolve('view.finder', Array, true)
#4 C:/Users/Dell/Music/Smart_Data_Import_Engine/vendor/laravel/framework/src/Illuminate/Container/Container.php(731): Illuminate/Foundation/Application->resolve('view.finder', Array)
#5 C:/Users/Dell/Music/Smart_Data_Import_Engine/vendor/laravel/framework/src/Illuminate/Foundation/Application.php(971): Illuminate/Container/Container->make('view.finder', Array)
#6 C:/Users/Dell/Music/Smart_Data_Import_Engine/vendor/laravel/framework/src/Illuminate/Container/Container.php(1454): Illuminate/Foundation/Application->make('view.finder')
#7 C:/Users/Dell/Music/Smart_Data_Import_Engine/vendor/laravel/framework/src/Illuminate/View/ViewServiceProvider.php(45): Illuminate/Container/Container->offsetGet('view.finder')
#8 C:/Users/Dell/Music/Smart_Data_Import_Engine/vendor/laravel/framework/src/Illuminate/Container/Container.php(908): Illuminate/View/ViewServiceProvider->Illuminate/View/{closure}(Object(Illuminate/Foundation/Application), Array)
#9 C:/Users/Dell/Music/Smart_Data_Import_Engine/vendor/laravel/framework/src/Illuminate/Container/Container.php(795): Illuminate/Container/Container->build(Object(Closure))
#10 C:/Users/Dell/Music/Smart_Data_Import_Engine/vendor/laravel/framework/src/Illuminate/Foundation/Application.php(986): Illuminate/Container/Container->resolve('view', Array, true)
#11 C:/Users/Dell/Music/Smart_Data_Import_Engine/vendor/laravel/framework/src/Illuminate/Container/Container.php(731): Illuminate/Foundation/Application->resolve('view', Array)
#12 C:/Users/Dell/Music/Smart_Data_Import_Engine/vendor/laravel/framework/src/Illuminate/Foundation/Application.php(971): Illuminate/Container/Container->make('view', Array)
#13 C:/Users/Dell/Music/Smart_Data_Import_Engine/vendor/laravel/framework/src/Illuminate/Container/Container.php(1454): Illuminate/Foundation/Application->make('view')
#14 C:/Users/Dell/Music/Smart_Data_Import_Engine/vendor/laravel/framework/src/Illuminate/Support/Facades/Facade.php(237): Illuminate/Container/Container->offsetGet('view')
#15 C:/Users/Dell/Music/Smart_Data_Import_Engine/vendor/laravel/framework/src/Illuminate/Support/Facades/Facade.php(208): Illuminate/Support/Facades/Facade::resolveFacadeInstance('view')
#16 C:/Users/Dell/Music/Smart_Data_Import_Engine/vendor/laravel/framework/src/Illuminate/Support/Facades/Facade.php(349): Illuminate/Support/Facades/Facade::getFacadeRoot()
#17 C:/Users/Dell/Music/Smart_Data_Import_Engine/vendor/laravel/framework/src/Illuminate/Foundation/Exceptions/RegisterErrorViewPaths.php(16): Illuminate/Support/Facades/Facade::__callStatic('replaceNamespac...', Array)
#18 C:/Users/Dell/Music/Smart_Data_Import_Engine/vendor/laravel/framework/src/Illuminate/Foundation/Exceptions/Handler.php(744): Illuminate/Foundation/Exceptions/RegisterErrorViewPaths->__invoke()
#19 C:/Users/Dell/Music/Smart_Data_Import_Engine/vendor/laravel/framework/src/Illuminate/Foundation/Exceptions/Handler.php(719): Illuminate/Foundation/Exceptions/Handler->registerErrorViewPaths()
#20 C:/Users/Dell/Music/Smart_Data_Import_Engine/vendor/laravel/framework/src/Illuminate/Foundation/Exceptions/Handler.php(650): Illuminate/Foundation/Exceptions/Handler->renderHttpException(Object(Symfony/Component/HttpKernel/Exception/NotFoundHttpException))
#21 C:/Users/Dell/Music/Smart_Data_Import_Engine/vendor/laravel/framework/src/Illuminate/Foundation/Exceptions/Handler.php(556): Illuminate/Foundation/Exceptions/Handler->prepareResponse(Object(Illuminate/Http/Request), Object(Symfony/Component/HttpKernel/Exception/NotFoundHttpException))
#22 C:/Users/Dell/Music/Smart_Data_Import_Engine/vendor/laravel/framework/src/Illuminate/Foundation/Exceptions/Handler.php(473): Illuminate/Foundation/Exceptions/Handler->renderExceptionResponse(Object(Illuminate/Http/Request), Object(Symfony/Component/HttpKernel/Exception/NotFoundHttpException))
#23 C:/Users/Dell/Music/Smart_Data_Import_Engine/vendor/laravel/framework/src/Illuminate/Routing/Pipeline.php(51): Illuminate/Foundation/Exceptions/Handler->render(Object(Illuminate/Http/Request), Object(Symfony/Component/HttpKernel/Exception/NotFoundHttpException))
#24 C:/Users/Dell/Music/Smart_Data_Import_Engine/vendor/laravel/framework/src/Illuminate/Pipeline/Pipeline.php(146): Illuminate/Routing/Pipeline->handleException(Object(Illuminate/Http/Request), Object(Symfony/Component/HttpKernel/Exception/NotFoundHttpException))
#25 C:/Users/Dell/Music/Smart_Data_Import_Engine/vendor/laravel/framework/src/Illuminate/Foundation/Http/Middleware/TransformsRequest.php(21): Illuminate/Pipeline/Pipeline->Illuminate/Pipeline/{closure}(Object(Illuminate/Http/Request))
#26 C:/Users/Dell/Music/Smart_Data_Import_Engine/vendor/laravel/framework/src/Illuminate/Foundation/Http/Middleware/ConvertEmptyStringsToNull.php(31): Illuminate/Foundation/Http/Middleware/TransformsRequest->handle(Object(Illuminate/Http/Request), Object(Closure))
#27 C:/Users/Dell/Music/Smart_Data_Import_Engine/vendor/laravel/framework/src/Illuminate/Pipeline/Pipeline.php(183): Illuminate/Foundation/Http/Middleware/ConvertEmptyStringsToNull->handle(Object(Illuminate/Http/Request), Object(Closure))
#28 C:/Users/Dell/Music/Smart_Data_Import_Engine/vendor/laravel/framework/src/Illuminate/Foundation/Http/Middleware/ValidatePostSize.php(27): Illuminate/Pipeline/Pipeline->Illuminate/Pipeline/{closure}(Object(Illuminate/Http/Request))
#29 C:/Users/Dell/Music/Smart_Data_Import_Engine/vendor/laravel/framework/src/Illuminate/Pipeline/Pipeline.php(183): Illuminate/Foundation/Http/Middleware/ValidatePostSize->handle(Object(Illuminate/Http/Request), Object(Closure))
#30 C:/Users/Dell/Music/Smart_Data_Import_Engine/vendor/laravel/framework/src/Illuminate/Http/Middleware/HandleCors.php(49): Illuminate/Pipeline/Pipeline->Illuminate/Pipeline/{closure}(Object(Illuminate/Http/Request))
#31 C:/Users/Dell/Music/Smart_Data_Import_Engine/vendor/laravel/framework/src/Illuminate/Pipeline/Pipeline.php(183): Illuminate/Http/Middleware/HandleCors->handle(Object(Illuminate/Http/Request), Object(Closure))
#32 C:/Users/Dell/Music/Smart_Data_Import_Engine/vendor/laravel/framework/src/Illuminate/Pipeline/Pipeline.php(119): Illuminate/Pipeline/Pipeline->Illuminate/Pipeline/{closure}(Object(Illuminate/Http/Request))
#33 C:/Users/Dell/Music/Smart_Data_Import_Engine/vendor/laravel/framework/src/Illuminate/Foundation/Http/Kernel.php(175): Illuminate/Pipeline/Pipeline->then(Object(Closure))
#34 C:/Users/Dell/Music/Smart_Data_Import_Engine/vendor/laravel/framework/src/Illuminate/Foundation/Http/Kernel.php(144): Illuminate/Foundation/Http/Kernel->sendRequestThroughRouter(Object(Illuminate/Http/Request))
#35 C:/Users/Dell/Music/Smart_Data_Import_Engine/public/index.php(18): Illuminate/Foundation/Http/Kernel->handle(Object(Illuminate/Http/Request))
#36 C:/Users/Dell/Music/Smart_Data_Import_Engine/vendor/laravel/framework/src/Illuminate/Foundation/resources/server.php(16): require_once('C://Users//Dell//M...')
#37 {main}
"} 
[2026-04-29 06:40:46] laravel.EMERGENCY: Unable to create configured logger. Using emergency logger. {"exception":"[object] (InvalidArgumentException(code: 0): Log [] is not defined. at C:/Users/Dell/Music/Smart_Data_Import_Engine/vendor/laravel/framework/src/Illuminate/Log/LogManager.php:212)
[stacktrace]
#0 C:/Users/Dell/Music/Smart_Data_Import_Engine/vendor/laravel/framework/src/Illuminate/Log/LogManager.php(137): Illuminate/Log/LogManager->resolve(NULL, NULL)
#1 C:/Users/Dell/Music/Smart_Data_Import_Engine/vendor/laravel/framework/src/Illuminate/Log/LogManager.php(124): Illuminate/Log/LogManager->get(NULL)
#2 C:/Users/Dell/Music/Smart_Data_Import_Engine/vendor/laravel/framework/src/Illuminate/Log/LogManager.php(681): Illuminate/Log/LogManager->driver()
#3 C:/Users/Dell/Music/Smart_Data_Import_Engine/vendor/laravel/framework/src/Illuminate/Foundation/Exceptions/Handler.php(317): Illuminate/Log/LogManager->error('Trying to acces...', Array)
#4 C:/Users/Dell/Music/Smart_Data_Import_Engine/vendor/laravel/framework/src/Illuminate/Foundation/Exceptions/Handler.php(278): Illuminate/Foundation/Exceptions/Handler->reportThrowable(Object(ErrorException))
#5 C:/Users/Dell/Music/Smart_Data_Import_Engine/vendor/laravel/framework/src/Illuminate/Routing/Pipeline.php(49): Illuminate/Foundation/Exceptions/Handler->report(Object(ErrorException))
#6 C:/Users/Dell/Music/Smart_Data_Import_Engine/vendor/laravel/framework/src/Illuminate/Pipeline/Pipeline.php(188): Illuminate/Routing/Pipeline->handleException(Object(Illuminate/Http/Request), Object(ErrorException))
#7 C:/Users/Dell/Music/Smart_Data_Import_Engine/vendor/laravel/framework/src/Illuminate/Cookie/Middleware/EncryptCookies.php(67): Illuminate/Pipeline/Pipeline->Illuminate/Pipeline/{closure}(Object(Illuminate/Http/Request))
#8 C:/Users/Dell/Music/Smart_Data_Import_Engine/vendor/laravel/framework/src/Illuminate/Pipeline/Pipeline.php(183): Illuminate/Cookie/Middleware/EncryptCookies->handle(Object(Illuminate/Http/Request), Object(Closure))
#9 C:/Users/Dell/Music/Smart_Data_Import_Engine/vendor/laravel/framework/src/Illuminate/Pipeline/Pipeline.php(119): Illuminate/Pipeline/Pipeline->Illuminate/Pipeline/{closure}(Object(Illuminate/Http/Request))
#10 C:/Users/Dell/Music/Smart_Data_Import_Engine/vendor/laravel/framework/src/Illuminate/Routing/Router.php(805): Illuminate/Pipeline/Pipeline->then(Object(Closure))
#11 C:/Users/Dell/Music/Smart_Data_Import_Engine/vendor/laravel/framework/src/Illuminate/Routing/Router.php(784): Illuminate/Routing/Router->runRouteWithinStack(Object(Illuminate/Routing/Route), Object(Illuminate/Http/Request))
#12 C:/Users/Dell/Music/Smart_Data_Import_Engine/vendor/laravel/framework/src/Illuminate/Routing/Router.php(748): Illuminate/Routing/Router->runRoute(Object(Illuminate/Http/Request), Object(Illuminate/Routing/Route))
#13 C:/Users/Dell/Music/Smart_Data_Import_Engine/vendor/laravel/framework/src/Illuminate/Routing/Router.php(737): Illuminate/Routing/Router->dispatchToRoute(Object(Illuminate/Http/Request))
#14 C:/Users/Dell/Music/Smart_Data_Import_Engine/vendor/laravel/framework/src/Illuminate/Foundation/Http/Kernel.php(200): Illuminate/Routing/Router->dispatch(Object(Illuminate/Http/Request))
#15 C:/Users/Dell/Music/Smart_Data_Import_Engine/vendor/laravel/framework/src/Illuminate/Pipeline/Pipeline.php(144): Illuminate/Foundation/Http/Kernel->Illuminate/Foundation/Http/{closure}(Object(Illuminate/Http/Request))
#16 C:/Users/Dell/Music/Smart_Data_Import_Engine/vendor/laravel/framework/src/Illuminate/Foundation/Http/Middleware/TransformsRequest.php(21): Illuminate/Pipeline/Pipeline->Illuminate/Pipeline/{closure}(Object(Illuminate/Http/Request))
#17 C:/Users/Dell/Music/Smart_Data_Import_Engine/vendor/laravel/framework/src/Illuminate/Foundation/Http/Middleware/ConvertEmptyStringsToNull.php(31): Illuminate/Foundation/Http/Middleware/TransformsRequest->handle(Object(Illuminate/Http/Request), Object(Closure))
#18 C:/Users/Dell/Music/Smart_Data_Import_Engine/vendor/laravel/framework/src/Illuminate/Pipeline/Pipeline.php(183): Illuminate/Foundation/Http/Middleware/ConvertEmptyStringsToNull->handle(Object(Illuminate/Http/Request), Object(Closure))
#19 C:/Users/Dell/Music/Smart_Data_Import_Engine/vendor/laravel/framework/src/Illuminate/Foundation/Http/Middleware/ValidatePostSize.php(27): Illuminate/Pipeline/Pipeline->Illuminate/Pipeline/{closure}(Object(Illuminate/Http/Request))
#20 C:/Users/Dell/Music/Smart_Data_Import_Engine/vendor/laravel/framework/src/Illuminate/Pipeline/Pipeline.php(183): Illuminate/Foundation/Http/Middleware/ValidatePostSize->handle(Object(Illuminate/Http/Request), Object(Closure))
#21 C:/Users/Dell/Music/Smart_Data_Import_Engine/vendor/laravel/framework/src/Illuminate/Http/Middleware/HandleCors.php(49): Illuminate/Pipeline/Pipeline->Illuminate/Pipeline/{closure}(Object(Illuminate/Http/Request))
#22 C:/Users/Dell/Music/Smart_Data_Import_Engine/vendor/laravel/framework/src/Illuminate/Pipeline/Pipeline.php(183): Illuminate/Http/Middleware/HandleCors->handle(Object(Illuminate/Http/Request), Object(Closure))
#23 C:/Users/Dell/Music/Smart_Data_Import_Engine/vendor/laravel/framework/src/Illuminate/Pipeline/Pipeline.php(119): Illuminate/Pipeline/Pipeline->Illuminate/Pipeline/{closure}(Object(Illuminate/Http/Request))
#24 C:/Users/Dell/Music/Smart_Data_Import_Engine/vendor/laravel/framework/src/Illuminate/Foundation/Http/Kernel.php(175): Illuminate/Pipeline/Pipeline->then(Object(Closure))
#25 C:/Users/Dell/Music/Smart_Data_Import_Engine/vendor/laravel/framework/src/Illuminate/Foundation/Http/Kernel.php(144): Illuminate/Foundation/Http/Kernel->sendRequestThroughRouter(Object(Illuminate/Http/Request))
#26 C:/Users/Dell/Music/Smart_Data_Import_Engine/public/index.php(18): Illuminate/Foundation/Http/Kernel->handle(Object(Illuminate/Http/Request))
#27 C:/Users/Dell/Music/Smart_Data_Import_Engine/vendor/laravel/framework/src/Illuminate/Foundation/resources/server.php(16): require_once('C://Users//Dell//M...')
#28 {main}
"} 
[2026-04-29 06:40:46] laravel.ERROR: Trying to access array offset on value of type null {"exception":"[object] (ErrorException(code: 0): Trying to access array offset on value of type null at C:/Users/Dell/Music/Smart_Data_Import_Engine/vendor/laravel/framework/src/Illuminate/Cookie/CookieServiceProvider.php:20)
[stacktrace]
#0 C:/Users/Dell/Music/Smart_Data_Import_Engine/vendor/laravel/framework/src/Illuminate/Foundation/Bootstrap/HandleExceptions.php(255): Illuminate/Foundation/Bootstrap/HandleExceptions->handleError(2, 'Trying to acces...', 'C://Users//Dell//M...', 20)
#1 C:/Users/Dell/Music/Smart_Data_Import_Engine/vendor/laravel/framework/src/Illuminate/Cookie/CookieServiceProvider.php(20): Illuminate/Foundation/Bootstrap/HandleExceptions->Illuminate/Foundation/Bootstrap/{closure}(2, 'Trying to acces...', 'C://Users//Dell//M...', 20)
#2 C:/Users/Dell/Music/Smart_Data_Import_Engine/vendor/laravel/framework/src/Illuminate/Container/Container.php(908): Illuminate/Cookie/CookieServiceProvider->Illuminate/Cookie/{closure}(Object(Illuminate/Foundation/Application), Array)
#3 C:/Users/Dell/Music/Smart_Data_Import_Engine/vendor/laravel/framework/src/Illuminate/Container/Container.php(795): Illuminate/Container/Container->build(Object(Closure))
#4 C:/Users/Dell/Music/Smart_Data_Import_Engine/vendor/laravel/framework/src/Illuminate/Foundation/Application.php(986): Illuminate/Container/Container->resolve('cookie', Array, true)
#5 C:/Users/Dell/Music/Smart_Data_Import_Engine/vendor/laravel/framework/src/Illuminate/Container/Container.php(731): Illuminate/Foundation/Application->resolve('cookie', Array)
#6 C:/Users/Dell/Music/Smart_Data_Import_Engine/vendor/laravel/framework/src/Illuminate/Foundation/Application.php(971): Illuminate/Container/Container->make('cookie', Array)
#7 C:/Users/Dell/Music/Smart_Data_Import_Engine/vendor/laravel/framework/src/Illuminate/Container/Container.php(1066): Illuminate/Foundation/Application->make('cookie')
#8 C:/Users/Dell/Music/Smart_Data_Import_Engine/vendor/laravel/framework/src/Illuminate/Container/Container.php(982): Illuminate/Container/Container->resolveClass(Object(ReflectionParameter))
#9 C:/Users/Dell/Music/Smart_Data_Import_Engine/vendor/laravel/framework/src/Illuminate/Container/Container.php(943): Illuminate/Container/Container->resolveDependencies(Array)
#10 C:/Users/Dell/Music/Smart_Data_Import_Engine/vendor/laravel/framework/src/Illuminate/Container/Container.php(795): Illuminate/Container/Container->build('Illuminate//Cook...')
#11 C:/Users/Dell/Music/Smart_Data_Import_Engine/vendor/laravel/framework/src/Illuminate/Foundation/Application.php(986): Illuminate/Container/Container->resolve('Illuminate//Cook...', Array, true)
#12 C:/Users/Dell/Music/Smart_Data_Import_Engine/vendor/laravel/framework/src/Illuminate/Container/Container.php(731): Illuminate/Foundation/Application->resolve('Illuminate//Cook...', Array)
#13 C:/Users/Dell/Music/Smart_Data_Import_Engine/vendor/laravel/framework/src/Illuminate/Foundation/Application.php(971): Illuminate/Container/Container->make('Illuminate//Cook...', Array)
#14 C:/Users/Dell/Music/Smart_Data_Import_Engine/vendor/laravel/framework/src/Illuminate/Pipeline/Pipeline.php(172): Illuminate/Foundation/Application->make('Illuminate//Cook...')
#15 C:/Users/Dell/Music/Smart_Data_Import_Engine/vendor/laravel/framework/src/Illuminate/Cookie/Middleware/EncryptCookies.php(67): Illuminate/Pipeline/Pipeline->Illuminate/Pipeline/{closure}(Object(Illuminate/Http/Request))
#16 C:/Users/Dell/Music/Smart_Data_Import_Engine/vendor/laravel/framework/src/Illuminate/Pipeline/Pipeline.php(183): Illuminate/Cookie/Middleware/EncryptCookies->handle(Object(Illuminate/Http/Request), Object(Closure))
#17 C:/Users/Dell/Music/Smart_Data_Import_Engine/vendor/laravel/framework/src/Illuminate/Pipeline/Pipeline.php(119): Illuminate/Pipeline/Pipeline->Illuminate/Pipeline/{closure}(Object(Illuminate/Http/Request))
#18 C:/Users/Dell/Music/Smart_Data_Import_Engine/vendor/laravel/framework/src/Illuminate/Routing/Router.php(805): Illuminate/Pipeline/Pipeline->then(Object(Closure))
#19 C:/Users/Dell/Music/Smart_Data_Import_Engine/vendor/laravel/framework/src/Illuminate/Routing/Router.php(784): Illuminate/Routing/Router->runRouteWithinStack(Object(Illuminate/Routing/Route), Object(Illuminate/Http/Request))
#20 C:/Users/Dell/Music/Smart_Data_Import_Engine/vendor/laravel/framework/src/Illuminate/Routing/Router.php(748): Illuminate/Routing/Router->runRoute(Object(Illuminate/Http/Request), Object(Illuminate/Routing/Route))
#21 C:/Users/Dell/Music/Smart_Data_Import_Engine/vendor/laravel/framework/src/Illuminate/Routing/Router.php(737): Illuminate/Routing/Router->dispatchToRoute(Object(Illuminate/Http/Request))
#22 C:/Users/Dell/Music/Smart_Data_Import_Engine/vendor/laravel/framework/src/Illuminate/Foundation/Http/Kernel.php(200): Illuminate/Routing/Router->dispatch(Object(Illuminate/Http/Request))
#23 C:/Users/Dell/Music/Smart_Data_Import_Engine/vendor/laravel/framework/src/Illuminate/Pipeline/Pipeline.php(144): Illuminate/Foundation/Http/Kernel->Illuminate/Foundation/Http/{closure}(Object(Illuminate/Http/Request))
#24 C:/Users/Dell/Music/Smart_Data_Import_Engine/vendor/laravel/framework/src/Illuminate/Foundation/Http/Middleware/TransformsRequest.php(21): Illuminate/Pipeline/Pipeline->Illuminate/Pipeline/{closure}(Object(Illuminate/Http/Request))
#25 C:/Users/Dell/Music/Smart_Data_Import_Engine/vendor/laravel/framework/src/Illuminate/Foundation/Http/Middleware/ConvertEmptyStringsToNull.php(31): Illuminate/Foundation/Http/Middleware/TransformsRequest->handle(Object(Illuminate/Http/Request), Object(Closure))
#26 C:/Users/Dell/Music/Smart_Data_Import_Engine/vendor/laravel/framework/src/Illuminate/Pipeline/Pipeline.php(183): Illuminate/Foundation/Http/Middleware/ConvertEmptyStringsToNull->handle(Object(Illuminate/Http/Request), Object(Closure))
#27 C:/Users/Dell/Music/Smart_Data_Import_Engine/vendor/laravel/framework/src/Illuminate/Foundation/Http/Middleware/ValidatePostSize.php(27): Illuminate/Pipeline/Pipeline->Illuminate/Pipeline/{closure}(Object(Illuminate/Http/Request))
#28 C:/Users/Dell/Music/Smart_Data_Import_Engine/vendor/laravel/framework/src/Illuminate/Pipeline/Pipeline.php(183): Illuminate/Foundation/Http/Middleware/ValidatePostSize->handle(Object(Illuminate/Http/Request), Object(Closure))
#29 C:/Users/Dell/Music/Smart_Data_Import_Engine/vendor/laravel/framework/src/Illuminate/Http/Middleware/HandleCors.php(49): Illuminate/Pipeline/Pipeline->Illuminate/Pipeline/{closure}(Object(Illuminate/Http/Request))
#30 C:/Users/Dell/Music/Smart_Data_Import_Engine/vendor/laravel/framework/src/Illuminate/Pipeline/Pipeline.php(183): Illuminate/Http/Middleware/HandleCors->handle(Object(Illuminate/Http/Request), Object(Closure))
#31 C:/Users/Dell/Music/Smart_Data_Import_Engine/vendor/laravel/framework/src/Illuminate/Pipeline/Pipeline.php(119): Illuminate/Pipeline/Pipeline->Illuminate/Pipeline/{closure}(Object(Illuminate/Http/Request))
#32 C:/Users/Dell/Music/Smart_Data_Import_Engine/vendor/laravel/framework/src/Illuminate/Foundation/Http/Kernel.php(175): Illuminate/Pipeline/Pipeline->then(Object(Closure))
#33 C:/Users/Dell/Music/Smart_Data_Import_Engine/vendor/laravel/framework/src/Illuminate/Foundation/Http/Kernel.php(144): Illuminate/Foundation/Http/Kernel->sendRequestThroughRouter(Object(Illuminate/Http/Request))
#34 C:/Users/Dell/Music/Smart_Data_Import_Engine/public/index.php(18): Illuminate/Foundation/Http/Kernel->handle(Object(Illuminate/Http/Request))
#35 C:/Users/Dell/Music/Smart_Data_Import_Engine/vendor/laravel/framework/src/Illuminate/Foundation/resources/server.php(16): require_once('C://Users//Dell//M...')
#36 {main}
"} 
[2026-04-29 06:40:46] laravel.EMERGENCY: Unable to create configured logger. Using emergency logger. {"exception":"[object] (InvalidArgumentException(code: 0): Log [] is not defined. at C:/Users/Dell/Music/Smart_Data_Import_Engine/vendor/laravel/framework/src/Illuminate/Log/LogManager.php:212)
[stacktrace]
#0 C:/Users/Dell/Music/Smart_Data_Import_Engine/vendor/laravel/framework/src/Illuminate/Log/LogManager.php(137): Illuminate/Log/LogManager->resolve(NULL, NULL)
#1 C:/Users/Dell/Music/Smart_Data_Import_Engine/vendor/laravel/framework/src/Illuminate/Log/LogManager.php(124): Illuminate/Log/LogManager->get(NULL)
#2 C:/Users/Dell/Music/Smart_Data_Import_Engine/vendor/laravel/framework/src/Illuminate/Log/LogManager.php(681): Illuminate/Log/LogManager->driver()
#3 C:/Users/Dell/Music/Smart_Data_Import_Engine/vendor/laravel/framework/src/Illuminate/Foundation/Exceptions/Handler.php(317): Illuminate/Log/LogManager->error('Trying to acces...', Array)
#4 C:/Users/Dell/Music/Smart_Data_Import_Engine/vendor/laravel/framework/src/Illuminate/Foundation/Exceptions/Handler.php(278): Illuminate/Foundation/Exceptions/Handler->reportThrowable(Object(ErrorException))
#5 C:/Users/Dell/Music/Smart_Data_Import_Engine/vendor/laravel/framework/src/Illuminate/Foundation/Bootstrap/HandleExceptions.php(183): Illuminate/Foundation/Exceptions/Handler->report(Object(ErrorException))
#6 C:/Users/Dell/Music/Smart_Data_Import_Engine/vendor/laravel/framework/src/Illuminate/Foundation/Bootstrap/HandleExceptions.php(255): Illuminate/Foundation/Bootstrap/HandleExceptions->handleException(Object(ErrorException))
#7 [internal function]: Illuminate/Foundation/Bootstrap/HandleExceptions->Illuminate/Foundation/Bootstrap/{closure}(Object(ErrorException))
#8 {main}
"} 
[2026-04-29 06:40:46] laravel.ERROR: Trying to access array offset on value of type null {"exception":"[object] (ErrorException(code: 0): Trying to access array offset on value of type null at C:/Users/Dell/Music/Smart_Data_Import_Engine/vendor/laravel/framework/src/Illuminate/Cookie/CookieServiceProvider.php:20)
[stacktrace]
#0 C:/Users/Dell/Music/Smart_Data_Import_Engine/vendor/laravel/framework/src/Illuminate/Foundation/Bootstrap/HandleExceptions.php(255): Illuminate/Foundation/Bootstrap/HandleExceptions->handleError(2, 'Trying to acces...', 'C://Users//Dell//M...', 20)
#1 C:/Users/Dell/Music/Smart_Data_Import_Engine/vendor/laravel/framework/src/Illuminate/Cookie/CookieServiceProvider.php(20): Illuminate/Foundation/Bootstrap/HandleExceptions->Illuminate/Foundation/Bootstrap/{closure}(2, 'Trying to acces...', 'C://Users//Dell//M...', 20)
#2 C:/Users/Dell/Music/Smart_Data_Import_Engine/vendor/laravel/framework/src/Illuminate/Container/Container.php(908): Illuminate/Cookie/CookieServiceProvider->Illuminate/Cookie/{closure}(Object(Illuminate/Foundation/Application), Array)
#3 C:/Users/Dell/Music/Smart_Data_Import_Engine/vendor/laravel/framework/src/Illuminate/Container/Container.php(795): Illuminate/Container/Container->build(Object(Closure))
#4 C:/Users/Dell/Music/Smart_Data_Import_Engine/vendor/laravel/framework/src/Illuminate/Foundation/Application.php(986): Illuminate/Container/Container->resolve('cookie', Array, true)
#5 C:/Users/Dell/Music/Smart_Data_Import_Engine/vendor/laravel/framework/src/Illuminate/Container/Container.php(731): Illuminate/Foundation/Application->resolve('cookie', Array)
#6 C:/Users/Dell/Music/Smart_Data_Import_Engine/vendor/laravel/framework/src/Illuminate/Foundation/Application.php(971): Illuminate/Container/Container->make('cookie', Array)
#7 C:/Users/Dell/Music/Smart_Data_Import_Engine/vendor/laravel/framework/src/Illuminate/Container/Container.php(1066): Illuminate/Foundation/Application->make('cookie')
#8 C:/Users/Dell/Music/Smart_Data_Import_Engine/vendor/laravel/framework/src/Illuminate/Container/Container.php(982): Illuminate/Container/Container->resolveClass(Object(ReflectionParameter))
#9 C:/Users/Dell/Music/Smart_Data_Import_Engine/vendor/laravel/framework/src/Illuminate/Container/Container.php(943): Illuminate/Container/Container->resolveDependencies(Array)
#10 C:/Users/Dell/Music/Smart_Data_Import_Engine/vendor/laravel/framework/src/Illuminate/Container/Container.php(795): Illuminate/Container/Container->build('Illuminate//Cook...')
#11 C:/Users/Dell/Music/Smart_Data_Import_Engine/vendor/laravel/framework/src/Illuminate/Foundation/Application.php(986): Illuminate/Container/Container->resolve('Illuminate//Cook...', Array, true)
#12 C:/Users/Dell/Music/Smart_Data_Import_Engine/vendor/laravel/framework/src/Illuminate/Container/Container.php(731): Illuminate/Foundation/Application->resolve('Illuminate//Cook...', Array)
#13 C:/Users/Dell/Music/Smart_Data_Import_Engine/vendor/laravel/framework/src/Illuminate/Foundation/Application.php(971): Illuminate/Container/Container->make('Illuminate//Cook...', Array)
#14 C:/Users/Dell/Music/Smart_Data_Import_Engine/vendor/laravel/framework/src/Illuminate/Foundation/Http/Kernel.php(255): Illuminate/Foundation/Application->make('Illuminate//Cook...')
#15 C:/Users/Dell/Music/Smart_Data_Import_Engine/vendor/laravel/framework/src/Illuminate/Foundation/Http/Kernel.php(213): Illuminate/Foundation/Http/Kernel->terminateMiddleware(Object(Illuminate/Http/Request), Object(Illuminate/Http/Response))
#16 C:/Users/Dell/Music/Smart_Data_Import_Engine/public/index.php(22): Illuminate/Foundation/Http/Kernel->terminate(Object(Illuminate/Http/Request), Object(Illuminate/Http/Response))
#17 C:/Users/Dell/Music/Smart_Data_Import_Engine/vendor/laravel/framework/src/Illuminate/Foundation/resources/server.php(16): require_once('C://Users//Dell//M...')
#18 {main}
"} 
[2026-04-29 06:40:48] laravel.EMERGENCY: Unable to create configured logger. Using emergency logger. {"exception":"[object] (InvalidArgumentException(code: 0): Log [] is not defined. at C:/Users/Dell/Music/Smart_Data_Import_Engine/vendor/laravel/framework/src/Illuminate/Log/LogManager.php:212)
[stacktrace]
#0 C:/Users/Dell/Music/Smart_Data_Import_Engine/vendor/laravel/framework/src/Illuminate/Log/LogManager.php(137): Illuminate/Log/LogManager->resolve(NULL, NULL)
#1 C:/Users/Dell/Music/Smart_Data_Import_Engine/vendor/laravel/framework/src/Illuminate/Log/LogManager.php(124): Illuminate/Log/LogManager->get(NULL)
#2 C:/Users/Dell/Music/Smart_Data_Import_Engine/vendor/laravel/framework/src/Illuminate/Log/LogManager.php(681): Illuminate/Log/LogManager->driver()
#3 C:/Users/Dell/Music/Smart_Data_Import_Engine/vendor/laravel/framework/src/Illuminate/Foundation/Exceptions/Handler.php(317): Illuminate/Log/LogManager->error('Illuminate//View...', Array)
#4 C:/Users/Dell/Music/Smart_Data_Import_Engine/vendor/laravel/framework/src/Illuminate/Foundation/Exceptions/Handler.php(278): Illuminate/Foundation/Exceptions/Handler->reportThrowable(Object(TypeError))
#5 C:/Users/Dell/Music/Smart_Data_Import_Engine/vendor/laravel/framework/src/Illuminate/Routing/Pipeline.php(49): Illuminate/Foundation/Exceptions/Handler->report(Object(TypeError))
#6 C:/Users/Dell/Music/Smart_Data_Import_Engine/vendor/laravel/framework/src/Illuminate/Pipeline/Pipeline.php(188): Illuminate/Routing/Pipeline->handleException(Object(Illuminate/Http/Request), Object(TypeError))
#7 C:/Users/Dell/Music/Smart_Data_Import_Engine/vendor/laravel/framework/src/Illuminate/Foundation/Http/Middleware/ValidatePostSize.php(27): Illuminate/Pipeline/Pipeline->Illuminate/Pipeline/{closure}(Object(Illuminate/Http/Request))
#8 C:/Users/Dell/Music/Smart_Data_Import_Engine/vendor/laravel/framework/src/Illuminate/Pipeline/Pipeline.php(183): Illuminate/Foundation/Http/Middleware/ValidatePostSize->handle(Object(Illuminate/Http/Request), Object(Closure))
#9 C:/Users/Dell/Music/Smart_Data_Import_Engine/vendor/laravel/framework/src/Illuminate/Http/Middleware/HandleCors.php(49): Illuminate/Pipeline/Pipeline->Illuminate/Pipeline/{closure}(Object(Illuminate/Http/Request))
#10 C:/Users/Dell/Music/Smart_Data_Import_Engine/vendor/laravel/framework/src/Illuminate/Pipeline/Pipeline.php(183): Illuminate/Http/Middleware/HandleCors->handle(Object(Illuminate/Http/Request), Object(Closure))
#11 C:/Users/Dell/Music/Smart_Data_Import_Engine/vendor/laravel/framework/src/Illuminate/Pipeline/Pipeline.php(119): Illuminate/Pipeline/Pipeline->Illuminate/Pipeline/{closure}(Object(Illuminate/Http/Request))
#12 C:/Users/Dell/Music/Smart_Data_Import_Engine/vendor/laravel/framework/src/Illuminate/Foundation/Http/Kernel.php(175): Illuminate/Pipeline/Pipeline->then(Object(Closure))
#13 C:/Users/Dell/Music/Smart_Data_Import_Engine/vendor/laravel/framework/src/Illuminate/Foundation/Http/Kernel.php(144): Illuminate/Foundation/Http/Kernel->sendRequestThroughRouter(Object(Illuminate/Http/Request))
#14 C:/Users/Dell/Music/Smart_Data_Import_Engine/public/index.php(18): Illuminate/Foundation/Http/Kernel->handle(Object(Illuminate/Http/Request))
#15 C:/Users/Dell/Music/Smart_Data_Import_Engine/vendor/laravel/framework/src/Illuminate/Foundation/resources/server.php(16): require_once('C://Users//Dell//M...')
#16 {main}
"} 
[2026-04-29 06:40:48] laravel.ERROR: Illuminate\View\FileViewFinder::__construct(): Argument #2 ($paths) must be of type array, null given, called in C:\Users\Dell\Music\Smart_Data_Import_Engine\vendor\laravel\framework\src\Illuminate\View\ViewServiceProvider.php on line 85 {"exception":"[object] (TypeError(code: 0): Illuminate\\View\\FileViewFinder::__construct(): Argument #2 ($paths) must be of type array, null given, called in C:\\Users\\Dell\\Music\\Smart_Data_Import_Engine\\vendor\\laravel\\framework\\src\\Illuminate\\View\\ViewServiceProvider.php on line 85 at C:/Users/Dell/Music/Smart_Data_Import_Engine/vendor/laravel/framework/src/Illuminate/View/FileViewFinder.php:53)
[stacktrace]
#0 C:/Users/Dell/Music/Smart_Data_Import_Engine/vendor/laravel/framework/src/Illuminate/View/ViewServiceProvider.php(85): Illuminate/View/FileViewFinder->__construct(Object(Illuminate/Filesystem/Filesystem), NULL)
#1 C:/Users/Dell/Music/Smart_Data_Import_Engine/vendor/laravel/framework/src/Illuminate/Container/Container.php(908): Illuminate/View/ViewServiceProvider->Illuminate/View/{closure}(Object(Illuminate/Foundation/Application), Array)
#2 C:/Users/Dell/Music/Smart_Data_Import_Engine/vendor/laravel/framework/src/Illuminate/Container/Container.php(795): Illuminate/Container/Container->build(Object(Closure))
#3 C:/Users/Dell/Music/Smart_Data_Import_Engine/vendor/laravel/framework/src/Illuminate/Foundation/Application.php(986): Illuminate/Container/Container->resolve('view.finder', Array, true)
#4 C:/Users/Dell/Music/Smart_Data_Import_Engine/vendor/laravel/framework/src/Illuminate/Container/Container.php(731): Illuminate/Foundation/Application->resolve('view.finder', Array)
#5 C:/Users/Dell/Music/Smart_Data_Import_Engine/vendor/laravel/framework/src/Illuminate/Foundation/Application.php(971): Illuminate/Container/Container->make('view.finder', Array)
#6 C:/Users/Dell/Music/Smart_Data_Import_Engine/vendor/laravel/framework/src/Illuminate/Container/Container.php(1454): Illuminate/Foundation/Application->make('view.finder')
#7 C:/Users/Dell/Music/Smart_Data_Import_Engine/vendor/laravel/framework/src/Illuminate/View/ViewServiceProvider.php(45): Illuminate/Container/Container->offsetGet('view.finder')
#8 C:/Users/Dell/Music/Smart_Data_Import_Engine/vendor/laravel/framework/src/Illuminate/Container/Container.php(908): Illuminate/View/ViewServiceProvider->Illuminate/View/{closure}(Object(Illuminate/Foundation/Application), Array)
#9 C:/Users/Dell/Music/Smart_Data_Import_Engine/vendor/laravel/framework/src/Illuminate/Container/Container.php(795): Illuminate/Container/Container->build(Object(Closure))
#10 C:/Users/Dell/Music/Smart_Data_Import_Engine/vendor/laravel/framework/src/Illuminate/Foundation/Application.php(986): Illuminate/Container/Container->resolve('view', Array, true)
#11 C:/Users/Dell/Music/Smart_Data_Import_Engine/vendor/laravel/framework/src/Illuminate/Container/Container.php(731): Illuminate/Foundation/Application->resolve('view', Array)
#12 C:/Users/Dell/Music/Smart_Data_Import_Engine/vendor/laravel/framework/src/Illuminate/Foundation/Application.php(971): Illuminate/Container/Container->make('view', Array)
#13 C:/Users/Dell/Music/Smart_Data_Import_Engine/vendor/laravel/framework/src/Illuminate/Container/Container.php(1454): Illuminate/Foundation/Application->make('view')
#14 C:/Users/Dell/Music/Smart_Data_Import_Engine/vendor/laravel/framework/src/Illuminate/Support/Facades/Facade.php(237): Illuminate/Container/Container->offsetGet('view')
#15 C:/Users/Dell/Music/Smart_Data_Import_Engine/vendor/laravel/framework/src/Illuminate/Support/Facades/Facade.php(208): Illuminate/Support/Facades/Facade::resolveFacadeInstance('view')
#16 C:/Users/Dell/Music/Smart_Data_Import_Engine/vendor/laravel/framework/src/Illuminate/Support/Facades/Facade.php(349): Illuminate/Support/Facades/Facade::getFacadeRoot()
#17 C:/Users/Dell/Music/Smart_Data_Import_Engine/vendor/laravel/framework/src/Illuminate/Foundation/Exceptions/RegisterErrorViewPaths.php(16): Illuminate/Support/Facades/Facade::__callStatic('replaceNamespac...', Array)
#18 C:/Users/Dell/Music/Smart_Data_Import_Engine/vendor/laravel/framework/src/Illuminate/Foundation/Exceptions/Handler.php(744): Illuminate/Foundation/Exceptions/RegisterErrorViewPaths->__invoke()
#19 C:/Users/Dell/Music/Smart_Data_Import_Engine/vendor/laravel/framework/src/Illuminate/Foundation/Exceptions/Handler.php(719): Illuminate/Foundation/Exceptions/Handler->registerErrorViewPaths()
#20 C:/Users/Dell/Music/Smart_Data_Import_Engine/vendor/laravel/framework/src/Illuminate/Foundation/Exceptions/Handler.php(650): Illuminate/Foundation/Exceptions/Handler->renderHttpException(Object(Symfony/Component/HttpKernel/Exception/NotFoundHttpException))
#21 C:/Users/Dell/Music/Smart_Data_Import_Engine/vendor/laravel/framework/src/Illuminate/Foundation/Exceptions/Handler.php(556): Illuminate/Foundation/Exceptions/Handler->prepareResponse(Object(Illuminate/Http/Request), Object(Symfony/Component/HttpKernel/Exception/NotFoundHttpException))
#22 C:/Users/Dell/Music/Smart_Data_Import_Engine/vendor/laravel/framework/src/Illuminate/Foundation/Exceptions/Handler.php(473): Illuminate/Foundation/Exceptions/Handler->renderExceptionResponse(Object(Illuminate/Http/Request), Object(Symfony/Component/HttpKernel/Exception/NotFoundHttpException))
#23 C:/Users/Dell/Music/Smart_Data_Import_Engine/vendor/laravel/framework/src/Illuminate/Routing/Pipeline.php(51): Illuminate/Foundation/Exceptions/Handler->render(Object(Illuminate/Http/Request), Object(Symfony/Component/HttpKernel/Exception/NotFoundHttpException))
#24 C:/Users/Dell/Music/Smart_Data_Import_Engine/vendor/laravel/framework/src/Illuminate/Pipeline/Pipeline.php(146): Illuminate/Routing/Pipeline->handleException(Object(Illuminate/Http/Request), Object(Symfony/Component/HttpKernel/Exception/NotFoundHttpException))
#25 C:/Users/Dell/Music/Smart_Data_Import_Engine/vendor/laravel/framework/src/Illuminate/Foundation/Http/Middleware/TransformsRequest.php(21): Illuminate/Pipeline/Pipeline->Illuminate/Pipeline/{closure}(Object(Illuminate/Http/Request))
#26 C:/Users/Dell/Music/Smart_Data_Import_Engine/vendor/laravel/framework/src/Illuminate/Foundation/Http/Middleware/ConvertEmptyStringsToNull.php(31): Illuminate/Foundation/Http/Middleware/TransformsRequest->handle(Object(Illuminate/Http/Request), Object(Closure))
#27 C:/Users/Dell/Music/Smart_Data_Import_Engine/vendor/laravel/framework/src/Illuminate/Pipeline/Pipeline.php(183): Illuminate/Foundation/Http/Middleware/ConvertEmptyStringsToNull->handle(Object(Illuminate/Http/Request), Object(Closure))
#28 C:/Users/Dell/Music/Smart_Data_Import_Engine/vendor/laravel/framework/src/Illuminate/Foundation/Http/Middleware/ValidatePostSize.php(27): Illuminate/Pipeline/Pipeline->Illuminate/Pipeline/{closure}(Object(Illuminate/Http/Request))
#29 C:/Users/Dell/Music/Smart_Data_Import_Engine/vendor/laravel/framework/src/Illuminate/Pipeline/Pipeline.php(183): Illuminate/Foundation/Http/Middleware/ValidatePostSize->handle(Object(Illuminate/Http/Request), Object(Closure))
#30 C:/Users/Dell/Music/Smart_Data_Import_Engine/vendor/laravel/framework/src/Illuminate/Http/Middleware/HandleCors.php(49): Illuminate/Pipeline/Pipeline->Illuminate/Pipeline/{closure}(Object(Illuminate/Http/Request))
#31 C:/Users/Dell/Music/Smart_Data_Import_Engine/vendor/laravel/framework/src/Illuminate/Pipeline/Pipeline.php(183): Illuminate/Http/Middleware/HandleCors->handle(Object(Illuminate/Http/Request), Object(Closure))
#32 C:/Users/Dell/Music/Smart_Data_Import_Engine/vendor/laravel/framework/src/Illuminate/Pipeline/Pipeline.php(119): Illuminate/Pipeline/Pipeline->Illuminate/Pipeline/{closure}(Object(Illuminate/Http/Request))
#33 C:/Users/Dell/Music/Smart_Data_Import_Engine/vendor/laravel/framework/src/Illuminate/Foundation/Http/Kernel.php(175): Illuminate/Pipeline/Pipeline->then(Object(Closure))
#34 C:/Users/Dell/Music/Smart_Data_Import_Engine/vendor/laravel/framework/src/Illuminate/Foundation/Http/Kernel.php(144): Illuminate/Foundation/Http/Kernel->sendRequestThroughRouter(Object(Illuminate/Http/Request))
#35 C:/Users/Dell/Music/Smart_Data_Import_Engine/public/index.php(18): Illuminate/Foundation/Http/Kernel->handle(Object(Illuminate/Http/Request))
#36 C:/Users/Dell/Music/Smart_Data_Import_Engine/vendor/laravel/framework/src/Illuminate/Foundation/resources/server.php(16): require_once('C://Users//Dell//M...')
#37 {main}
"} 
[2026-04-29 06:40:49] laravel.EMERGENCY: Unable to create configured logger. Using emergency logger. {"exception":"[object] (InvalidArgumentException(code: 0): Log [] is not defined. at C:/Users/Dell/Music/Smart_Data_Import_Engine/vendor/laravel/framework/src/Illuminate/Log/LogManager.php:212)
[stacktrace]
#0 C:/Users/Dell/Music/Smart_Data_Import_Engine/vendor/laravel/framework/src/Illuminate/Log/LogManager.php(137): Illuminate/Log/LogManager->resolve(NULL, NULL)
#1 C:/Users/Dell/Music/Smart_Data_Import_Engine/vendor/laravel/framework/src/Illuminate/Log/LogManager.php(124): Illuminate/Log/LogManager->get(NULL)
#2 C:/Users/Dell/Music/Smart_Data_Import_Engine/vendor/laravel/framework/src/Illuminate/Log/LogManager.php(681): Illuminate/Log/LogManager->driver()
#3 C:/Users/Dell/Music/Smart_Data_Import_Engine/vendor/laravel/framework/src/Illuminate/Foundation/Exceptions/Handler.php(317): Illuminate/Log/LogManager->error('Trying to acces...', Array)
#4 C:/Users/Dell/Music/Smart_Data_Import_Engine/vendor/laravel/framework/src/Illuminate/Foundation/Exceptions/Handler.php(278): Illuminate/Foundation/Exceptions/Handler->reportThrowable(Object(ErrorException))
#5 C:/Users/Dell/Music/Smart_Data_Import_Engine/vendor/laravel/framework/src/Illuminate/Routing/Pipeline.php(49): Illuminate/Foundation/Exceptions/Handler->report(Object(ErrorException))
#6 C:/Users/Dell/Music/Smart_Data_Import_Engine/vendor/laravel/framework/src/Illuminate/Pipeline/Pipeline.php(188): Illuminate/Routing/Pipeline->handleException(Object(Illuminate/Http/Request), Object(ErrorException))
#7 C:/Users/Dell/Music/Smart_Data_Import_Engine/vendor/laravel/framework/src/Illuminate/Cookie/Middleware/EncryptCookies.php(67): Illuminate/Pipeline/Pipeline->Illuminate/Pipeline/{closure}(Object(Illuminate/Http/Request))
#8 C:/Users/Dell/Music/Smart_Data_Import_Engine/vendor/laravel/framework/src/Illuminate/Pipeline/Pipeline.php(183): Illuminate/Cookie/Middleware/EncryptCookies->handle(Object(Illuminate/Http/Request), Object(Closure))
#9 C:/Users/Dell/Music/Smart_Data_Import_Engine/vendor/laravel/framework/src/Illuminate/Pipeline/Pipeline.php(119): Illuminate/Pipeline/Pipeline->Illuminate/Pipeline/{closure}(Object(Illuminate/Http/Request))
#10 C:/Users/Dell/Music/Smart_Data_Import_Engine/vendor/laravel/framework/src/Illuminate/Routing/Router.php(805): Illuminate/Pipeline/Pipeline->then(Object(Closure))
#11 C:/Users/Dell/Music/Smart_Data_Import_Engine/vendor/laravel/framework/src/Illuminate/Routing/Router.php(784): Illuminate/Routing/Router->runRouteWithinStack(Object(Illuminate/Routing/Route), Object(Illuminate/Http/Request))
#12 C:/Users/Dell/Music/Smart_Data_Import_Engine/vendor/laravel/framework/src/Illuminate/Routing/Router.php(748): Illuminate/Routing/Router->runRoute(Object(Illuminate/Http/Request), Object(Illuminate/Routing/Route))
#13 C:/Users/Dell/Music/Smart_Data_Import_Engine/vendor/laravel/framework/src/Illuminate/Routing/Router.php(737): Illuminate/Routing/Router->dispatchToRoute(Object(Illuminate/Http/Request))
#14 C:/Users/Dell/Music/Smart_Data_Import_Engine/vendor/laravel/framework/src/Illuminate/Foundation/Http/Kernel.php(200): Illuminate/Routing/Router->dispatch(Object(Illuminate/Http/Request))
#15 C:/Users/Dell/Music/Smart_Data_Import_Engine/vendor/laravel/framework/src/Illuminate/Pipeline/Pipeline.php(144): Illuminate/Foundation/Http/Kernel->Illuminate/Foundation/Http/{closure}(Object(Illuminate/Http/Request))
#16 C:/Users/Dell/Music/Smart_Data_Import_Engine/vendor/laravel/framework/src/Illuminate/Foundation/Http/Middleware/TransformsRequest.php(21): Illuminate/Pipeline/Pipeline->Illuminate/Pipeline/{closure}(Object(Illuminate/Http/Request))
#17 C:/Users/Dell/Music/Smart_Data_Import_Engine/vendor/laravel/framework/src/Illuminate/Foundation/Http/Middleware/ConvertEmptyStringsToNull.php(31): Illuminate/Foundation/Http/Middleware/TransformsRequest->handle(Object(Illuminate/Http/Request), Object(Closure))
#18 C:/Users/Dell/Music/Smart_Data_Import_Engine/vendor/laravel/framework/src/Illuminate/Pipeline/Pipeline.php(183): Illuminate/Foundation/Http/Middleware/ConvertEmptyStringsToNull->handle(Object(Illuminate/Http/Request), Object(Closure))
#19 C:/Users/Dell/Music/Smart_Data_Import_Engine/vendor/laravel/framework/src/Illuminate/Foundation/Http/Middleware/ValidatePostSize.php(27): Illuminate/Pipeline/Pipeline->Illuminate/Pipeline/{closure}(Object(Illuminate/Http/Request))
#20 C:/Users/Dell/Music/Smart_Data_Import_Engine/vendor/laravel/framework/src/Illuminate/Pipeline/Pipeline.php(183): Illuminate/Foundation/Http/Middleware/ValidatePostSize->handle(Object(Illuminate/Http/Request), Object(Closure))
#21 C:/Users/Dell/Music/Smart_Data_Import_Engine/vendor/laravel/framework/src/Illuminate/Http/Middleware/HandleCors.php(49): Illuminate/Pipeline/Pipeline->Illuminate/Pipeline/{closure}(Object(Illuminate/Http/Request))
#22 C:/Users/Dell/Music/Smart_Data_Import_Engine/vendor/laravel/framework/src/Illuminate/Pipeline/Pipeline.php(183): Illuminate/Http/Middleware/HandleCors->handle(Object(Illuminate/Http/Request), Object(Closure))
#23 C:/Users/Dell/Music/Smart_Data_Import_Engine/vendor/laravel/framework/src/Illuminate/Pipeline/Pipeline.php(119): Illuminate/Pipeline/Pipeline->Illuminate/Pipeline/{closure}(Object(Illuminate/Http/Request))
#24 C:/Users/Dell/Music/Smart_Data_Import_Engine/vendor/laravel/framework/src/Illuminate/Foundation/Http/Kernel.php(175): Illuminate/Pipeline/Pipeline->then(Object(Closure))
#25 C:/Users/Dell/Music/Smart_Data_Import_Engine/vendor/laravel/framework/src/Illuminate/Foundation/Http/Kernel.php(144): Illuminate/Foundation/Http/Kernel->sendRequestThroughRouter(Object(Illuminate/Http/Request))
#26 C:/Users/Dell/Music/Smart_Data_Import_Engine/public/index.php(18): Illuminate/Foundation/Http/Kernel->handle(Object(Illuminate/Http/Request))
#27 C:/Users/Dell/Music/Smart_Data_Import_Engine/vendor/laravel/framework/src/Illuminate/Foundation/resources/server.php(16): require_once('C://Users//Dell//M...')
#28 {main}
"} 
[2026-04-29 06:40:49] laravel.ERROR: Trying to access array offset on value of type null {"exception":"[object] (ErrorException(code: 0): Trying to access array offset on value of type null at C:/Users/Dell/Music/Smart_Data_Import_Engine/vendor/laravel/framework/src/Illuminate/Cookie/CookieServiceProvider.php:20)
[stacktrace]
#0 C:/Users/Dell/Music/Smart_Data_Import_Engine/vendor/laravel/framework/src/Illuminate/Foundation/Bootstrap/HandleExceptions.php(255): Illuminate/Foundation/Bootstrap/HandleExceptions->handleError(2, 'Trying to acces...', 'C://Users//Dell//M...', 20)
#1 C:/Users/Dell/Music/Smart_Data_Import_Engine/vendor/laravel/framework/src/Illuminate/Cookie/CookieServiceProvider.php(20): Illuminate/Foundation/Bootstrap/HandleExceptions->Illuminate/Foundation/Bootstrap/{closure}(2, 'Trying to acces...', 'C://Users//Dell//M...', 20)
#2 C:/Users/Dell/Music/Smart_Data_Import_Engine/vendor/laravel/framework/src/Illuminate/Container/Container.php(908): Illuminate/Cookie/CookieServiceProvider->Illuminate/Cookie/{closure}(Object(Illuminate/Foundation/Application), Array)
#3 C:/Users/Dell/Music/Smart_Data_Import_Engine/vendor/laravel/framework/src/Illuminate/Container/Container.php(795): Illuminate/Container/Container->build(Object(Closure))
#4 C:/Users/Dell/Music/Smart_Data_Import_Engine/vendor/laravel/framework/src/Illuminate/Foundation/Application.php(986): Illuminate/Container/Container->resolve('cookie', Array, true)
#5 C:/Users/Dell/Music/Smart_Data_Import_Engine/vendor/laravel/framework/src/Illuminate/Container/Container.php(731): Illuminate/Foundation/Application->resolve('cookie', Array)
#6 C:/Users/Dell/Music/Smart_Data_Import_Engine/vendor/laravel/framework/src/Illuminate/Foundation/Application.php(971): Illuminate/Container/Container->make('cookie', Array)
#7 C:/Users/Dell/Music/Smart_Data_Import_Engine/vendor/laravel/framework/src/Illuminate/Container/Container.php(1066): Illuminate/Foundation/Application->make('cookie')
#8 C:/Users/Dell/Music/Smart_Data_Import_Engine/vendor/laravel/framework/src/Illuminate/Container/Container.php(982): Illuminate/Container/Container->resolveClass(Object(ReflectionParameter))
#9 C:/Users/Dell/Music/Smart_Data_Import_Engine/vendor/laravel/framework/src/Illuminate/Container/Container.php(943): Illuminate/Container/Container->resolveDependencies(Array)
#10 C:/Users/Dell/Music/Smart_Data_Import_Engine/vendor/laravel/framework/src/Illuminate/Container/Container.php(795): Illuminate/Container/Container->build('Illuminate//Cook...')
#11 C:/Users/Dell/Music/Smart_Data_Import_Engine/vendor/laravel/framework/src/Illuminate/Foundation/Application.php(986): Illuminate/Container/Container->resolve('Illuminate//Cook...', Array, true)
#12 C:/Users/Dell/Music/Smart_Data_Import_Engine/vendor/laravel/framework/src/Illuminate/Container/Container.php(731): Illuminate/Foundation/Application->resolve('Illuminate//Cook...', Array)
#13 C:/Users/Dell/Music/Smart_Data_Import_Engine/vendor/laravel/framework/src/Illuminate/Foundation/Application.php(971): Illuminate/Container/Container->make('Illuminate//Cook...', Array)
#14 C:/Users/Dell/Music/Smart_Data_Import_Engine/vendor/laravel/framework/src/Illuminate/Pipeline/Pipeline.php(172): Illuminate/Foundation/Application->make('Illuminate//Cook...')
#15 C:/Users/Dell/Music/Smart_Data_Import_Engine/vendor/laravel/framework/src/Illuminate/Cookie/Middleware/EncryptCookies.php(67): Illuminate/Pipeline/Pipeline->Illuminate/Pipeline/{closure}(Object(Illuminate/Http/Request))
#16 C:/Users/Dell/Music/Smart_Data_Import_Engine/vendor/laravel/framework/src/Illuminate/Pipeline/Pipeline.php(183): Illuminate/Cookie/Middleware/EncryptCookies->handle(Object(Illuminate/Http/Request), Object(Closure))
#17 C:/Users/Dell/Music/Smart_Data_Import_Engine/vendor/laravel/framework/src/Illuminate/Pipeline/Pipeline.php(119): Illuminate/Pipeline/Pipeline->Illuminate/Pipeline/{closure}(Object(Illuminate/Http/Request))
#18 C:/Users/Dell/Music/Smart_Data_Import_Engine/vendor/laravel/framework/src/Illuminate/Routing/Router.php(805): Illuminate/Pipeline/Pipeline->then(Object(Closure))
#19 C:/Users/Dell/Music/Smart_Data_Import_Engine/vendor/laravel/framework/src/Illuminate/Routing/Router.php(784): Illuminate/Routing/Router->runRouteWithinStack(Object(Illuminate/Routing/Route), Object(Illuminate/Http/Request))
#20 C:/Users/Dell/Music/Smart_Data_Import_Engine/vendor/laravel/framework/src/Illuminate/Routing/Router.php(748): Illuminate/Routing/Router->runRoute(Object(Illuminate/Http/Request), Object(Illuminate/Routing/Route))
#21 C:/Users/Dell/Music/Smart_Data_Import_Engine/vendor/laravel/framework/src/Illuminate/Routing/Router.php(737): Illuminate/Routing/Router->dispatchToRoute(Object(Illuminate/Http/Request))
#22 C:/Users/Dell/Music/Smart_Data_Import_Engine/vendor/laravel/framework/src/Illuminate/Foundation/Http/Kernel.php(200): Illuminate/Routing/Router->dispatch(Object(Illuminate/Http/Request))
#23 C:/Users/Dell/Music/Smart_Data_Import_Engine/vendor/laravel/framework/src/Illuminate/Pipeline/Pipeline.php(144): Illuminate/Foundation/Http/Kernel->Illuminate/Foundation/Http/{closure}(Object(Illuminate/Http/Request))
#24 C:/Users/Dell/Music/Smart_Data_Import_Engine/vendor/laravel/framework/src/Illuminate/Foundation/Http/Middleware/TransformsRequest.php(21): Illuminate/Pipeline/Pipeline->Illuminate/Pipeline/{closure}(Object(Illuminate/Http/Request))
#25 C:/Users/Dell/Music/Smart_Data_Import_Engine/vendor/laravel/framework/src/Illuminate/Foundation/Http/Middleware/ConvertEmptyStringsToNull.php(31): Illuminate/Foundation/Http/Middleware/TransformsRequest->handle(Object(Illuminate/Http/Request), Object(Closure))
#26 C:/Users/Dell/Music/Smart_Data_Import_Engine/vendor/laravel/framework/src/Illuminate/Pipeline/Pipeline.php(183): Illuminate/Foundation/Http/Middleware/ConvertEmptyStringsToNull->handle(Object(Illuminate/Http/Request), Object(Closure))
#27 C:/Users/Dell/Music/Smart_Data_Import_Engine/vendor/laravel/framework/src/Illuminate/Foundation/Http/Middleware/ValidatePostSize.php(27): Illuminate/Pipeline/Pipeline->Illuminate/Pipeline/{closure}(Object(Illuminate/Http/Request))
#28 C:/Users/Dell/Music/Smart_Data_Import_Engine/vendor/laravel/framework/src/Illuminate/Pipeline/Pipeline.php(183): Illuminate/Foundation/Http/Middleware/ValidatePostSize->handle(Object(Illuminate/Http/Request), Object(Closure))
#29 C:/Users/Dell/Music/Smart_Data_Import_Engine/vendor/laravel/framework/src/Illuminate/Http/Middleware/HandleCors.php(49): Illuminate/Pipeline/Pipeline->Illuminate/Pipeline/{closure}(Object(Illuminate/Http/Request))
#30 C:/Users/Dell/Music/Smart_Data_Import_Engine/vendor/laravel/framework/src/Illuminate/Pipeline/Pipeline.php(183): Illuminate/Http/Middleware/HandleCors->handle(Object(Illuminate/Http/Request), Object(Closure))
#31 C:/Users/Dell/Music/Smart_Data_Import_Engine/vendor/laravel/framework/src/Illuminate/Pipeline/Pipeline.php(119): Illuminate/Pipeline/Pipeline->Illuminate/Pipeline/{closure}(Object(Illuminate/Http/Request))
#32 C:/Users/Dell/Music/Smart_Data_Import_Engine/vendor/laravel/framework/src/Illuminate/Foundation/Http/Kernel.php(175): Illuminate/Pipeline/Pipeline->then(Object(Closure))
#33 C:/Users/Dell/Music/Smart_Data_Import_Engine/vendor/laravel/framework/src/Illuminate/Foundation/Http/Kernel.php(144): Illuminate/Foundation/Http/Kernel->sendRequestThroughRouter(Object(Illuminate/Http/Request))
#34 C:/Users/Dell/Music/Smart_Data_Import_Engine/public/index.php(18): Illuminate/Foundation/Http/Kernel->handle(Object(Illuminate/Http/Request))
#35 C:/Users/Dell/Music/Smart_Data_Import_Engine/vendor/laravel/framework/src/Illuminate/Foundation/resources/server.php(16): require_once('C://Users//Dell//M...')
#36 {main}
"} 
[2026-04-29 06:40:50] laravel.EMERGENCY: Unable to create configured logger. Using emergency logger. {"exception":"[object] (InvalidArgumentException(code: 0): Log [] is not defined. at C:/Users/Dell/Music/Smart_Data_Import_Engine/vendor/laravel/framework/src/Illuminate/Log/LogManager.php:212)
[stacktrace]
#0 C:/Users/Dell/Music/Smart_Data_Import_Engine/vendor/laravel/framework/src/Illuminate/Log/LogManager.php(137): Illuminate/Log/LogManager->resolve(NULL, NULL)
#1 C:/Users/Dell/Music/Smart_Data_Import_Engine/vendor/laravel/framework/src/Illuminate/Log/LogManager.php(124): Illuminate/Log/LogManager->get(NULL)
#2 C:/Users/Dell/Music/Smart_Data_Import_Engine/vendor/laravel/framework/src/Illuminate/Log/LogManager.php(681): Illuminate/Log/LogManager->driver()
#3 C:/Users/Dell/Music/Smart_Data_Import_Engine/vendor/laravel/framework/src/Illuminate/Foundation/Exceptions/Handler.php(317): Illuminate/Log/LogManager->error('Trying to acces...', Array)
#4 C:/Users/Dell/Music/Smart_Data_Import_Engine/vendor/laravel/framework/src/Illuminate/Foundation/Exceptions/Handler.php(278): Illuminate/Foundation/Exceptions/Handler->reportThrowable(Object(ErrorException))
#5 C:/Users/Dell/Music/Smart_Data_Import_Engine/vendor/laravel/framework/src/Illuminate/Foundation/Bootstrap/HandleExceptions.php(183): Illuminate/Foundation/Exceptions/Handler->report(Object(ErrorException))
#6 C:/Users/Dell/Music/Smart_Data_Import_Engine/vendor/laravel/framework/src/Illuminate/Foundation/Bootstrap/HandleExceptions.php(255): Illuminate/Foundation/Bootstrap/HandleExceptions->handleException(Object(ErrorException))
#7 [internal function]: Illuminate/Foundation/Bootstrap/HandleExceptions->Illuminate/Foundation/Bootstrap/{closure}(Object(ErrorException))
#8 {main}
"} 
[2026-04-29 06:40:50] laravel.ERROR: Trying to access array offset on value of type null {"exception":"[object] (ErrorException(code: 0): Trying to access array offset on value of type null at C:/Users/Dell/Music/Smart_Data_Import_Engine/vendor/laravel/framework/src/Illuminate/Cookie/CookieServiceProvider.php:20)
[stacktrace]
#0 C:/Users/Dell/Music/Smart_Data_Import_Engine/vendor/laravel/framework/src/Illuminate/Foundation/Bootstrap/HandleExceptions.php(255): Illuminate/Foundation/Bootstrap/HandleExceptions->handleError(2, 'Trying to acces...', 'C://Users//Dell//M...', 20)
#1 C:/Users/Dell/Music/Smart_Data_Import_Engine/vendor/laravel/framework/src/Illuminate/Cookie/CookieServiceProvider.php(20): Illuminate/Foundation/Bootstrap/HandleExceptions->Illuminate/Foundation/Bootstrap/{closure}(2, 'Trying to acces...', 'C://Users//Dell//M...', 20)
#2 C:/Users/Dell/Music/Smart_Data_Import_Engine/vendor/laravel/framework/src/Illuminate/Container/Container.php(908): Illuminate/Cookie/CookieServiceProvider->Illuminate/Cookie/{closure}(Object(Illuminate/Foundation/Application), Array)
#3 C:/Users/Dell/Music/Smart_Data_Import_Engine/vendor/laravel/framework/src/Illuminate/Container/Container.php(795): Illuminate/Container/Container->build(Object(Closure))
#4 C:/Users/Dell/Music/Smart_Data_Import_Engine/vendor/laravel/framework/src/Illuminate/Foundation/Application.php(986): Illuminate/Container/Container->resolve('cookie', Array, true)
#5 C:/Users/Dell/Music/Smart_Data_Import_Engine/vendor/laravel/framework/src/Illuminate/Container/Container.php(731): Illuminate/Foundation/Application->resolve('cookie', Array)
#6 C:/Users/Dell/Music/Smart_Data_Import_Engine/vendor/laravel/framework/src/Illuminate/Foundation/Application.php(971): Illuminate/Container/Container->make('cookie', Array)
#7 C:/Users/Dell/Music/Smart_Data_Import_Engine/vendor/laravel/framework/src/Illuminate/Container/Container.php(1066): Illuminate/Foundation/Application->make('cookie')
#8 C:/Users/Dell/Music/Smart_Data_Import_Engine/vendor/laravel/framework/src/Illuminate/Container/Container.php(982): Illuminate/Container/Container->resolveClass(Object(ReflectionParameter))
#9 C:/Users/Dell/Music/Smart_Data_Import_Engine/vendor/laravel/framework/src/Illuminate/Container/Container.php(943): Illuminate/Container/Container->resolveDependencies(Array)
#10 C:/Users/Dell/Music/Smart_Data_Import_Engine/vendor/laravel/framework/src/Illuminate/Container/Container.php(795): Illuminate/Container/Container->build('Illuminate//Cook...')
#11 C:/Users/Dell/Music/Smart_Data_Import_Engine/vendor/laravel/framework/src/Illuminate/Foundation/Application.php(986): Illuminate/Container/Container->resolve('Illuminate//Cook...', Array, true)
#12 C:/Users/Dell/Music/Smart_Data_Import_Engine/vendor/laravel/framework/src/Illuminate/Container/Container.php(731): Illuminate/Foundation/Application->resolve('Illuminate//Cook...', Array)
#13 C:/Users/Dell/Music/Smart_Data_Import_Engine/vendor/laravel/framework/src/Illuminate/Foundation/Application.php(971): Illuminate/Container/Container->make('Illuminate//Cook...', Array)
#14 C:/Users/Dell/Music/Smart_Data_Import_Engine/vendor/laravel/framework/src/Illuminate/Foundation/Http/Kernel.php(255): Illuminate/Foundation/Application->make('Illuminate//Cook...')
#15 C:/Users/Dell/Music/Smart_Data_Import_Engine/vendor/laravel/framework/src/Illuminate/Foundation/Http/Kernel.php(213): Illuminate/Foundation/Http/Kernel->terminateMiddleware(Object(Illuminate/Http/Request), Object(Illuminate/Http/Response))
#16 C:/Users/Dell/Music/Smart_Data_Import_Engine/public/index.php(22): Illuminate/Foundation/Http/Kernel->terminate(Object(Illuminate/Http/Request), Object(Illuminate/Http/Response))
#17 C:/Users/Dell/Music/Smart_Data_Import_Engine/vendor/laravel/framework/src/Illuminate/Foundation/resources/server.php(16): require_once('C://Users//Dell//M...')
#18 {main}
"} 
[2026-04-29 06:40:50] laravel.EMERGENCY: Unable to create configured logger. Using emergency logger. {"exception":"[object] (InvalidArgumentException(code: 0): Log [] is not defined. at C:/Users/Dell/Music/Smart_Data_Import_Engine/vendor/laravel/framework/src/Illuminate/Log/LogManager.php:212)
[stacktrace]
#0 C:/Users/Dell/Music/Smart_Data_Import_Engine/vendor/laravel/framework/src/Illuminate/Log/LogManager.php(137): Illuminate/Log/LogManager->resolve(NULL, NULL)
#1 C:/Users/Dell/Music/Smart_Data_Import_Engine/vendor/laravel/framework/src/Illuminate/Log/LogManager.php(124): Illuminate/Log/LogManager->get(NULL)
#2 C:/Users/Dell/Music/Smart_Data_Import_Engine/vendor/laravel/framework/src/Illuminate/Log/LogManager.php(681): Illuminate/Log/LogManager->driver()
#3 C:/Users/Dell/Music/Smart_Data_Import_Engine/vendor/laravel/framework/src/Illuminate/Foundation/Exceptions/Handler.php(317): Illuminate/Log/LogManager->error('Illuminate//View...', Array)
#4 C:/Users/Dell/Music/Smart_Data_Import_Engine/vendor/laravel/framework/src/Illuminate/Foundation/Exceptions/Handler.php(278): Illuminate/Foundation/Exceptions/Handler->reportThrowable(Object(TypeError))
#5 C:/Users/Dell/Music/Smart_Data_Import_Engine/vendor/laravel/framework/src/Illuminate/Routing/Pipeline.php(49): Illuminate/Foundation/Exceptions/Handler->report(Object(TypeError))
#6 C:/Users/Dell/Music/Smart_Data_Import_Engine/vendor/laravel/framework/src/Illuminate/Pipeline/Pipeline.php(188): Illuminate/Routing/Pipeline->handleException(Object(Illuminate/Http/Request), Object(TypeError))
#7 C:/Users/Dell/Music/Smart_Data_Import_Engine/vendor/laravel/framework/src/Illuminate/Foundation/Http/Middleware/ValidatePostSize.php(27): Illuminate/Pipeline/Pipeline->Illuminate/Pipeline/{closure}(Object(Illuminate/Http/Request))
#8 C:/Users/Dell/Music/Smart_Data_Import_Engine/vendor/laravel/framework/src/Illuminate/Pipeline/Pipeline.php(183): Illuminate/Foundation/Http/Middleware/ValidatePostSize->handle(Object(Illuminate/Http/Request), Object(Closure))
#9 C:/Users/Dell/Music/Smart_Data_Import_Engine/vendor/laravel/framework/src/Illuminate/Http/Middleware/HandleCors.php(49): Illuminate/Pipeline/Pipeline->Illuminate/Pipeline/{closure}(Object(Illuminate/Http/Request))
#10 C:/Users/Dell/Music/Smart_Data_Import_Engine/vendor/laravel/framework/src/Illuminate/Pipeline/Pipeline.php(183): Illuminate/Http/Middleware/HandleCors->handle(Object(Illuminate/Http/Request), Object(Closure))
#11 C:/Users/Dell/Music/Smart_Data_Import_Engine/vendor/laravel/framework/src/Illuminate/Pipeline/Pipeline.php(119): Illuminate/Pipeline/Pipeline->Illuminate/Pipeline/{closure}(Object(Illuminate/Http/Request))
#12 C:/Users/Dell/Music/Smart_Data_Import_Engine/vendor/laravel/framework/src/Illuminate/Foundation/Http/Kernel.php(175): Illuminate/Pipeline/Pipeline->then(Object(Closure))
#13 C:/Users/Dell/Music/Smart_Data_Import_Engine/vendor/laravel/framework/src/Illuminate/Foundation/Http/Kernel.php(144): Illuminate/Foundation/Http/Kernel->sendRequestThroughRouter(Object(Illuminate/Http/Request))
#14 C:/Users/Dell/Music/Smart_Data_Import_Engine/public/index.php(18): Illuminate/Foundation/Http/Kernel->handle(Object(Illuminate/Http/Request))
#15 C:/Users/Dell/Music/Smart_Data_Import_Engine/vendor/laravel/framework/src/Illuminate/Foundation/resources/server.php(16): require_once('C://Users//Dell//M...')
#16 {main}
"} 
[2026-04-29 06:40:50] laravel.ERROR: Illuminate\View\FileViewFinder::__construct(): Argument #2 ($paths) must be of type array, null given, called in C:\Users\Dell\Music\Smart_Data_Import_Engine\vendor\laravel\framework\src\Illuminate\View\ViewServiceProvider.php on line 85 {"exception":"[object] (TypeError(code: 0): Illuminate\\View\\FileViewFinder::__construct(): Argument #2 ($paths) must be of type array, null given, called in C:\\Users\\Dell\\Music\\Smart_Data_Import_Engine\\vendor\\laravel\\framework\\src\\Illuminate\\View\\ViewServiceProvider.php on line 85 at C:/Users/Dell/Music/Smart_Data_Import_Engine/vendor/laravel/framework/src/Illuminate/View/FileViewFinder.php:53)
[stacktrace]
#0 C:/Users/Dell/Music/Smart_Data_Import_Engine/vendor/laravel/framework/src/Illuminate/View/ViewServiceProvider.php(85): Illuminate/View/FileViewFinder->__construct(Object(Illuminate/Filesystem/Filesystem), NULL)
#1 C:/Users/Dell/Music/Smart_Data_Import_Engine/vendor/laravel/framework/src/Illuminate/Container/Container.php(908): Illuminate/View/ViewServiceProvider->Illuminate/View/{closure}(Object(Illuminate/Foundation/Application), Array)
#2 C:/Users/Dell/Music/Smart_Data_Import_Engine/vendor/laravel/framework/src/Illuminate/Container/Container.php(795): Illuminate/Container/Container->build(Object(Closure))
#3 C:/Users/Dell/Music/Smart_Data_Import_Engine/vendor/laravel/framework/src/Illuminate/Foundation/Application.php(986): Illuminate/Container/Container->resolve('view.finder', Array, true)
#4 C:/Users/Dell/Music/Smart_Data_Import_Engine/vendor/laravel/framework/src/Illuminate/Container/Container.php(731): Illuminate/Foundation/Application->resolve('view.finder', Array)
#5 C:/Users/Dell/Music/Smart_Data_Import_Engine/vendor/laravel/framework/src/Illuminate/Foundation/Application.php(971): Illuminate/Container/Container->make('view.finder', Array)
#6 C:/Users/Dell/Music/Smart_Data_Import_Engine/vendor/laravel/framework/src/Illuminate/Container/Container.php(1454): Illuminate/Foundation/Application->make('view.finder')
#7 C:/Users/Dell/Music/Smart_Data_Import_Engine/vendor/laravel/framework/src/Illuminate/View/ViewServiceProvider.php(45): Illuminate/Container/Container->offsetGet('view.finder')
#8 C:/Users/Dell/Music/Smart_Data_Import_Engine/vendor/laravel/framework/src/Illuminate/Container/Container.php(908): Illuminate/View/ViewServiceProvider->Illuminate/View/{closure}(Object(Illuminate/Foundation/Application), Array)
#9 C:/Users/Dell/Music/Smart_Data_Import_Engine/vendor/laravel/framework/src/Illuminate/Container/Container.php(795): Illuminate/Container/Container->build(Object(Closure))
#10 C:/Users/Dell/Music/Smart_Data_Import_Engine/vendor/laravel/framework/src/Illuminate/Foundation/Application.php(986): Illuminate/Container/Container->resolve('view', Array, true)
#11 C:/Users/Dell/Music/Smart_Data_Import_Engine/vendor/laravel/framework/src/Illuminate/Container/Container.php(731): Illuminate/Foundation/Application->resolve('view', Array)
#12 C:/Users/Dell/Music/Smart_Data_Import_Engine/vendor/laravel/framework/src/Illuminate/Foundation/Application.php(971): Illuminate/Container/Container->make('view', Array)
#13 C:/Users/Dell/Music/Smart_Data_Import_Engine/vendor/laravel/framework/src/Illuminate/Container/Container.php(1454): Illuminate/Foundation/Application->make('view')
#14 C:/Users/Dell/Music/Smart_Data_Import_Engine/vendor/laravel/framework/src/Illuminate/Support/Facades/Facade.php(237): Illuminate/Container/Container->offsetGet('view')
#15 C:/Users/Dell/Music/Smart_Data_Import_Engine/vendor/laravel/framework/src/Illuminate/Support/Facades/Facade.php(208): Illuminate/Support/Facades/Facade::resolveFacadeInstance('view')
#16 C:/Users/Dell/Music/Smart_Data_Import_Engine/vendor/laravel/framework/src/Illuminate/Support/Facades/Facade.php(349): Illuminate/Support/Facades/Facade::getFacadeRoot()
#17 C:/Users/Dell/Music/Smart_Data_Import_Engine/vendor/laravel/framework/src/Illuminate/Foundation/Exceptions/RegisterErrorViewPaths.php(16): Illuminate/Support/Facades/Facade::__callStatic('replaceNamespac...', Array)
#18 C:/Users/Dell/Music/Smart_Data_Import_Engine/vendor/laravel/framework/src/Illuminate/Foundation/Exceptions/Handler.php(744): Illuminate/Foundation/Exceptions/RegisterErrorViewPaths->__invoke()
#19 C:/Users/Dell/Music/Smart_Data_Import_Engine/vendor/laravel/framework/src/Illuminate/Foundation/Exceptions/Handler.php(719): Illuminate/Foundation/Exceptions/Handler->registerErrorViewPaths()
#20 C:/Users/Dell/Music/Smart_Data_Import_Engine/vendor/laravel/framework/src/Illuminate/Foundation/Exceptions/Handler.php(650): Illuminate/Foundation/Exceptions/Handler->renderHttpException(Object(Symfony/Component/HttpKernel/Exception/NotFoundHttpException))
#21 C:/Users/Dell/Music/Smart_Data_Import_Engine/vendor/laravel/framework/src/Illuminate/Foundation/Exceptions/Handler.php(556): Illuminate/Foundation/Exceptions/Handler->prepareResponse(Object(Illuminate/Http/Request), Object(Symfony/Component/HttpKernel/Exception/NotFoundHttpException))
#22 C:/Users/Dell/Music/Smart_Data_Import_Engine/vendor/laravel/framework/src/Illuminate/Foundation/Exceptions/Handler.php(473): Illuminate/Foundation/Exceptions/Handler->renderExceptionResponse(Object(Illuminate/Http/Request), Object(Symfony/Component/HttpKernel/Exception/NotFoundHttpException))
#23 C:/Users/Dell/Music/Smart_Data_Import_Engine/vendor/laravel/framework/src/Illuminate/Routing/Pipeline.php(51): Illuminate/Foundation/Exceptions/Handler->render(Object(Illuminate/Http/Request), Object(Symfony/Component/HttpKernel/Exception/NotFoundHttpException))
#24 C:/Users/Dell/Music/Smart_Data_Import_Engine/vendor/laravel/framework/src/Illuminate/Pipeline/Pipeline.php(146): Illuminate/Routing/Pipeline->handleException(Object(Illuminate/Http/Request), Object(Symfony/Component/HttpKernel/Exception/NotFoundHttpException))
#25 C:/Users/Dell/Music/Smart_Data_Import_Engine/vendor/laravel/framework/src/Illuminate/Foundation/Http/Middleware/TransformsRequest.php(21): Illuminate/Pipeline/Pipeline->Illuminate/Pipeline/{closure}(Object(Illuminate/Http/Request))
#26 C:/Users/Dell/Music/Smart_Data_Import_Engine/vendor/laravel/framework/src/Illuminate/Foundation/Http/Middleware/ConvertEmptyStringsToNull.php(31): Illuminate/Foundation/Http/Middleware/TransformsRequest->handle(Object(Illuminate/Http/Request), Object(Closure))
#27 C:/Users/Dell/Music/Smart_Data_Import_Engine/vendor/laravel/framework/src/Illuminate/Pipeline/Pipeline.php(183): Illuminate/Foundation/Http/Middleware/ConvertEmptyStringsToNull->handle(Object(Illuminate/Http/Request), Object(Closure))
#28 C:/Users/Dell/Music/Smart_Data_Import_Engine/vendor/laravel/framework/src/Illuminate/Foundation/Http/Middleware/ValidatePostSize.php(27): Illuminate/Pipeline/Pipeline->Illuminate/Pipeline/{closure}(Object(Illuminate/Http/Request))
#29 C:/Users/Dell/Music/Smart_Data_Import_Engine/vendor/laravel/framework/src/Illuminate/Pipeline/Pipeline.php(183): Illuminate/Foundation/Http/Middleware/ValidatePostSize->handle(Object(Illuminate/Http/Request), Object(Closure))
#30 C:/Users/Dell/Music/Smart_Data_Import_Engine/vendor/laravel/framework/src/Illuminate/Http/Middleware/HandleCors.php(49): Illuminate/Pipeline/Pipeline->Illuminate/Pipeline/{closure}(Object(Illuminate/Http/Request))
#31 C:/Users/Dell/Music/Smart_Data_Import_Engine/vendor/laravel/framework/src/Illuminate/Pipeline/Pipeline.php(183): Illuminate/Http/Middleware/HandleCors->handle(Object(Illuminate/Http/Request), Object(Closure))
#32 C:/Users/Dell/Music/Smart_Data_Import_Engine/vendor/laravel/framework/src/Illuminate/Pipeline/Pipeline.php(119): Illuminate/Pipeline/Pipeline->Illuminate/Pipeline/{closure}(Object(Illuminate/Http/Request))
#33 C:/Users/Dell/Music/Smart_Data_Import_Engine/vendor/laravel/framework/src/Illuminate/Foundation/Http/Kernel.php(175): Illuminate/Pipeline/Pipeline->then(Object(Closure))
#34 C:/Users/Dell/Music/Smart_Data_Import_Engine/vendor/laravel/framework/src/Illuminate/Foundation/Http/Kernel.php(144): Illuminate/Foundation/Http/Kernel->sendRequestThroughRouter(Object(Illuminate/Http/Request))
#35 C:/Users/Dell/Music/Smart_Data_Import_Engine/public/index.php(18): Illuminate/Foundation/Http/Kernel->handle(Object(Illuminate/Http/Request))
#36 C:/Users/Dell/Music/Smart_Data_Import_Engine/vendor/laravel/framework/src/Illuminate/Foundation/resources/server.php(16): require_once('C://Users//Dell//M...')
#37 {main}
"} 
[2026-04-29 06:41:51] laravel.EMERGENCY: Unable to create configured logger. Using emergency logger. {"exception":"[object] (InvalidArgumentException(code: 0): Log [] is not defined. at C:/Users/Dell/Music/Smart_Data_Import_Engine/vendor/laravel/framework/src/Illuminate/Log/LogManager.php:212)
[stacktrace]
#0 C:/Users/Dell/Music/Smart_Data_Import_Engine/vendor/laravel/framework/src/Illuminate/Log/LogManager.php(137): Illuminate/Log/LogManager->resolve(NULL, NULL)
#1 C:/Users/Dell/Music/Smart_Data_Import_Engine/vendor/laravel/framework/src/Illuminate/Log/LogManager.php(124): Illuminate/Log/LogManager->get(NULL)
#2 C:/Users/Dell/Music/Smart_Data_Import_Engine/vendor/laravel/framework/src/Illuminate/Log/LogManager.php(681): Illuminate/Log/LogManager->driver()
#3 C:/Users/Dell/Music/Smart_Data_Import_Engine/vendor/laravel/framework/src/Illuminate/Foundation/Exceptions/Handler.php(317): Illuminate/Log/LogManager->error('Target class [I...', Array)
#4 C:/Users/Dell/Music/Smart_Data_Import_Engine/vendor/laravel/framework/src/Illuminate/Foundation/Exceptions/Handler.php(278): Illuminate/Foundation/Exceptions/Handler->reportThrowable(Object(Illuminate/Contracts/Container/BindingResolutionException))
#5 C:/Users/Dell/Music/Smart_Data_Import_Engine/vendor/laravel/framework/src/Illuminate/Routing/Pipeline.php(49): Illuminate/Foundation/Exceptions/Handler->report(Object(Illuminate/Contracts/Container/BindingResolutionException))
#6 C:/Users/Dell/Music/Smart_Data_Import_Engine/vendor/laravel/framework/src/Illuminate/Pipeline/Pipeline.php(188): Illuminate/Routing/Pipeline->handleException(Object(Illuminate/Http/Request), Object(Illuminate/Contracts/Container/BindingResolutionException))
#7 C:/Users/Dell/Music/Smart_Data_Import_Engine/vendor/laravel/framework/src/Illuminate/View/Middleware/ShareErrorsFromSession.php(49): Illuminate/Pipeline/Pipeline->Illuminate/Pipeline/{closure}(Object(Illuminate/Http/Request))
#8 C:/Users/Dell/Music/Smart_Data_Import_Engine/vendor/laravel/framework/src/Illuminate/Pipeline/Pipeline.php(183): Illuminate/View/Middleware/ShareErrorsFromSession->handle(Object(Illuminate/Http/Request), Object(Closure))
#9 C:/Users/Dell/Music/Smart_Data_Import_Engine/vendor/laravel/framework/src/Illuminate/Session/Middleware/StartSession.php(121): Illuminate/Pipeline/Pipeline->Illuminate/Pipeline/{closure}(Object(Illuminate/Http/Request))
#10 C:/Users/Dell/Music/Smart_Data_Import_Engine/vendor/laravel/framework/src/Illuminate/Session/Middleware/StartSession.php(64): Illuminate/Session/Middleware/StartSession->handleStatefulRequest(Object(Illuminate/Http/Request), Object(Illuminate/Session/Store), Object(Closure))
#11 C:/Users/Dell/Music/Smart_Data_Import_Engine/vendor/laravel/framework/src/Illuminate/Pipeline/Pipeline.php(183): Illuminate/Session/Middleware/StartSession->handle(Object(Illuminate/Http/Request), Object(Closure))
#12 C:/Users/Dell/Music/Smart_Data_Import_Engine/vendor/laravel/framework/src/Illuminate/Cookie/Middleware/AddQueuedCookiesToResponse.php(37): Illuminate/Pipeline/Pipeline->Illuminate/Pipeline/{closure}(Object(Illuminate/Http/Request))
#13 C:/Users/Dell/Music/Smart_Data_Import_Engine/vendor/laravel/framework/src/Illuminate/Pipeline/Pipeline.php(183): Illuminate/Cookie/Middleware/AddQueuedCookiesToResponse->handle(Object(Illuminate/Http/Request), Object(Closure))
#14 C:/Users/Dell/Music/Smart_Data_Import_Engine/vendor/laravel/framework/src/Illuminate/Cookie/Middleware/EncryptCookies.php(67): Illuminate/Pipeline/Pipeline->Illuminate/Pipeline/{closure}(Object(Illuminate/Http/Request))
#15 C:/Users/Dell/Music/Smart_Data_Import_Engine/vendor/laravel/framework/src/Illuminate/Pipeline/Pipeline.php(183): Illuminate/Cookie/Middleware/EncryptCookies->handle(Object(Illuminate/Http/Request), Object(Closure))
#16 C:/Users/Dell/Music/Smart_Data_Import_Engine/vendor/laravel/framework/src/Illuminate/Pipeline/Pipeline.php(119): Illuminate/Pipeline/Pipeline->Illuminate/Pipeline/{closure}(Object(Illuminate/Http/Request))
#17 C:/Users/Dell/Music/Smart_Data_Import_Engine/vendor/laravel/framework/src/Illuminate/Routing/Router.php(805): Illuminate/Pipeline/Pipeline->then(Object(Closure))
#18 C:/Users/Dell/Music/Smart_Data_Import_Engine/vendor/laravel/framework/src/Illuminate/Routing/Router.php(784): Illuminate/Routing/Router->runRouteWithinStack(Object(Illuminate/Routing/Route), Object(Illuminate/Http/Request))
#19 C:/Users/Dell/Music/Smart_Data_Import_Engine/vendor/laravel/framework/src/Illuminate/Routing/Router.php(748): Illuminate/Routing/Router->runRoute(Object(Illuminate/Http/Request), Object(Illuminate/Routing/Route))
#20 C:/Users/Dell/Music/Smart_Data_Import_Engine/vendor/laravel/framework/src/Illuminate/Routing/Router.php(737): Illuminate/Routing/Router->dispatchToRoute(Object(Illuminate/Http/Request))
#21 C:/Users/Dell/Music/Smart_Data_Import_Engine/vendor/laravel/framework/src/Illuminate/Foundation/Http/Kernel.php(200): Illuminate/Routing/Router->dispatch(Object(Illuminate/Http/Request))
#22 C:/Users/Dell/Music/Smart_Data_Import_Engine/vendor/laravel/framework/src/Illuminate/Pipeline/Pipeline.php(144): Illuminate/Foundation/Http/Kernel->Illuminate/Foundation/Http/{closure}(Object(Illuminate/Http/Request))
#23 C:/Users/Dell/Music/Smart_Data_Import_Engine/vendor/laravel/framework/src/Illuminate/Foundation/Http/Middleware/TransformsRequest.php(21): Illuminate/Pipeline/Pipeline->Illuminate/Pipeline/{closure}(Object(Illuminate/Http/Request))
#24 C:/Users/Dell/Music/Smart_Data_Import_Engine/vendor/laravel/framework/src/Illuminate/Foundation/Http/Middleware/ConvertEmptyStringsToNull.php(31): Illuminate/Foundation/Http/Middleware/TransformsRequest->handle(Object(Illuminate/Http/Request), Object(Closure))
#25 C:/Users/Dell/Music/Smart_Data_Import_Engine/vendor/laravel/framework/src/Illuminate/Pipeline/Pipeline.php(183): Illuminate/Foundation/Http/Middleware/ConvertEmptyStringsToNull->handle(Object(Illuminate/Http/Request), Object(Closure))
#26 C:/Users/Dell/Music/Smart_Data_Import_Engine/vendor/laravel/framework/src/Illuminate/Foundation/Http/Middleware/ValidatePostSize.php(27): Illuminate/Pipeline/Pipeline->Illuminate/Pipeline/{closure}(Object(Illuminate/Http/Request))
#27 C:/Users/Dell/Music/Smart_Data_Import_Engine/vendor/laravel/framework/src/Illuminate/Pipeline/Pipeline.php(183): Illuminate/Foundation/Http/Middleware/ValidatePostSize->handle(Object(Illuminate/Http/Request), Object(Closure))
#28 C:/Users/Dell/Music/Smart_Data_Import_Engine/vendor/laravel/framework/src/Illuminate/Http/Middleware/HandleCors.php(49): Illuminate/Pipeline/Pipeline->Illuminate/Pipeline/{closure}(Object(Illuminate/Http/Request))
#29 C:/Users/Dell/Music/Smart_Data_Import_Engine/vendor/laravel/framework/src/Illuminate/Pipeline/Pipeline.php(183): Illuminate/Http/Middleware/HandleCors->handle(Object(Illuminate/Http/Request), Object(Closure))
#30 C:/Users/Dell/Music/Smart_Data_Import_Engine/vendor/laravel/framework/src/Illuminate/Pipeline/Pipeline.php(119): Illuminate/Pipeline/Pipeline->Illuminate/Pipeline/{closure}(Object(Illuminate/Http/Request))
#31 C:/Users/Dell/Music/Smart_Data_Import_Engine/vendor/laravel/framework/src/Illuminate/Foundation/Http/Kernel.php(175): Illuminate/Pipeline/Pipeline->then(Object(Closure))
#32 C:/Users/Dell/Music/Smart_Data_Import_Engine/vendor/laravel/framework/src/Illuminate/Foundation/Http/Kernel.php(144): Illuminate/Foundation/Http/Kernel->sendRequestThroughRouter(Object(Illuminate/Http/Request))
#33 C:/Users/Dell/Music/Smart_Data_Import_Engine/public/index.php(18): Illuminate/Foundation/Http/Kernel->handle(Object(Illuminate/Http/Request))
#34 C:/Users/Dell/Music/Smart_Data_Import_Engine/vendor/laravel/framework/src/Illuminate/Foundation/resources/server.php(16): require_once('C://Users//Dell//M...')
#35 {main}
"} 
[2026-04-29 06:41:51] laravel.ERROR: Target class [Illuminate\Foundation\Http\Middleware\ValidateCsrfToken] does not exist. {"exception":"[object] (Illuminate\\Contracts\\Container\\BindingResolutionException(code: 0): Target class [Illuminate\\Foundation\\Http\\Middleware\\ValidateCsrfToken] does not exist. at C:/Users/Dell/Music/Smart_Data_Import_Engine/vendor/laravel/framework/src/Illuminate/Container/Container.php:914)
[stacktrace]
#0 C:/Users/Dell/Music/Smart_Data_Import_Engine/vendor/laravel/framework/src/Illuminate/Container/Container.php(795): Illuminate/Container/Container->build('Illuminate//Foun...')
#1 C:/Users/Dell/Music/Smart_Data_Import_Engine/vendor/laravel/framework/src/Illuminate/Foundation/Application.php(986): Illuminate/Container/Container->resolve('Illuminate//Foun...', Array, true)
#2 C:/Users/Dell/Music/Smart_Data_Import_Engine/vendor/laravel/framework/src/Illuminate/Container/Container.php(731): Illuminate/Foundation/Application->resolve('Illuminate//Foun...', Array)
#3 C:/Users/Dell/Music/Smart_Data_Import_Engine/vendor/laravel/framework/src/Illuminate/Foundation/Application.php(971): Illuminate/Container/Container->make('Illuminate//Foun...', Array)
#4 C:/Users/Dell/Music/Smart_Data_Import_Engine/vendor/laravel/framework/src/Illuminate/Pipeline/Pipeline.php(172): Illuminate/Foundation/Application->make('Illuminate//Foun...')
#5 C:/Users/Dell/Music/Smart_Data_Import_Engine/vendor/laravel/framework/src/Illuminate/View/Middleware/ShareErrorsFromSession.php(49): Illuminate/Pipeline/Pipeline->Illuminate/Pipeline/{closure}(Object(Illuminate/Http/Request))
#6 C:/Users/Dell/Music/Smart_Data_Import_Engine/vendor/laravel/framework/src/Illuminate/Pipeline/Pipeline.php(183): Illuminate/View/Middleware/ShareErrorsFromSession->handle(Object(Illuminate/Http/Request), Object(Closure))
#7 C:/Users/Dell/Music/Smart_Data_Import_Engine/vendor/laravel/framework/src/Illuminate/Session/Middleware/StartSession.php(121): Illuminate/Pipeline/Pipeline->Illuminate/Pipeline/{closure}(Object(Illuminate/Http/Request))
#8 C:/Users/Dell/Music/Smart_Data_Import_Engine/vendor/laravel/framework/src/Illuminate/Session/Middleware/StartSession.php(64): Illuminate/Session/Middleware/StartSession->handleStatefulRequest(Object(Illuminate/Http/Request), Object(Illuminate/Session/Store), Object(Closure))
#9 C:/Users/Dell/Music/Smart_Data_Import_Engine/vendor/laravel/framework/src/Illuminate/Pipeline/Pipeline.php(183): Illuminate/Session/Middleware/StartSession->handle(Object(Illuminate/Http/Request), Object(Closure))
#10 C:/Users/Dell/Music/Smart_Data_Import_Engine/vendor/laravel/framework/src/Illuminate/Cookie/Middleware/AddQueuedCookiesToResponse.php(37): Illuminate/Pipeline/Pipeline->Illuminate/Pipeline/{closure}(Object(Illuminate/Http/Request))
#11 C:/Users/Dell/Music/Smart_Data_Import_Engine/vendor/laravel/framework/src/Illuminate/Pipeline/Pipeline.php(183): Illuminate/Cookie/Middleware/AddQueuedCookiesToResponse->handle(Object(Illuminate/Http/Request), Object(Closure))
#12 C:/Users/Dell/Music/Smart_Data_Import_Engine/vendor/laravel/framework/src/Illuminate/Cookie/Middleware/EncryptCookies.php(67): Illuminate/Pipeline/Pipeline->Illuminate/Pipeline/{closure}(Object(Illuminate/Http/Request))
#13 C:/Users/Dell/Music/Smart_Data_Import_Engine/vendor/laravel/framework/src/Illuminate/Pipeline/Pipeline.php(183): Illuminate/Cookie/Middleware/EncryptCookies->handle(Object(Illuminate/Http/Request), Object(Closure))
#14 C:/Users/Dell/Music/Smart_Data_Import_Engine/vendor/laravel/framework/src/Illuminate/Pipeline/Pipeline.php(119): Illuminate/Pipeline/Pipeline->Illuminate/Pipeline/{closure}(Object(Illuminate/Http/Request))
#15 C:/Users/Dell/Music/Smart_Data_Import_Engine/vendor/laravel/framework/src/Illuminate/Routing/Router.php(805): Illuminate/Pipeline/Pipeline->then(Object(Closure))
#16 C:/Users/Dell/Music/Smart_Data_Import_Engine/vendor/laravel/framework/src/Illuminate/Routing/Router.php(784): Illuminate/Routing/Router->runRouteWithinStack(Object(Illuminate/Routing/Route), Object(Illuminate/Http/Request))
#17 C:/Users/Dell/Music/Smart_Data_Import_Engine/vendor/laravel/framework/src/Illuminate/Routing/Router.php(748): Illuminate/Routing/Router->runRoute(Object(Illuminate/Http/Request), Object(Illuminate/Routing/Route))
#18 C:/Users/Dell/Music/Smart_Data_Import_Engine/vendor/laravel/framework/src/Illuminate/Routing/Router.php(737): Illuminate/Routing/Router->dispatchToRoute(Object(Illuminate/Http/Request))
#19 C:/Users/Dell/Music/Smart_Data_Import_Engine/vendor/laravel/framework/src/Illuminate/Foundation/Http/Kernel.php(200): Illuminate/Routing/Router->dispatch(Object(Illuminate/Http/Request))
#20 C:/Users/Dell/Music/Smart_Data_Import_Engine/vendor/laravel/framework/src/Illuminate/Pipeline/Pipeline.php(144): Illuminate/Foundation/Http/Kernel->Illuminate/Foundation/Http/{closure}(Object(Illuminate/Http/Request))
#21 C:/Users/Dell/Music/Smart_Data_Import_Engine/vendor/laravel/framework/src/Illuminate/Foundation/Http/Middleware/TransformsRequest.php(21): Illuminate/Pipeline/Pipeline->Illuminate/Pipeline/{closure}(Object(Illuminate/Http/Request))
#22 C:/Users/Dell/Music/Smart_Data_Import_Engine/vendor/laravel/framework/src/Illuminate/Foundation/Http/Middleware/ConvertEmptyStringsToNull.php(31): Illuminate/Foundation/Http/Middleware/TransformsRequest->handle(Object(Illuminate/Http/Request), Object(Closure))
#23 C:/Users/Dell/Music/Smart_Data_Import_Engine/vendor/laravel/framework/src/Illuminate/Pipeline/Pipeline.php(183): Illuminate/Foundation/Http/Middleware/ConvertEmptyStringsToNull->handle(Object(Illuminate/Http/Request), Object(Closure))
#24 C:/Users/Dell/Music/Smart_Data_Import_Engine/vendor/laravel/framework/src/Illuminate/Foundation/Http/Middleware/ValidatePostSize.php(27): Illuminate/Pipeline/Pipeline->Illuminate/Pipeline/{closure}(Object(Illuminate/Http/Request))
#25 C:/Users/Dell/Music/Smart_Data_Import_Engine/vendor/laravel/framework/src/Illuminate/Pipeline/Pipeline.php(183): Illuminate/Foundation/Http/Middleware/ValidatePostSize->handle(Object(Illuminate/Http/Request), Object(Closure))
#26 C:/Users/Dell/Music/Smart_Data_Import_Engine/vendor/laravel/framework/src/Illuminate/Http/Middleware/HandleCors.php(49): Illuminate/Pipeline/Pipeline->Illuminate/Pipeline/{closure}(Object(Illuminate/Http/Request))
#27 C:/Users/Dell/Music/Smart_Data_Import_Engine/vendor/laravel/framework/src/Illuminate/Pipeline/Pipeline.php(183): Illuminate/Http/Middleware/HandleCors->handle(Object(Illuminate/Http/Request), Object(Closure))
#28 C:/Users/Dell/Music/Smart_Data_Import_Engine/vendor/laravel/framework/src/Illuminate/Pipeline/Pipeline.php(119): Illuminate/Pipeline/Pipeline->Illuminate/Pipeline/{closure}(Object(Illuminate/Http/Request))
#29 C:/Users/Dell/Music/Smart_Data_Import_Engine/vendor/laravel/framework/src/Illuminate/Foundation/Http/Kernel.php(175): Illuminate/Pipeline/Pipeline->then(Object(Closure))
#30 C:/Users/Dell/Music/Smart_Data_Import_Engine/vendor/laravel/framework/src/Illuminate/Foundation/Http/Kernel.php(144): Illuminate/Foundation/Http/Kernel->sendRequestThroughRouter(Object(Illuminate/Http/Request))
#31 C:/Users/Dell/Music/Smart_Data_Import_Engine/public/index.php(18): Illuminate/Foundation/Http/Kernel->handle(Object(Illuminate/Http/Request))
#32 C:/Users/Dell/Music/Smart_Data_Import_Engine/vendor/laravel/framework/src/Illuminate/Foundation/resources/server.php(16): require_once('C://Users//Dell//M...')
#33 {main}

[previous exception] [object] (ReflectionException(code: -1): Class \"Illuminate\\Foundation\\Http\\Middleware\\ValidateCsrfToken\" does not exist at C:/Users/Dell/Music/Smart_Data_Import_Engine/vendor/laravel/framework/src/Illuminate/Container/Container.php:912)
[stacktrace]
#0 C:/Users/Dell/Music/Smart_Data_Import_Engine/vendor/laravel/framework/src/Illuminate/Container/Container.php(912): ReflectionClass->__construct('Illuminate//Foun...')
#1 C:/Users/Dell/Music/Smart_Data_Import_Engine/vendor/laravel/framework/src/Illuminate/Container/Container.php(795): Illuminate/Container/Container->build('Illuminate//Foun...')
#2 C:/Users/Dell/Music/Smart_Data_Import_Engine/vendor/laravel/framework/src/Illuminate/Foundation/Application.php(986): Illuminate/Container/Container->resolve('Illuminate//Foun...', Array, true)
#3 C:/Users/Dell/Music/Smart_Data_Import_Engine/vendor/laravel/framework/src/Illuminate/Container/Container.php(731): Illuminate/Foundation/Application->resolve('Illuminate//Foun...', Array)
#4 C:/Users/Dell/Music/Smart_Data_Import_Engine/vendor/laravel/framework/src/Illuminate/Foundation/Application.php(971): Illuminate/Container/Container->make('Illuminate//Foun...', Array)
#5 C:/Users/Dell/Music/Smart_Data_Import_Engine/vendor/laravel/framework/src/Illuminate/Pipeline/Pipeline.php(172): Illuminate/Foundation/Application->make('Illuminate//Foun...')
#6 C:/Users/Dell/Music/Smart_Data_Import_Engine/vendor/laravel/framework/src/Illuminate/View/Middleware/ShareErrorsFromSession.php(49): Illuminate/Pipeline/Pipeline->Illuminate/Pipeline/{closure}(Object(Illuminate/Http/Request))
#7 C:/Users/Dell/Music/Smart_Data_Import_Engine/vendor/laravel/framework/src/Illuminate/Pipeline/Pipeline.php(183): Illuminate/View/Middleware/ShareErrorsFromSession->handle(Object(Illuminate/Http/Request), Object(Closure))
#8 C:/Users/Dell/Music/Smart_Data_Import_Engine/vendor/laravel/framework/src/Illuminate/Session/Middleware/StartSession.php(121): Illuminate/Pipeline/Pipeline->Illuminate/Pipeline/{closure}(Object(Illuminate/Http/Request))
#9 C:/Users/Dell/Music/Smart_Data_Import_Engine/vendor/laravel/framework/src/Illuminate/Session/Middleware/StartSession.php(64): Illuminate/Session/Middleware/StartSession->handleStatefulRequest(Object(Illuminate/Http/Request), Object(Illuminate/Session/Store), Object(Closure))
#10 C:/Users/Dell/Music/Smart_Data_Import_Engine/vendor/laravel/framework/src/Illuminate/Pipeline/Pipeline.php(183): Illuminate/Session/Middleware/StartSession->handle(Object(Illuminate/Http/Request), Object(Closure))
#11 C:/Users/Dell/Music/Smart_Data_Import_Engine/vendor/laravel/framework/src/Illuminate/Cookie/Middleware/AddQueuedCookiesToResponse.php(37): Illuminate/Pipeline/Pipeline->Illuminate/Pipeline/{closure}(Object(Illuminate/Http/Request))
#12 C:/Users/Dell/Music/Smart_Data_Import_Engine/vendor/laravel/framework/src/Illuminate/Pipeline/Pipeline.php(183): Illuminate/Cookie/Middleware/AddQueuedCookiesToResponse->handle(Object(Illuminate/Http/Request), Object(Closure))
#13 C:/Users/Dell/Music/Smart_Data_Import_Engine/vendor/laravel/framework/src/Illuminate/Cookie/Middleware/EncryptCookies.php(67): Illuminate/Pipeline/Pipeline->Illuminate/Pipeline/{closure}(Object(Illuminate/Http/Request))
#14 C:/Users/Dell/Music/Smart_Data_Import_Engine/vendor/laravel/framework/src/Illuminate/Pipeline/Pipeline.php(183): Illuminate/Cookie/Middleware/EncryptCookies->handle(Object(Illuminate/Http/Request), Object(Closure))
#15 C:/Users/Dell/Music/Smart_Data_Import_Engine/vendor/laravel/framework/src/Illuminate/Pipeline/Pipeline.php(119): Illuminate/Pipeline/Pipeline->Illuminate/Pipeline/{closure}(Object(Illuminate/Http/Request))
#16 C:/Users/Dell/Music/Smart_Data_Import_Engine/vendor/laravel/framework/src/Illuminate/Routing/Router.php(805): Illuminate/Pipeline/Pipeline->then(Object(Closure))
#17 C:/Users/Dell/Music/Smart_Data_Import_Engine/vendor/laravel/framework/src/Illuminate/Routing/Router.php(784): Illuminate/Routing/Router->runRouteWithinStack(Object(Illuminate/Routing/Route), Object(Illuminate/Http/Request))
#18 C:/Users/Dell/Music/Smart_Data_Import_Engine/vendor/laravel/framework/src/Illuminate/Routing/Router.php(748): Illuminate/Routing/Router->runRoute(Object(Illuminate/Http/Request), Object(Illuminate/Routing/Route))
#19 C:/Users/Dell/Music/Smart_Data_Import_Engine/vendor/laravel/framework/src/Illuminate/Routing/Router.php(737): Illuminate/Routing/Router->dispatchToRoute(Object(Illuminate/Http/Request))
#20 C:/Users/Dell/Music/Smart_Data_Import_Engine/vendor/laravel/framework/src/Illuminate/Foundation/Http/Kernel.php(200): Illuminate/Routing/Router->dispatch(Object(Illuminate/Http/Request))
#21 C:/Users/Dell/Music/Smart_Data_Import_Engine/vendor/laravel/framework/src/Illuminate/Pipeline/Pipeline.php(144): Illuminate/Foundation/Http/Kernel->Illuminate/Foundation/Http/{closure}(Object(Illuminate/Http/Request))
#22 C:/Users/Dell/Music/Smart_Data_Import_Engine/vendor/laravel/framework/src/Illuminate/Foundation/Http/Middleware/TransformsRequest.php(21): Illuminate/Pipeline/Pipeline->Illuminate/Pipeline/{closure}(Object(Illuminate/Http/Request))
#23 C:/Users/Dell/Music/Smart_Data_Import_Engine/vendor/laravel/framework/src/Illuminate/Foundation/Http/Middleware/ConvertEmptyStringsToNull.php(31): Illuminate/Foundation/Http/Middleware/TransformsRequest->handle(Object(Illuminate/Http/Request), Object(Closure))
#24 C:/Users/Dell/Music/Smart_Data_Import_Engine/vendor/laravel/framework/src/Illuminate/Pipeline/Pipeline.php(183): Illuminate/Foundation/Http/Middleware/ConvertEmptyStringsToNull->handle(Object(Illuminate/Http/Request), Object(Closure))
#25 C:/Users/Dell/Music/Smart_Data_Import_Engine/vendor/laravel/framework/src/Illuminate/Foundation/Http/Middleware/ValidatePostSize.php(27): Illuminate/Pipeline/Pipeline->Illuminate/Pipeline/{closure}(Object(Illuminate/Http/Request))
#26 C:/Users/Dell/Music/Smart_Data_Import_Engine/vendor/laravel/framework/src/Illuminate/Pipeline/Pipeline.php(183): Illuminate/Foundation/Http/Middleware/ValidatePostSize->handle(Object(Illuminate/Http/Request), Object(Closure))
#27 C:/Users/Dell/Music/Smart_Data_Import_Engine/vendor/laravel/framework/src/Illuminate/Http/Middleware/HandleCors.php(49): Illuminate/Pipeline/Pipeline->Illuminate/Pipeline/{closure}(Object(Illuminate/Http/Request))
#28 C:/Users/Dell/Music/Smart_Data_Import_Engine/vendor/laravel/framework/src/Illuminate/Pipeline/Pipeline.php(183): Illuminate/Http/Middleware/HandleCors->handle(Object(Illuminate/Http/Request), Object(Closure))
#29 C:/Users/Dell/Music/Smart_Data_Import_Engine/vendor/laravel/framework/src/Illuminate/Pipeline/Pipeline.php(119): Illuminate/Pipeline/Pipeline->Illuminate/Pipeline/{closure}(Object(Illuminate/Http/Request))
#30 C:/Users/Dell/Music/Smart_Data_Import_Engine/vendor/laravel/framework/src/Illuminate/Foundation/Http/Kernel.php(175): Illuminate/Pipeline/Pipeline->then(Object(Closure))
#31 C:/Users/Dell/Music/Smart_Data_Import_Engine/vendor/laravel/framework/src/Illuminate/Foundation/Http/Kernel.php(144): Illuminate/Foundation/Http/Kernel->sendRequestThroughRouter(Object(Illuminate/Http/Request))
#32 C:/Users/Dell/Music/Smart_Data_Import_Engine/public/index.php(18): Illuminate/Foundation/Http/Kernel->handle(Object(Illuminate/Http/Request))
#33 C:/Users/Dell/Music/Smart_Data_Import_Engine/vendor/laravel/framework/src/Illuminate/Foundation/resources/server.php(16): require_once('C://Users//Dell//M...')
#34 {main}
"} 
[2026-04-29 06:41:52] laravel.EMERGENCY: Unable to create configured logger. Using emergency logger. {"exception":"[object] (InvalidArgumentException(code: 0): Log [] is not defined. at C:/Users/Dell/Music/Smart_Data_Import_Engine/vendor/laravel/framework/src/Illuminate/Log/LogManager.php:212)
[stacktrace]
#0 C:/Users/Dell/Music/Smart_Data_Import_Engine/vendor/laravel/framework/src/Illuminate/Log/LogManager.php(137): Illuminate/Log/LogManager->resolve(NULL, NULL)
#1 C:/Users/Dell/Music/Smart_Data_Import_Engine/vendor/laravel/framework/src/Illuminate/Log/LogManager.php(124): Illuminate/Log/LogManager->get(NULL)
#2 C:/Users/Dell/Music/Smart_Data_Import_Engine/vendor/laravel/framework/src/Illuminate/Log/LogManager.php(681): Illuminate/Log/LogManager->driver()
#3 C:/Users/Dell/Music/Smart_Data_Import_Engine/vendor/laravel/framework/src/Illuminate/Foundation/Exceptions/Handler.php(317): Illuminate/Log/LogManager->error('Target class [I...', Array)
#4 C:/Users/Dell/Music/Smart_Data_Import_Engine/vendor/laravel/framework/src/Illuminate/Foundation/Exceptions/Handler.php(278): Illuminate/Foundation/Exceptions/Handler->reportThrowable(Object(Illuminate/Contracts/Container/BindingResolutionException))
#5 C:/Users/Dell/Music/Smart_Data_Import_Engine/vendor/laravel/framework/src/Illuminate/Foundation/Bootstrap/HandleExceptions.php(183): Illuminate/Foundation/Exceptions/Handler->report(Object(Illuminate/Contracts/Container/BindingResolutionException))
#6 C:/Users/Dell/Music/Smart_Data_Import_Engine/vendor/laravel/framework/src/Illuminate/Foundation/Bootstrap/HandleExceptions.php(255): Illuminate/Foundation/Bootstrap/HandleExceptions->handleException(Object(Illuminate/Contracts/Container/BindingResolutionException))
#7 [internal function]: Illuminate/Foundation/Bootstrap/HandleExceptions->Illuminate/Foundation/Bootstrap/{closure}(Object(Illuminate/Contracts/Container/BindingResolutionException))
#8 {main}
"} 
[2026-04-29 06:41:52] laravel.ERROR: Target class [Illuminate\Foundation\Http\Middleware\ValidateCsrfToken] does not exist. {"exception":"[object] (Illuminate\\Contracts\\Container\\BindingResolutionException(code: 0): Target class [Illuminate\\Foundation\\Http\\Middleware\\ValidateCsrfToken] does not exist. at C:/Users/Dell/Music/Smart_Data_Import_Engine/vendor/laravel/framework/src/Illuminate/Container/Container.php:914)
[stacktrace]
#0 C:/Users/Dell/Music/Smart_Data_Import_Engine/vendor/laravel/framework/src/Illuminate/Container/Container.php(795): Illuminate/Container/Container->build('Illuminate//Foun...')
#1 C:/Users/Dell/Music/Smart_Data_Import_Engine/vendor/laravel/framework/src/Illuminate/Foundation/Application.php(986): Illuminate/Container/Container->resolve('Illuminate//Foun...', Array, true)
#2 C:/Users/Dell/Music/Smart_Data_Import_Engine/vendor/laravel/framework/src/Illuminate/Container/Container.php(731): Illuminate/Foundation/Application->resolve('Illuminate//Foun...', Array)
#3 C:/Users/Dell/Music/Smart_Data_Import_Engine/vendor/laravel/framework/src/Illuminate/Foundation/Application.php(971): Illuminate/Container/Container->make('Illuminate//Foun...', Array)
#4 C:/Users/Dell/Music/Smart_Data_Import_Engine/vendor/laravel/framework/src/Illuminate/Foundation/Http/Kernel.php(255): Illuminate/Foundation/Application->make('Illuminate//Foun...')
#5 C:/Users/Dell/Music/Smart_Data_Import_Engine/vendor/laravel/framework/src/Illuminate/Foundation/Http/Kernel.php(213): Illuminate/Foundation/Http/Kernel->terminateMiddleware(Object(Illuminate/Http/Request), Object(Illuminate/Http/Response))
#6 C:/Users/Dell/Music/Smart_Data_Import_Engine/public/index.php(22): Illuminate/Foundation/Http/Kernel->terminate(Object(Illuminate/Http/Request), Object(Illuminate/Http/Response))
#7 C:/Users/Dell/Music/Smart_Data_Import_Engine/vendor/laravel/framework/src/Illuminate/Foundation/resources/server.php(16): require_once('C://Users//Dell//M...')
#8 {main}

[previous exception] [object] (ReflectionException(code: -1): Class \"Illuminate\\Foundation\\Http\\Middleware\\ValidateCsrfToken\" does not exist at C:/Users/Dell/Music/Smart_Data_Import_Engine/vendor/laravel/framework/src/Illuminate/Container/Container.php:912)
[stacktrace]
#0 C:/Users/Dell/Music/Smart_Data_Import_Engine/vendor/laravel/framework/src/Illuminate/Container/Container.php(912): ReflectionClass->__construct('Illuminate//Foun...')
#1 C:/Users/Dell/Music/Smart_Data_Import_Engine/vendor/laravel/framework/src/Illuminate/Container/Container.php(795): Illuminate/Container/Container->build('Illuminate//Foun...')
#2 C:/Users/Dell/Music/Smart_Data_Import_Engine/vendor/laravel/framework/src/Illuminate/Foundation/Application.php(986): Illuminate/Container/Container->resolve('Illuminate//Foun...', Array, true)
#3 C:/Users/Dell/Music/Smart_Data_Import_Engine/vendor/laravel/framework/src/Illuminate/Container/Container.php(731): Illuminate/Foundation/Application->resolve('Illuminate//Foun...', Array)
#4 C:/Users/Dell/Music/Smart_Data_Import_Engine/vendor/laravel/framework/src/Illuminate/Foundation/Application.php(971): Illuminate/Container/Container->make('Illuminate//Foun...', Array)
#5 C:/Users/Dell/Music/Smart_Data_Import_Engine/vendor/laravel/framework/src/Illuminate/Foundation/Http/Kernel.php(255): Illuminate/Foundation/Application->make('Illuminate//Foun...')
#6 C:/Users/Dell/Music/Smart_Data_Import_Engine/vendor/laravel/framework/src/Illuminate/Foundation/Http/Kernel.php(213): Illuminate/Foundation/Http/Kernel->terminateMiddleware(Object(Illuminate/Http/Request), Object(Illuminate/Http/Response))
#7 C:/Users/Dell/Music/Smart_Data_Import_Engine/public/index.php(22): Illuminate/Foundation/Http/Kernel->terminate(Object(Illuminate/Http/Request), Object(Illuminate/Http/Response))
#8 C:/Users/Dell/Music/Smart_Data_Import_Engine/vendor/laravel/framework/src/Illuminate/Foundation/resources/server.php(16): require_once('C://Users//Dell//M...')
#9 {main}
"} 
[2026-04-29 06:42:00] laravel.EMERGENCY: Unable to create configured logger. Using emergency logger. {"exception":"[object] (InvalidArgumentException(code: 0): Log [] is not defined. at C:/Users/Dell/Music/Smart_Data_Import_Engine/vendor/laravel/framework/src/Illuminate/Log/LogManager.php:212)
[stacktrace]
#0 C:/Users/Dell/Music/Smart_Data_Import_Engine/vendor/laravel/framework/src/Illuminate/Log/LogManager.php(137): Illuminate/Log/LogManager->resolve(NULL, NULL)
#1 C:/Users/Dell/Music/Smart_Data_Import_Engine/vendor/laravel/framework/src/Illuminate/Log/LogManager.php(124): Illuminate/Log/LogManager->get(NULL)
#2 C:/Users/Dell/Music/Smart_Data_Import_Engine/vendor/laravel/framework/src/Illuminate/Log/LogManager.php(681): Illuminate/Log/LogManager->driver()
#3 C:/Users/Dell/Music/Smart_Data_Import_Engine/vendor/laravel/framework/src/Illuminate/Foundation/Exceptions/Handler.php(317): Illuminate/Log/LogManager->error('Target class [I...', Array)
#4 C:/Users/Dell/Music/Smart_Data_Import_Engine/vendor/laravel/framework/src/Illuminate/Foundation/Exceptions/Handler.php(278): Illuminate/Foundation/Exceptions/Handler->reportThrowable(Object(Illuminate/Contracts/Container/BindingResolutionException))
#5 C:/Users/Dell/Music/Smart_Data_Import_Engine/vendor/laravel/framework/src/Illuminate/Routing/Pipeline.php(49): Illuminate/Foundation/Exceptions/Handler->report(Object(Illuminate/Contracts/Container/BindingResolutionException))
#6 C:/Users/Dell/Music/Smart_Data_Import_Engine/vendor/laravel/framework/src/Illuminate/Pipeline/Pipeline.php(188): Illuminate/Routing/Pipeline->handleException(Object(Illuminate/Http/Request), Object(Illuminate/Contracts/Container/BindingResolutionException))
#7 C:/Users/Dell/Music/Smart_Data_Import_Engine/vendor/laravel/framework/src/Illuminate/View/Middleware/ShareErrorsFromSession.php(49): Illuminate/Pipeline/Pipeline->Illuminate/Pipeline/{closure}(Object(Illuminate/Http/Request))
#8 C:/Users/Dell/Music/Smart_Data_Import_Engine/vendor/laravel/framework/src/Illuminate/Pipeline/Pipeline.php(183): Illuminate/View/Middleware/ShareErrorsFromSession->handle(Object(Illuminate/Http/Request), Object(Closure))
#9 C:/Users/Dell/Music/Smart_Data_Import_Engine/vendor/laravel/framework/src/Illuminate/Session/Middleware/StartSession.php(121): Illuminate/Pipeline/Pipeline->Illuminate/Pipeline/{closure}(Object(Illuminate/Http/Request))
#10 C:/Users/Dell/Music/Smart_Data_Import_Engine/vendor/laravel/framework/src/Illuminate/Session/Middleware/StartSession.php(64): Illuminate/Session/Middleware/StartSession->handleStatefulRequest(Object(Illuminate/Http/Request), Object(Illuminate/Session/Store), Object(Closure))
#11 C:/Users/Dell/Music/Smart_Data_Import_Engine/vendor/laravel/framework/src/Illuminate/Pipeline/Pipeline.php(183): Illuminate/Session/Middleware/StartSession->handle(Object(Illuminate/Http/Request), Object(Closure))
#12 C:/Users/Dell/Music/Smart_Data_Import_Engine/vendor/laravel/framework/src/Illuminate/Cookie/Middleware/AddQueuedCookiesToResponse.php(37): Illuminate/Pipeline/Pipeline->Illuminate/Pipeline/{closure}(Object(Illuminate/Http/Request))
#13 C:/Users/Dell/Music/Smart_Data_Import_Engine/vendor/laravel/framework/src/Illuminate/Pipeline/Pipeline.php(183): Illuminate/Cookie/Middleware/AddQueuedCookiesToResponse->handle(Object(Illuminate/Http/Request), Object(Closure))
#14 C:/Users/Dell/Music/Smart_Data_Import_Engine/vendor/laravel/framework/src/Illuminate/Cookie/Middleware/EncryptCookies.php(67): Illuminate/Pipeline/Pipeline->Illuminate/Pipeline/{closure}(Object(Illuminate/Http/Request))
#15 C:/Users/Dell/Music/Smart_Data_Import_Engine/vendor/laravel/framework/src/Illuminate/Pipeline/Pipeline.php(183): Illuminate/Cookie/Middleware/EncryptCookies->handle(Object(Illuminate/Http/Request), Object(Closure))
#16 C:/Users/Dell/Music/Smart_Data_Import_Engine/vendor/laravel/framework/src/Illuminate/Pipeline/Pipeline.php(119): Illuminate/Pipeline/Pipeline->Illuminate/Pipeline/{closure}(Object(Illuminate/Http/Request))
#17 C:/Users/Dell/Music/Smart_Data_Import_Engine/vendor/laravel/framework/src/Illuminate/Routing/Router.php(805): Illuminate/Pipeline/Pipeline->then(Object(Closure))
#18 C:/Users/Dell/Music/Smart_Data_Import_Engine/vendor/laravel/framework/src/Illuminate/Routing/Router.php(784): Illuminate/Routing/Router->runRouteWithinStack(Object(Illuminate/Routing/Route), Object(Illuminate/Http/Request))
#19 C:/Users/Dell/Music/Smart_Data_Import_Engine/vendor/laravel/framework/src/Illuminate/Routing/Router.php(748): Illuminate/Routing/Router->runRoute(Object(Illuminate/Http/Request), Object(Illuminate/Routing/Route))
#20 C:/Users/Dell/Music/Smart_Data_Import_Engine/vendor/laravel/framework/src/Illuminate/Routing/Router.php(737): Illuminate/Routing/Router->dispatchToRoute(Object(Illuminate/Http/Request))
#21 C:/Users/Dell/Music/Smart_Data_Import_Engine/vendor/laravel/framework/src/Illuminate/Foundation/Http/Kernel.php(200): Illuminate/Routing/Router->dispatch(Object(Illuminate/Http/Request))
#22 C:/Users/Dell/Music/Smart_Data_Import_Engine/vendor/laravel/framework/src/Illuminate/Pipeline/Pipeline.php(144): Illuminate/Foundation/Http/Kernel->Illuminate/Foundation/Http/{closure}(Object(Illuminate/Http/Request))
#23 C:/Users/Dell/Music/Smart_Data_Import_Engine/vendor/laravel/framework/src/Illuminate/Foundation/Http/Middleware/TransformsRequest.php(21): Illuminate/Pipeline/Pipeline->Illuminate/Pipeline/{closure}(Object(Illuminate/Http/Request))
#24 C:/Users/Dell/Music/Smart_Data_Import_Engine/vendor/laravel/framework/src/Illuminate/Foundation/Http/Middleware/ConvertEmptyStringsToNull.php(31): Illuminate/Foundation/Http/Middleware/TransformsRequest->handle(Object(Illuminate/Http/Request), Object(Closure))
#25 C:/Users/Dell/Music/Smart_Data_Import_Engine/vendor/laravel/framework/src/Illuminate/Pipeline/Pipeline.php(183): Illuminate/Foundation/Http/Middleware/ConvertEmptyStringsToNull->handle(Object(Illuminate/Http/Request), Object(Closure))
#26 C:/Users/Dell/Music/Smart_Data_Import_Engine/vendor/laravel/framework/src/Illuminate/Foundation/Http/Middleware/ValidatePostSize.php(27): Illuminate/Pipeline/Pipeline->Illuminate/Pipeline/{closure}(Object(Illuminate/Http/Request))
#27 C:/Users/Dell/Music/Smart_Data_Import_Engine/vendor/laravel/framework/src/Illuminate/Pipeline/Pipeline.php(183): Illuminate/Foundation/Http/Middleware/ValidatePostSize->handle(Object(Illuminate/Http/Request), Object(Closure))
#28 C:/Users/Dell/Music/Smart_Data_Import_Engine/vendor/laravel/framework/src/Illuminate/Http/Middleware/HandleCors.php(49): Illuminate/Pipeline/Pipeline->Illuminate/Pipeline/{closure}(Object(Illuminate/Http/Request))
#29 C:/Users/Dell/Music/Smart_Data_Import_Engine/vendor/laravel/framework/src/Illuminate/Pipeline/Pipeline.php(183): Illuminate/Http/Middleware/HandleCors->handle(Object(Illuminate/Http/Request), Object(Closure))
#30 C:/Users/Dell/Music/Smart_Data_Import_Engine/vendor/laravel/framework/src/Illuminate/Pipeline/Pipeline.php(119): Illuminate/Pipeline/Pipeline->Illuminate/Pipeline/{closure}(Object(Illuminate/Http/Request))
#31 C:/Users/Dell/Music/Smart_Data_Import_Engine/vendor/laravel/framework/src/Illuminate/Foundation/Http/Kernel.php(175): Illuminate/Pipeline/Pipeline->then(Object(Closure))
#32 C:/Users/Dell/Music/Smart_Data_Import_Engine/vendor/laravel/framework/src/Illuminate/Foundation/Http/Kernel.php(144): Illuminate/Foundation/Http/Kernel->sendRequestThroughRouter(Object(Illuminate/Http/Request))
#33 C:/Users/Dell/Music/Smart_Data_Import_Engine/public/index.php(18): Illuminate/Foundation/Http/Kernel->handle(Object(Illuminate/Http/Request))
#34 C:/Users/Dell/Music/Smart_Data_Import_Engine/vendor/laravel/framework/src/Illuminate/Foundation/resources/server.php(16): require_once('C://Users//Dell//M...')
#35 {main}
"} 
[2026-04-29 06:42:00] laravel.ERROR: Target class [Illuminate\Foundation\Http\Middleware\ValidateCsrfToken] does not exist. {"exception":"[object] (Illuminate\\Contracts\\Container\\BindingResolutionException(code: 0): Target class [Illuminate\\Foundation\\Http\\Middleware\\ValidateCsrfToken] does not exist. at C:/Users/Dell/Music/Smart_Data_Import_Engine/vendor/laravel/framework/src/Illuminate/Container/Container.php:914)
[stacktrace]
#0 C:/Users/Dell/Music/Smart_Data_Import_Engine/vendor/laravel/framework/src/Illuminate/Container/Container.php(795): Illuminate/Container/Container->build('Illuminate//Foun...')
#1 C:/Users/Dell/Music/Smart_Data_Import_Engine/vendor/laravel/framework/src/Illuminate/Foundation/Application.php(986): Illuminate/Container/Container->resolve('Illuminate//Foun...', Array, true)
#2 C:/Users/Dell/Music/Smart_Data_Import_Engine/vendor/laravel/framework/src/Illuminate/Container/Container.php(731): Illuminate/Foundation/Application->resolve('Illuminate//Foun...', Array)
#3 C:/Users/Dell/Music/Smart_Data_Import_Engine/vendor/laravel/framework/src/Illuminate/Foundation/Application.php(971): Illuminate/Container/Container->make('Illuminate//Foun...', Array)
#4 C:/Users/Dell/Music/Smart_Data_Import_Engine/vendor/laravel/framework/src/Illuminate/Pipeline/Pipeline.php(172): Illuminate/Foundation/Application->make('Illuminate//Foun...')
#5 C:/Users/Dell/Music/Smart_Data_Import_Engine/vendor/laravel/framework/src/Illuminate/View/Middleware/ShareErrorsFromSession.php(49): Illuminate/Pipeline/Pipeline->Illuminate/Pipeline/{closure}(Object(Illuminate/Http/Request))
#6 C:/Users/Dell/Music/Smart_Data_Import_Engine/vendor/laravel/framework/src/Illuminate/Pipeline/Pipeline.php(183): Illuminate/View/Middleware/ShareErrorsFromSession->handle(Object(Illuminate/Http/Request), Object(Closure))
#7 C:/Users/Dell/Music/Smart_Data_Import_Engine/vendor/laravel/framework/src/Illuminate/Session/Middleware/StartSession.php(121): Illuminate/Pipeline/Pipeline->Illuminate/Pipeline/{closure}(Object(Illuminate/Http/Request))
#8 C:/Users/Dell/Music/Smart_Data_Import_Engine/vendor/laravel/framework/src/Illuminate/Session/Middleware/StartSession.php(64): Illuminate/Session/Middleware/StartSession->handleStatefulRequest(Object(Illuminate/Http/Request), Object(Illuminate/Session/Store), Object(Closure))
#9 C:/Users/Dell/Music/Smart_Data_Import_Engine/vendor/laravel/framework/src/Illuminate/Pipeline/Pipeline.php(183): Illuminate/Session/Middleware/StartSession->handle(Object(Illuminate/Http/Request), Object(Closure))
#10 C:/Users/Dell/Music/Smart_Data_Import_Engine/vendor/laravel/framework/src/Illuminate/Cookie/Middleware/AddQueuedCookiesToResponse.php(37): Illuminate/Pipeline/Pipeline->Illuminate/Pipeline/{closure}(Object(Illuminate/Http/Request))
#11 C:/Users/Dell/Music/Smart_Data_Import_Engine/vendor/laravel/framework/src/Illuminate/Pipeline/Pipeline.php(183): Illuminate/Cookie/Middleware/AddQueuedCookiesToResponse->handle(Object(Illuminate/Http/Request), Object(Closure))
#12 C:/Users/Dell/Music/Smart_Data_Import_Engine/vendor/laravel/framework/src/Illuminate/Cookie/Middleware/EncryptCookies.php(67): Illuminate/Pipeline/Pipeline->Illuminate/Pipeline/{closure}(Object(Illuminate/Http/Request))
#13 C:/Users/Dell/Music/Smart_Data_Import_Engine/vendor/laravel/framework/src/Illuminate/Pipeline/Pipeline.php(183): Illuminate/Cookie/Middleware/EncryptCookies->handle(Object(Illuminate/Http/Request), Object(Closure))
#14 C:/Users/Dell/Music/Smart_Data_Import_Engine/vendor/laravel/framework/src/Illuminate/Pipeline/Pipeline.php(119): Illuminate/Pipeline/Pipeline->Illuminate/Pipeline/{closure}(Object(Illuminate/Http/Request))
#15 C:/Users/Dell/Music/Smart_Data_Import_Engine/vendor/laravel/framework/src/Illuminate/Routing/Router.php(805): Illuminate/Pipeline/Pipeline->then(Object(Closure))
#16 C:/Users/Dell/Music/Smart_Data_Import_Engine/vendor/laravel/framework/src/Illuminate/Routing/Router.php(784): Illuminate/Routing/Router->runRouteWithinStack(Object(Illuminate/Routing/Route), Object(Illuminate/Http/Request))
#17 C:/Users/Dell/Music/Smart_Data_Import_Engine/vendor/laravel/framework/src/Illuminate/Routing/Router.php(748): Illuminate/Routing/Router->runRoute(Object(Illuminate/Http/Request), Object(Illuminate/Routing/Route))
#18 C:/Users/Dell/Music/Smart_Data_Import_Engine/vendor/laravel/framework/src/Illuminate/Routing/Router.php(737): Illuminate/Routing/Router->dispatchToRoute(Object(Illuminate/Http/Request))
#19 C:/Users/Dell/Music/Smart_Data_Import_Engine/vendor/laravel/framework/src/Illuminate/Foundation/Http/Kernel.php(200): Illuminate/Routing/Router->dispatch(Object(Illuminate/Http/Request))
#20 C:/Users/Dell/Music/Smart_Data_Import_Engine/vendor/laravel/framework/src/Illuminate/Pipeline/Pipeline.php(144): Illuminate/Foundation/Http/Kernel->Illuminate/Foundation/Http/{closure}(Object(Illuminate/Http/Request))
#21 C:/Users/Dell/Music/Smart_Data_Import_Engine/vendor/laravel/framework/src/Illuminate/Foundation/Http/Middleware/TransformsRequest.php(21): Illuminate/Pipeline/Pipeline->Illuminate/Pipeline/{closure}(Object(Illuminate/Http/Request))
#22 C:/Users/Dell/Music/Smart_Data_Import_Engine/vendor/laravel/framework/src/Illuminate/Foundation/Http/Middleware/ConvertEmptyStringsToNull.php(31): Illuminate/Foundation/Http/Middleware/TransformsRequest->handle(Object(Illuminate/Http/Request), Object(Closure))
#23 C:/Users/Dell/Music/Smart_Data_Import_Engine/vendor/laravel/framework/src/Illuminate/Pipeline/Pipeline.php(183): Illuminate/Foundation/Http/Middleware/ConvertEmptyStringsToNull->handle(Object(Illuminate/Http/Request), Object(Closure))
#24 C:/Users/Dell/Music/Smart_Data_Import_Engine/vendor/laravel/framework/src/Illuminate/Foundation/Http/Middleware/ValidatePostSize.php(27): Illuminate/Pipeline/Pipeline->Illuminate/Pipeline/{closure}(Object(Illuminate/Http/Request))
#25 C:/Users/Dell/Music/Smart_Data_Import_Engine/vendor/laravel/framework/src/Illuminate/Pipeline/Pipeline.php(183): Illuminate/Foundation/Http/Middleware/ValidatePostSize->handle(Object(Illuminate/Http/Request), Object(Closure))
#26 C:/Users/Dell/Music/Smart_Data_Import_Engine/vendor/laravel/framework/src/Illuminate/Http/Middleware/HandleCors.php(49): Illuminate/Pipeline/Pipeline->Illuminate/Pipeline/{closure}(Object(Illuminate/Http/Request))
#27 C:/Users/Dell/Music/Smart_Data_Import_Engine/vendor/laravel/framework/src/Illuminate/Pipeline/Pipeline.php(183): Illuminate/Http/Middleware/HandleCors->handle(Object(Illuminate/Http/Request), Object(Closure))
#28 C:/Users/Dell/Music/Smart_Data_Import_Engine/vendor/laravel/framework/src/Illuminate/Pipeline/Pipeline.php(119): Illuminate/Pipeline/Pipeline->Illuminate/Pipeline/{closure}(Object(Illuminate/Http/Request))
#29 C:/Users/Dell/Music/Smart_Data_Import_Engine/vendor/laravel/framework/src/Illuminate/Foundation/Http/Kernel.php(175): Illuminate/Pipeline/Pipeline->then(Object(Closure))
#30 C:/Users/Dell/Music/Smart_Data_Import_Engine/vendor/laravel/framework/src/Illuminate/Foundation/Http/Kernel.php(144): Illuminate/Foundation/Http/Kernel->sendRequestThroughRouter(Object(Illuminate/Http/Request))
#31 C:/Users/Dell/Music/Smart_Data_Import_Engine/public/index.php(18): Illuminate/Foundation/Http/Kernel->handle(Object(Illuminate/Http/Request))
#32 C:/Users/Dell/Music/Smart_Data_Import_Engine/vendor/laravel/framework/src/Illuminate/Foundation/resources/server.php(16): require_once('C://Users//Dell//M...')
#33 {main}

[previous exception] [object] (ReflectionException(code: -1): Class \"Illuminate\\Foundation\\Http\\Middleware\\ValidateCsrfToken\" does not exist at C:/Users/Dell/Music/Smart_Data_Import_Engine/vendor/laravel/framework/src/Illuminate/Container/Container.php:912)
[stacktrace]
#0 C:/Users/Dell/Music/Smart_Data_Import_Engine/vendor/laravel/framework/src/Illuminate/Container/Container.php(912): ReflectionClass->__construct('Illuminate//Foun...')
#1 C:/Users/Dell/Music/Smart_Data_Import_Engine/vendor/laravel/framework/src/Illuminate/Container/Container.php(795): Illuminate/Container/Container->build('Illuminate//Foun...')
#2 C:/Users/Dell/Music/Smart_Data_Import_Engine/vendor/laravel/framework/src/Illuminate/Foundation/Application.php(986): Illuminate/Container/Container->resolve('Illuminate//Foun...', Array, true)
#3 C:/Users/Dell/Music/Smart_Data_Import_Engine/vendor/laravel/framework/src/Illuminate/Container/Container.php(731): Illuminate/Foundation/Application->resolve('Illuminate//Foun...', Array)
#4 C:/Users/Dell/Music/Smart_Data_Import_Engine/vendor/laravel/framework/src/Illuminate/Foundation/Application.php(971): Illuminate/Container/Container->make('Illuminate//Foun...', Array)
#5 C:/Users/Dell/Music/Smart_Data_Import_Engine/vendor/laravel/framework/src/Illuminate/Pipeline/Pipeline.php(172): Illuminate/Foundation/Application->make('Illuminate//Foun...')
#6 C:/Users/Dell/Music/Smart_Data_Import_Engine/vendor/laravel/framework/src/Illuminate/View/Middleware/ShareErrorsFromSession.php(49): Illuminate/Pipeline/Pipeline->Illuminate/Pipeline/{closure}(Object(Illuminate/Http/Request))
#7 C:/Users/Dell/Music/Smart_Data_Import_Engine/vendor/laravel/framework/src/Illuminate/Pipeline/Pipeline.php(183): Illuminate/View/Middleware/ShareErrorsFromSession->handle(Object(Illuminate/Http/Request), Object(Closure))
#8 C:/Users/Dell/Music/Smart_Data_Import_Engine/vendor/laravel/framework/src/Illuminate/Session/Middleware/StartSession.php(121): Illuminate/Pipeline/Pipeline->Illuminate/Pipeline/{closure}(Object(Illuminate/Http/Request))
#9 C:/Users/Dell/Music/Smart_Data_Import_Engine/vendor/laravel/framework/src/Illuminate/Session/Middleware/StartSession.php(64): Illuminate/Session/Middleware/StartSession->handleStatefulRequest(Object(Illuminate/Http/Request), Object(Illuminate/Session/Store), Object(Closure))
#10 C:/Users/Dell/Music/Smart_Data_Import_Engine/vendor/laravel/framework/src/Illuminate/Pipeline/Pipeline.php(183): Illuminate/Session/Middleware/StartSession->handle(Object(Illuminate/Http/Request), Object(Closure))
#11 C:/Users/Dell/Music/Smart_Data_Import_Engine/vendor/laravel/framework/src/Illuminate/Cookie/Middleware/AddQueuedCookiesToResponse.php(37): Illuminate/Pipeline/Pipeline->Illuminate/Pipeline/{closure}(Object(Illuminate/Http/Request))
#12 C:/Users/Dell/Music/Smart_Data_Import_Engine/vendor/laravel/framework/src/Illuminate/Pipeline/Pipeline.php(183): Illuminate/Cookie/Middleware/AddQueuedCookiesToResponse->handle(Object(Illuminate/Http/Request), Object(Closure))
#13 C:/Users/Dell/Music/Smart_Data_Import_Engine/vendor/laravel/framework/src/Illuminate/Cookie/Middleware/EncryptCookies.php(67): Illuminate/Pipeline/Pipeline->Illuminate/Pipeline/{closure}(Object(Illuminate/Http/Request))
#14 C:/Users/Dell/Music/Smart_Data_Import_Engine/vendor/laravel/framework/src/Illuminate/Pipeline/Pipeline.php(183): Illuminate/Cookie/Middleware/EncryptCookies->handle(Object(Illuminate/Http/Request), Object(Closure))
#15 C:/Users/Dell/Music/Smart_Data_Import_Engine/vendor/laravel/framework/src/Illuminate/Pipeline/Pipeline.php(119): Illuminate/Pipeline/Pipeline->Illuminate/Pipeline/{closure}(Object(Illuminate/Http/Request))
#16 C:/Users/Dell/Music/Smart_Data_Import_Engine/vendor/laravel/framework/src/Illuminate/Routing/Router.php(805): Illuminate/Pipeline/Pipeline->then(Object(Closure))
#17 C:/Users/Dell/Music/Smart_Data_Import_Engine/vendor/laravel/framework/src/Illuminate/Routing/Router.php(784): Illuminate/Routing/Router->runRouteWithinStack(Object(Illuminate/Routing/Route), Object(Illuminate/Http/Request))
#18 C:/Users/Dell/Music/Smart_Data_Import_Engine/vendor/laravel/framework/src/Illuminate/Routing/Router.php(748): Illuminate/Routing/Router->runRoute(Object(Illuminate/Http/Request), Object(Illuminate/Routing/Route))
#19 C:/Users/Dell/Music/Smart_Data_Import_Engine/vendor/laravel/framework/src/Illuminate/Routing/Router.php(737): Illuminate/Routing/Router->dispatchToRoute(Object(Illuminate/Http/Request))
#20 C:/Users/Dell/Music/Smart_Data_Import_Engine/vendor/laravel/framework/src/Illuminate/Foundation/Http/Kernel.php(200): Illuminate/Routing/Router->dispatch(Object(Illuminate/Http/Request))
#21 C:/Users/Dell/Music/Smart_Data_Import_Engine/vendor/laravel/framework/src/Illuminate/Pipeline/Pipeline.php(144): Illuminate/Foundation/Http/Kernel->Illuminate/Foundation/Http/{closure}(Object(Illuminate/Http/Request))
#22 C:/Users/Dell/Music/Smart_Data_Import_Engine/vendor/laravel/framework/src/Illuminate/Foundation/Http/Middleware/TransformsRequest.php(21): Illuminate/Pipeline/Pipeline->Illuminate/Pipeline/{closure}(Object(Illuminate/Http/Request))
#23 C:/Users/Dell/Music/Smart_Data_Import_Engine/vendor/laravel/framework/src/Illuminate/Foundation/Http/Middleware/ConvertEmptyStringsToNull.php(31): Illuminate/Foundation/Http/Middleware/TransformsRequest->handle(Object(Illuminate/Http/Request), Object(Closure))
#24 C:/Users/Dell/Music/Smart_Data_Import_Engine/vendor/laravel/framework/src/Illuminate/Pipeline/Pipeline.php(183): Illuminate/Foundation/Http/Middleware/ConvertEmptyStringsToNull->handle(Object(Illuminate/Http/Request), Object(Closure))
#25 C:/Users/Dell/Music/Smart_Data_Import_Engine/vendor/laravel/framework/src/Illuminate/Foundation/Http/Middleware/ValidatePostSize.php(27): Illuminate/Pipeline/Pipeline->Illuminate/Pipeline/{closure}(Object(Illuminate/Http/Request))
#26 C:/Users/Dell/Music/Smart_Data_Import_Engine/vendor/laravel/framework/src/Illuminate/Pipeline/Pipeline.php(183): Illuminate/Foundation/Http/Middleware/ValidatePostSize->handle(Object(Illuminate/Http/Request), Object(Closure))
#27 C:/Users/Dell/Music/Smart_Data_Import_Engine/vendor/laravel/framework/src/Illuminate/Http/Middleware/HandleCors.php(49): Illuminate/Pipeline/Pipeline->Illuminate/Pipeline/{closure}(Object(Illuminate/Http/Request))
#28 C:/Users/Dell/Music/Smart_Data_Import_Engine/vendor/laravel/framework/src/Illuminate/Pipeline/Pipeline.php(183): Illuminate/Http/Middleware/HandleCors->handle(Object(Illuminate/Http/Request), Object(Closure))
#29 C:/Users/Dell/Music/Smart_Data_Import_Engine/vendor/laravel/framework/src/Illuminate/Pipeline/Pipeline.php(119): Illuminate/Pipeline/Pipeline->Illuminate/Pipeline/{closure}(Object(Illuminate/Http/Request))
#30 C:/Users/Dell/Music/Smart_Data_Import_Engine/vendor/laravel/framework/src/Illuminate/Foundation/Http/Kernel.php(175): Illuminate/Pipeline/Pipeline->then(Object(Closure))
#31 C:/Users/Dell/Music/Smart_Data_Import_Engine/vendor/laravel/framework/src/Illuminate/Foundation/Http/Kernel.php(144): Illuminate/Foundation/Http/Kernel->sendRequestThroughRouter(Object(Illuminate/Http/Request))
#32 C:/Users/Dell/Music/Smart_Data_Import_Engine/public/index.php(18): Illuminate/Foundation/Http/Kernel->handle(Object(Illuminate/Http/Request))
#33 C:/Users/Dell/Music/Smart_Data_Import_Engine/vendor/laravel/framework/src/Illuminate/Foundation/resources/server.php(16): require_once('C://Users//Dell//M...')
#34 {main}
"} 
[2026-04-29 06:42:00] laravel.EMERGENCY: Unable to create configured logger. Using emergency logger. {"exception":"[object] (InvalidArgumentException(code: 0): Log [] is not defined. at C:/Users/Dell/Music/Smart_Data_Import_Engine/vendor/laravel/framework/src/Illuminate/Log/LogManager.php:212)
[stacktrace]
#0 C:/Users/Dell/Music/Smart_Data_Import_Engine/vendor/laravel/framework/src/Illuminate/Log/LogManager.php(137): Illuminate/Log/LogManager->resolve(NULL, NULL)
#1 C:/Users/Dell/Music/Smart_Data_Import_Engine/vendor/laravel/framework/src/Illuminate/Log/LogManager.php(124): Illuminate/Log/LogManager->get(NULL)
#2 C:/Users/Dell/Music/Smart_Data_Import_Engine/vendor/laravel/framework/src/Illuminate/Log/LogManager.php(681): Illuminate/Log/LogManager->driver()
#3 C:/Users/Dell/Music/Smart_Data_Import_Engine/vendor/laravel/framework/src/Illuminate/Foundation/Exceptions/Handler.php(317): Illuminate/Log/LogManager->error('Target class [I...', Array)
#4 C:/Users/Dell/Music/Smart_Data_Import_Engine/vendor/laravel/framework/src/Illuminate/Foundation/Exceptions/Handler.php(278): Illuminate/Foundation/Exceptions/Handler->reportThrowable(Object(Illuminate/Contracts/Container/BindingResolutionException))
#5 C:/Users/Dell/Music/Smart_Data_Import_Engine/vendor/laravel/framework/src/Illuminate/Foundation/Bootstrap/HandleExceptions.php(183): Illuminate/Foundation/Exceptions/Handler->report(Object(Illuminate/Contracts/Container/BindingResolutionException))
#6 C:/Users/Dell/Music/Smart_Data_Import_Engine/vendor/laravel/framework/src/Illuminate/Foundation/Bootstrap/HandleExceptions.php(255): Illuminate/Foundation/Bootstrap/HandleExceptions->handleException(Object(Illuminate/Contracts/Container/BindingResolutionException))
#7 [internal function]: Illuminate/Foundation/Bootstrap/HandleExceptions->Illuminate/Foundation/Bootstrap/{closure}(Object(Illuminate/Contracts/Container/BindingResolutionException))
#8 {main}
"} 
[2026-04-29 06:42:00] laravel.ERROR: Target class [Illuminate\Foundation\Http\Middleware\ValidateCsrfToken] does not exist. {"exception":"[object] (Illuminate\\Contracts\\Container\\BindingResolutionException(code: 0): Target class [Illuminate\\Foundation\\Http\\Middleware\\ValidateCsrfToken] does not exist. at C:/Users/Dell/Music/Smart_Data_Import_Engine/vendor/laravel/framework/src/Illuminate/Container/Container.php:914)
[stacktrace]
#0 C:/Users/Dell/Music/Smart_Data_Import_Engine/vendor/laravel/framework/src/Illuminate/Container/Container.php(795): Illuminate/Container/Container->build('Illuminate//Foun...')
#1 C:/Users/Dell/Music/Smart_Data_Import_Engine/vendor/laravel/framework/src/Illuminate/Foundation/Application.php(986): Illuminate/Container/Container->resolve('Illuminate//Foun...', Array, true)
#2 C:/Users/Dell/Music/Smart_Data_Import_Engine/vendor/laravel/framework/src/Illuminate/Container/Container.php(731): Illuminate/Foundation/Application->resolve('Illuminate//Foun...', Array)
#3 C:/Users/Dell/Music/Smart_Data_Import_Engine/vendor/laravel/framework/src/Illuminate/Foundation/Application.php(971): Illuminate/Container/Container->make('Illuminate//Foun...', Array)
#4 C:/Users/Dell/Music/Smart_Data_Import_Engine/vendor/laravel/framework/src/Illuminate/Foundation/Http/Kernel.php(255): Illuminate/Foundation/Application->make('Illuminate//Foun...')
#5 C:/Users/Dell/Music/Smart_Data_Import_Engine/vendor/laravel/framework/src/Illuminate/Foundation/Http/Kernel.php(213): Illuminate/Foundation/Http/Kernel->terminateMiddleware(Object(Illuminate/Http/Request), Object(Illuminate/Http/Response))
#6 C:/Users/Dell/Music/Smart_Data_Import_Engine/public/index.php(22): Illuminate/Foundation/Http/Kernel->terminate(Object(Illuminate/Http/Request), Object(Illuminate/Http/Response))
#7 C:/Users/Dell/Music/Smart_Data_Import_Engine/vendor/laravel/framework/src/Illuminate/Foundation/resources/server.php(16): require_once('C://Users//Dell//M...')
#8 {main}

[previous exception] [object] (ReflectionException(code: -1): Class \"Illuminate\\Foundation\\Http\\Middleware\\ValidateCsrfToken\" does not exist at C:/Users/Dell/Music/Smart_Data_Import_Engine/vendor/laravel/framework/src/Illuminate/Container/Container.php:912)
[stacktrace]
#0 C:/Users/Dell/Music/Smart_Data_Import_Engine/vendor/laravel/framework/src/Illuminate/Container/Container.php(912): ReflectionClass->__construct('Illuminate//Foun...')
#1 C:/Users/Dell/Music/Smart_Data_Import_Engine/vendor/laravel/framework/src/Illuminate/Container/Container.php(795): Illuminate/Container/Container->build('Illuminate//Foun...')
#2 C:/Users/Dell/Music/Smart_Data_Import_Engine/vendor/laravel/framework/src/Illuminate/Foundation/Application.php(986): Illuminate/Container/Container->resolve('Illuminate//Foun...', Array, true)
#3 C:/Users/Dell/Music/Smart_Data_Import_Engine/vendor/laravel/framework/src/Illuminate/Container/Container.php(731): Illuminate/Foundation/Application->resolve('Illuminate//Foun...', Array)
#4 C:/Users/Dell/Music/Smart_Data_Import_Engine/vendor/laravel/framework/src/Illuminate/Foundation/Application.php(971): Illuminate/Container/Container->make('Illuminate//Foun...', Array)
#5 C:/Users/Dell/Music/Smart_Data_Import_Engine/vendor/laravel/framework/src/Illuminate/Foundation/Http/Kernel.php(255): Illuminate/Foundation/Application->make('Illuminate//Foun...')
#6 C:/Users/Dell/Music/Smart_Data_Import_Engine/vendor/laravel/framework/src/Illuminate/Foundation/Http/Kernel.php(213): Illuminate/Foundation/Http/Kernel->terminateMiddleware(Object(Illuminate/Http/Request), Object(Illuminate/Http/Response))
#7 C:/Users/Dell/Music/Smart_Data_Import_Engine/public/index.php(22): Illuminate/Foundation/Http/Kernel->terminate(Object(Illuminate/Http/Request), Object(Illuminate/Http/Response))
#8 C:/Users/Dell/Music/Smart_Data_Import_Engine/vendor/laravel/framework/src/Illuminate/Foundation/resources/server.php(16): require_once('C://Users//Dell//M...')
#9 {main}
"} 
[2026-04-29 06:42:08] laravel.EMERGENCY: Unable to create configured logger. Using emergency logger. {"exception":"[object] (InvalidArgumentException(code: 0): Log [] is not defined. at C:/Users/Dell/Music/Smart_Data_Import_Engine/vendor/laravel/framework/src/Illuminate/Log/LogManager.php:212)
[stacktrace]
#0 C:/Users/Dell/Music/Smart_Data_Import_Engine/vendor/laravel/framework/src/Illuminate/Log/LogManager.php(137): Illuminate/Log/LogManager->resolve(NULL, NULL)
#1 C:/Users/Dell/Music/Smart_Data_Import_Engine/vendor/laravel/framework/src/Illuminate/Log/LogManager.php(124): Illuminate/Log/LogManager->get(NULL)
#2 C:/Users/Dell/Music/Smart_Data_Import_Engine/vendor/laravel/framework/src/Illuminate/Log/LogManager.php(681): Illuminate/Log/LogManager->driver()
#3 C:/Users/Dell/Music/Smart_Data_Import_Engine/vendor/laravel/framework/src/Illuminate/Foundation/Exceptions/Handler.php(317): Illuminate/Log/LogManager->error('Target class [I...', Array)
#4 C:/Users/Dell/Music/Smart_Data_Import_Engine/vendor/laravel/framework/src/Illuminate/Foundation/Exceptions/Handler.php(278): Illuminate/Foundation/Exceptions/Handler->reportThrowable(Object(Illuminate/Contracts/Container/BindingResolutionException))
#5 C:/Users/Dell/Music/Smart_Data_Import_Engine/vendor/laravel/framework/src/Illuminate/Routing/Pipeline.php(49): Illuminate/Foundation/Exceptions/Handler->report(Object(Illuminate/Contracts/Container/BindingResolutionException))
#6 C:/Users/Dell/Music/Smart_Data_Import_Engine/vendor/laravel/framework/src/Illuminate/Pipeline/Pipeline.php(188): Illuminate/Routing/Pipeline->handleException(Object(Illuminate/Http/Request), Object(Illuminate/Contracts/Container/BindingResolutionException))
#7 C:/Users/Dell/Music/Smart_Data_Import_Engine/vendor/laravel/framework/src/Illuminate/View/Middleware/ShareErrorsFromSession.php(49): Illuminate/Pipeline/Pipeline->Illuminate/Pipeline/{closure}(Object(Illuminate/Http/Request))
#8 C:/Users/Dell/Music/Smart_Data_Import_Engine/vendor/laravel/framework/src/Illuminate/Pipeline/Pipeline.php(183): Illuminate/View/Middleware/ShareErrorsFromSession->handle(Object(Illuminate/Http/Request), Object(Closure))
#9 C:/Users/Dell/Music/Smart_Data_Import_Engine/vendor/laravel/framework/src/Illuminate/Session/Middleware/StartSession.php(121): Illuminate/Pipeline/Pipeline->Illuminate/Pipeline/{closure}(Object(Illuminate/Http/Request))
#10 C:/Users/Dell/Music/Smart_Data_Import_Engine/vendor/laravel/framework/src/Illuminate/Session/Middleware/StartSession.php(64): Illuminate/Session/Middleware/StartSession->handleStatefulRequest(Object(Illuminate/Http/Request), Object(Illuminate/Session/Store), Object(Closure))
#11 C:/Users/Dell/Music/Smart_Data_Import_Engine/vendor/laravel/framework/src/Illuminate/Pipeline/Pipeline.php(183): Illuminate/Session/Middleware/StartSession->handle(Object(Illuminate/Http/Request), Object(Closure))
#12 C:/Users/Dell/Music/Smart_Data_Import_Engine/vendor/laravel/framework/src/Illuminate/Cookie/Middleware/AddQueuedCookiesToResponse.php(37): Illuminate/Pipeline/Pipeline->Illuminate/Pipeline/{closure}(Object(Illuminate/Http/Request))
#13 C:/Users/Dell/Music/Smart_Data_Import_Engine/vendor/laravel/framework/src/Illuminate/Pipeline/Pipeline.php(183): Illuminate/Cookie/Middleware/AddQueuedCookiesToResponse->handle(Object(Illuminate/Http/Request), Object(Closure))
#14 C:/Users/Dell/Music/Smart_Data_Import_Engine/vendor/laravel/framework/src/Illuminate/Cookie/Middleware/EncryptCookies.php(67): Illuminate/Pipeline/Pipeline->Illuminate/Pipeline/{closure}(Object(Illuminate/Http/Request))
#15 C:/Users/Dell/Music/Smart_Data_Import_Engine/vendor/laravel/framework/src/Illuminate/Pipeline/Pipeline.php(183): Illuminate/Cookie/Middleware/EncryptCookies->handle(Object(Illuminate/Http/Request), Object(Closure))
#16 C:/Users/Dell/Music/Smart_Data_Import_Engine/vendor/laravel/framework/src/Illuminate/Pipeline/Pipeline.php(119): Illuminate/Pipeline/Pipeline->Illuminate/Pipeline/{closure}(Object(Illuminate/Http/Request))
#17 C:/Users/Dell/Music/Smart_Data_Import_Engine/vendor/laravel/framework/src/Illuminate/Routing/Router.php(805): Illuminate/Pipeline/Pipeline->then(Object(Closure))
#18 C:/Users/Dell/Music/Smart_Data_Import_Engine/vendor/laravel/framework/src/Illuminate/Routing/Router.php(784): Illuminate/Routing/Router->runRouteWithinStack(Object(Illuminate/Routing/Route), Object(Illuminate/Http/Request))
#19 C:/Users/Dell/Music/Smart_Data_Import_Engine/vendor/laravel/framework/src/Illuminate/Routing/Router.php(748): Illuminate/Routing/Router->runRoute(Object(Illuminate/Http/Request), Object(Illuminate/Routing/Route))
#20 C:/Users/Dell/Music/Smart_Data_Import_Engine/vendor/laravel/framework/src/Illuminate/Routing/Router.php(737): Illuminate/Routing/Router->dispatchToRoute(Object(Illuminate/Http/Request))
#21 C:/Users/Dell/Music/Smart_Data_Import_Engine/vendor/laravel/framework/src/Illuminate/Foundation/Http/Kernel.php(200): Illuminate/Routing/Router->dispatch(Object(Illuminate/Http/Request))
#22 C:/Users/Dell/Music/Smart_Data_Import_Engine/vendor/laravel/framework/src/Illuminate/Pipeline/Pipeline.php(144): Illuminate/Foundation/Http/Kernel->Illuminate/Foundation/Http/{closure}(Object(Illuminate/Http/Request))
#23 C:/Users/Dell/Music/Smart_Data_Import_Engine/vendor/laravel/framework/src/Illuminate/Foundation/Http/Middleware/TransformsRequest.php(21): Illuminate/Pipeline/Pipeline->Illuminate/Pipeline/{closure}(Object(Illuminate/Http/Request))
#24 C:/Users/Dell/Music/Smart_Data_Import_Engine/vendor/laravel/framework/src/Illuminate/Foundation/Http/Middleware/ConvertEmptyStringsToNull.php(31): Illuminate/Foundation/Http/Middleware/TransformsRequest->handle(Object(Illuminate/Http/Request), Object(Closure))
#25 C:/Users/Dell/Music/Smart_Data_Import_Engine/vendor/laravel/framework/src/Illuminate/Pipeline/Pipeline.php(183): Illuminate/Foundation/Http/Middleware/ConvertEmptyStringsToNull->handle(Object(Illuminate/Http/Request), Object(Closure))
#26 C:/Users/Dell/Music/Smart_Data_Import_Engine/vendor/laravel/framework/src/Illuminate/Foundation/Http/Middleware/ValidatePostSize.php(27): Illuminate/Pipeline/Pipeline->Illuminate/Pipeline/{closure}(Object(Illuminate/Http/Request))
#27 C:/Users/Dell/Music/Smart_Data_Import_Engine/vendor/laravel/framework/src/Illuminate/Pipeline/Pipeline.php(183): Illuminate/Foundation/Http/Middleware/ValidatePostSize->handle(Object(Illuminate/Http/Request), Object(Closure))
#28 C:/Users/Dell/Music/Smart_Data_Import_Engine/vendor/laravel/framework/src/Illuminate/Http/Middleware/HandleCors.php(49): Illuminate/Pipeline/Pipeline->Illuminate/Pipeline/{closure}(Object(Illuminate/Http/Request))
#29 C:/Users/Dell/Music/Smart_Data_Import_Engine/vendor/laravel/framework/src/Illuminate/Pipeline/Pipeline.php(183): Illuminate/Http/Middleware/HandleCors->handle(Object(Illuminate/Http/Request), Object(Closure))
#30 C:/Users/Dell/Music/Smart_Data_Import_Engine/vendor/laravel/framework/src/Illuminate/Pipeline/Pipeline.php(119): Illuminate/Pipeline/Pipeline->Illuminate/Pipeline/{closure}(Object(Illuminate/Http/Request))
#31 C:/Users/Dell/Music/Smart_Data_Import_Engine/vendor/laravel/framework/src/Illuminate/Foundation/Http/Kernel.php(175): Illuminate/Pipeline/Pipeline->then(Object(Closure))
#32 C:/Users/Dell/Music/Smart_Data_Import_Engine/vendor/laravel/framework/src/Illuminate/Foundation/Http/Kernel.php(144): Illuminate/Foundation/Http/Kernel->sendRequestThroughRouter(Object(Illuminate/Http/Request))
#33 C:/Users/Dell/Music/Smart_Data_Import_Engine/public/index.php(18): Illuminate/Foundation/Http/Kernel->handle(Object(Illuminate/Http/Request))
#34 C:/Users/Dell/Music/Smart_Data_Import_Engine/vendor/laravel/framework/src/Illuminate/Foundation/resources/server.php(16): require_once('C://Users//Dell//M...')
#35 {main}
"} 
[2026-04-29 06:42:08] laravel.ERROR: Target class [Illuminate\Foundation\Http\Middleware\ValidateCsrfToken] does not exist. {"exception":"[object] (Illuminate\\Contracts\\Container\\BindingResolutionException(code: 0): Target class [Illuminate\\Foundation\\Http\\Middleware\\ValidateCsrfToken] does not exist. at C:/Users/Dell/Music/Smart_Data_Import_Engine/vendor/laravel/framework/src/Illuminate/Container/Container.php:914)
[stacktrace]
#0 C:/Users/Dell/Music/Smart_Data_Import_Engine/vendor/laravel/framework/src/Illuminate/Container/Container.php(795): Illuminate/Container/Container->build('Illuminate//Foun...')
#1 C:/Users/Dell/Music/Smart_Data_Import_Engine/vendor/laravel/framework/src/Illuminate/Foundation/Application.php(986): Illuminate/Container/Container->resolve('Illuminate//Foun...', Array, true)
#2 C:/Users/Dell/Music/Smart_Data_Import_Engine/vendor/laravel/framework/src/Illuminate/Container/Container.php(731): Illuminate/Foundation/Application->resolve('Illuminate//Foun...', Array)
#3 C:/Users/Dell/Music/Smart_Data_Import_Engine/vendor/laravel/framework/src/Illuminate/Foundation/Application.php(971): Illuminate/Container/Container->make('Illuminate//Foun...', Array)
#4 C:/Users/Dell/Music/Smart_Data_Import_Engine/vendor/laravel/framework/src/Illuminate/Pipeline/Pipeline.php(172): Illuminate/Foundation/Application->make('Illuminate//Foun...')
#5 C:/Users/Dell/Music/Smart_Data_Import_Engine/vendor/laravel/framework/src/Illuminate/View/Middleware/ShareErrorsFromSession.php(49): Illuminate/Pipeline/Pipeline->Illuminate/Pipeline/{closure}(Object(Illuminate/Http/Request))
#6 C:/Users/Dell/Music/Smart_Data_Import_Engine/vendor/laravel/framework/src/Illuminate/Pipeline/Pipeline.php(183): Illuminate/View/Middleware/ShareErrorsFromSession->handle(Object(Illuminate/Http/Request), Object(Closure))
#7 C:/Users/Dell/Music/Smart_Data_Import_Engine/vendor/laravel/framework/src/Illuminate/Session/Middleware/StartSession.php(121): Illuminate/Pipeline/Pipeline->Illuminate/Pipeline/{closure}(Object(Illuminate/Http/Request))
#8 C:/Users/Dell/Music/Smart_Data_Import_Engine/vendor/laravel/framework/src/Illuminate/Session/Middleware/StartSession.php(64): Illuminate/Session/Middleware/StartSession->handleStatefulRequest(Object(Illuminate/Http/Request), Object(Illuminate/Session/Store), Object(Closure))
#9 C:/Users/Dell/Music/Smart_Data_Import_Engine/vendor/laravel/framework/src/Illuminate/Pipeline/Pipeline.php(183): Illuminate/Session/Middleware/StartSession->handle(Object(Illuminate/Http/Request), Object(Closure))
#10 C:/Users/Dell/Music/Smart_Data_Import_Engine/vendor/laravel/framework/src/Illuminate/Cookie/Middleware/AddQueuedCookiesToResponse.php(37): Illuminate/Pipeline/Pipeline->Illuminate/Pipeline/{closure}(Object(Illuminate/Http/Request))
#11 C:/Users/Dell/Music/Smart_Data_Import_Engine/vendor/laravel/framework/src/Illuminate/Pipeline/Pipeline.php(183): Illuminate/Cookie/Middleware/AddQueuedCookiesToResponse->handle(Object(Illuminate/Http/Request), Object(Closure))
#12 C:/Users/Dell/Music/Smart_Data_Import_Engine/vendor/laravel/framework/src/Illuminate/Cookie/Middleware/EncryptCookies.php(67): Illuminate/Pipeline/Pipeline->Illuminate/Pipeline/{closure}(Object(Illuminate/Http/Request))
#13 C:/Users/Dell/Music/Smart_Data_Import_Engine/vendor/laravel/framework/src/Illuminate/Pipeline/Pipeline.php(183): Illuminate/Cookie/Middleware/EncryptCookies->handle(Object(Illuminate/Http/Request), Object(Closure))
#14 C:/Users/Dell/Music/Smart_Data_Import_Engine/vendor/laravel/framework/src/Illuminate/Pipeline/Pipeline.php(119): Illuminate/Pipeline/Pipeline->Illuminate/Pipeline/{closure}(Object(Illuminate/Http/Request))
#15 C:/Users/Dell/Music/Smart_Data_Import_Engine/vendor/laravel/framework/src/Illuminate/Routing/Router.php(805): Illuminate/Pipeline/Pipeline->then(Object(Closure))
#16 C:/Users/Dell/Music/Smart_Data_Import_Engine/vendor/laravel/framework/src/Illuminate/Routing/Router.php(784): Illuminate/Routing/Router->runRouteWithinStack(Object(Illuminate/Routing/Route), Object(Illuminate/Http/Request))
#17 C:/Users/Dell/Music/Smart_Data_Import_Engine/vendor/laravel/framework/src/Illuminate/Routing/Router.php(748): Illuminate/Routing/Router->runRoute(Object(Illuminate/Http/Request), Object(Illuminate/Routing/Route))
#18 C:/Users/Dell/Music/Smart_Data_Import_Engine/vendor/laravel/framework/src/Illuminate/Routing/Router.php(737): Illuminate/Routing/Router->dispatchToRoute(Object(Illuminate/Http/Request))
#19 C:/Users/Dell/Music/Smart_Data_Import_Engine/vendor/laravel/framework/src/Illuminate/Foundation/Http/Kernel.php(200): Illuminate/Routing/Router->dispatch(Object(Illuminate/Http/Request))
#20 C:/Users/Dell/Music/Smart_Data_Import_Engine/vendor/laravel/framework/src/Illuminate/Pipeline/Pipeline.php(144): Illuminate/Foundation/Http/Kernel->Illuminate/Foundation/Http/{closure}(Object(Illuminate/Http/Request))
#21 C:/Users/Dell/Music/Smart_Data_Import_Engine/vendor/laravel/framework/src/Illuminate/Foundation/Http/Middleware/TransformsRequest.php(21): Illuminate/Pipeline/Pipeline->Illuminate/Pipeline/{closure}(Object(Illuminate/Http/Request))
#22 C:/Users/Dell/Music/Smart_Data_Import_Engine/vendor/laravel/framework/src/Illuminate/Foundation/Http/Middleware/ConvertEmptyStringsToNull.php(31): Illuminate/Foundation/Http/Middleware/TransformsRequest->handle(Object(Illuminate/Http/Request), Object(Closure))
#23 C:/Users/Dell/Music/Smart_Data_Import_Engine/vendor/laravel/framework/src/Illuminate/Pipeline/Pipeline.php(183): Illuminate/Foundation/Http/Middleware/ConvertEmptyStringsToNull->handle(Object(Illuminate/Http/Request), Object(Closure))
#24 C:/Users/Dell/Music/Smart_Data_Import_Engine/vendor/laravel/framework/src/Illuminate/Foundation/Http/Middleware/ValidatePostSize.php(27): Illuminate/Pipeline/Pipeline->Illuminate/Pipeline/{closure}(Object(Illuminate/Http/Request))
#25 C:/Users/Dell/Music/Smart_Data_Import_Engine/vendor/laravel/framework/src/Illuminate/Pipeline/Pipeline.php(183): Illuminate/Foundation/Http/Middleware/ValidatePostSize->handle(Object(Illuminate/Http/Request), Object(Closure))
#26 C:/Users/Dell/Music/Smart_Data_Import_Engine/vendor/laravel/framework/src/Illuminate/Http/Middleware/HandleCors.php(49): Illuminate/Pipeline/Pipeline->Illuminate/Pipeline/{closure}(Object(Illuminate/Http/Request))
#27 C:/Users/Dell/Music/Smart_Data_Import_Engine/vendor/laravel/framework/src/Illuminate/Pipeline/Pipeline.php(183): Illuminate/Http/Middleware/HandleCors->handle(Object(Illuminate/Http/Request), Object(Closure))
#28 C:/Users/Dell/Music/Smart_Data_Import_Engine/vendor/laravel/framework/src/Illuminate/Pipeline/Pipeline.php(119): Illuminate/Pipeline/Pipeline->Illuminate/Pipeline/{closure}(Object(Illuminate/Http/Request))
#29 C:/Users/Dell/Music/Smart_Data_Import_Engine/vendor/laravel/framework/src/Illuminate/Foundation/Http/Kernel.php(175): Illuminate/Pipeline/Pipeline->then(Object(Closure))
#30 C:/Users/Dell/Music/Smart_Data_Import_Engine/vendor/laravel/framework/src/Illuminate/Foundation/Http/Kernel.php(144): Illuminate/Foundation/Http/Kernel->sendRequestThroughRouter(Object(Illuminate/Http/Request))
#31 C:/Users/Dell/Music/Smart_Data_Import_Engine/public/index.php(18): Illuminate/Foundation/Http/Kernel->handle(Object(Illuminate/Http/Request))
#32 C:/Users/Dell/Music/Smart_Data_Import_Engine/vendor/laravel/framework/src/Illuminate/Foundation/resources/server.php(16): require_once('C://Users//Dell//M...')
#33 {main}

[previous exception] [object] (ReflectionException(code: -1): Class \"Illuminate\\Foundation\\Http\\Middleware\\ValidateCsrfToken\" does not exist at C:/Users/Dell/Music/Smart_Data_Import_Engine/vendor/laravel/framework/src/Illuminate/Container/Container.php:912)
[stacktrace]
#0 C:/Users/Dell/Music/Smart_Data_Import_Engine/vendor/laravel/framework/src/Illuminate/Container/Container.php(912): ReflectionClass->__construct('Illuminate//Foun...')
#1 C:/Users/Dell/Music/Smart_Data_Import_Engine/vendor/laravel/framework/src/Illuminate/Container/Container.php(795): Illuminate/Container/Container->build('Illuminate//Foun...')
#2 C:/Users/Dell/Music/Smart_Data_Import_Engine/vendor/laravel/framework/src/Illuminate/Foundation/Application.php(986): Illuminate/Container/Container->resolve('Illuminate//Foun...', Array, true)
#3 C:/Users/Dell/Music/Smart_Data_Import_Engine/vendor/laravel/framework/src/Illuminate/Container/Container.php(731): Illuminate/Foundation/Application->resolve('Illuminate//Foun...', Array)
#4 C:/Users/Dell/Music/Smart_Data_Import_Engine/vendor/laravel/framework/src/Illuminate/Foundation/Application.php(971): Illuminate/Container/Container->make('Illuminate//Foun...', Array)
#5 C:/Users/Dell/Music/Smart_Data_Import_Engine/vendor/laravel/framework/src/Illuminate/Pipeline/Pipeline.php(172): Illuminate/Foundation/Application->make('Illuminate//Foun...')
#6 C:/Users/Dell/Music/Smart_Data_Import_Engine/vendor/laravel/framework/src/Illuminate/View/Middleware/ShareErrorsFromSession.php(49): Illuminate/Pipeline/Pipeline->Illuminate/Pipeline/{closure}(Object(Illuminate/Http/Request))
#7 C:/Users/Dell/Music/Smart_Data_Import_Engine/vendor/laravel/framework/src/Illuminate/Pipeline/Pipeline.php(183): Illuminate/View/Middleware/ShareErrorsFromSession->handle(Object(Illuminate/Http/Request), Object(Closure))
#8 C:/Users/Dell/Music/Smart_Data_Import_Engine/vendor/laravel/framework/src/Illuminate/Session/Middleware/StartSession.php(121): Illuminate/Pipeline/Pipeline->Illuminate/Pipeline/{closure}(Object(Illuminate/Http/Request))
#9 C:/Users/Dell/Music/Smart_Data_Import_Engine/vendor/laravel/framework/src/Illuminate/Session/Middleware/StartSession.php(64): Illuminate/Session/Middleware/StartSession->handleStatefulRequest(Object(Illuminate/Http/Request), Object(Illuminate/Session/Store), Object(Closure))
#10 C:/Users/Dell/Music/Smart_Data_Import_Engine/vendor/laravel/framework/src/Illuminate/Pipeline/Pipeline.php(183): Illuminate/Session/Middleware/StartSession->handle(Object(Illuminate/Http/Request), Object(Closure))
#11 C:/Users/Dell/Music/Smart_Data_Import_Engine/vendor/laravel/framework/src/Illuminate/Cookie/Middleware/AddQueuedCookiesToResponse.php(37): Illuminate/Pipeline/Pipeline->Illuminate/Pipeline/{closure}(Object(Illuminate/Http/Request))
#12 C:/Users/Dell/Music/Smart_Data_Import_Engine/vendor/laravel/framework/src/Illuminate/Pipeline/Pipeline.php(183): Illuminate/Cookie/Middleware/AddQueuedCookiesToResponse->handle(Object(Illuminate/Http/Request), Object(Closure))
#13 C:/Users/Dell/Music/Smart_Data_Import_Engine/vendor/laravel/framework/src/Illuminate/Cookie/Middleware/EncryptCookies.php(67): Illuminate/Pipeline/Pipeline->Illuminate/Pipeline/{closure}(Object(Illuminate/Http/Request))
#14 C:/Users/Dell/Music/Smart_Data_Import_Engine/vendor/laravel/framework/src/Illuminate/Pipeline/Pipeline.php(183): Illuminate/Cookie/Middleware/EncryptCookies->handle(Object(Illuminate/Http/Request), Object(Closure))
#15 C:/Users/Dell/Music/Smart_Data_Import_Engine/vendor/laravel/framework/src/Illuminate/Pipeline/Pipeline.php(119): Illuminate/Pipeline/Pipeline->Illuminate/Pipeline/{closure}(Object(Illuminate/Http/Request))
#16 C:/Users/Dell/Music/Smart_Data_Import_Engine/vendor/laravel/framework/src/Illuminate/Routing/Router.php(805): Illuminate/Pipeline/Pipeline->then(Object(Closure))
#17 C:/Users/Dell/Music/Smart_Data_Import_Engine/vendor/laravel/framework/src/Illuminate/Routing/Router.php(784): Illuminate/Routing/Router->runRouteWithinStack(Object(Illuminate/Routing/Route), Object(Illuminate/Http/Request))
#18 C:/Users/Dell/Music/Smart_Data_Import_Engine/vendor/laravel/framework/src/Illuminate/Routing/Router.php(748): Illuminate/Routing/Router->runRoute(Object(Illuminate/Http/Request), Object(Illuminate/Routing/Route))
#19 C:/Users/Dell/Music/Smart_Data_Import_Engine/vendor/laravel/framework/src/Illuminate/Routing/Router.php(737): Illuminate/Routing/Router->dispatchToRoute(Object(Illuminate/Http/Request))
#20 C:/Users/Dell/Music/Smart_Data_Import_Engine/vendor/laravel/framework/src/Illuminate/Foundation/Http/Kernel.php(200): Illuminate/Routing/Router->dispatch(Object(Illuminate/Http/Request))
#21 C:/Users/Dell/Music/Smart_Data_Import_Engine/vendor/laravel/framework/src/Illuminate/Pipeline/Pipeline.php(144): Illuminate/Foundation/Http/Kernel->Illuminate/Foundation/Http/{closure}(Object(Illuminate/Http/Request))
#22 C:/Users/Dell/Music/Smart_Data_Import_Engine/vendor/laravel/framework/src/Illuminate/Foundation/Http/Middleware/TransformsRequest.php(21): Illuminate/Pipeline/Pipeline->Illuminate/Pipeline/{closure}(Object(Illuminate/Http/Request))
#23 C:/Users/Dell/Music/Smart_Data_Import_Engine/vendor/laravel/framework/src/Illuminate/Foundation/Http/Middleware/ConvertEmptyStringsToNull.php(31): Illuminate/Foundation/Http/Middleware/TransformsRequest->handle(Object(Illuminate/Http/Request), Object(Closure))
#24 C:/Users/Dell/Music/Smart_Data_Import_Engine/vendor/laravel/framework/src/Illuminate/Pipeline/Pipeline.php(183): Illuminate/Foundation/Http/Middleware/ConvertEmptyStringsToNull->handle(Object(Illuminate/Http/Request), Object(Closure))
#25 C:/Users/Dell/Music/Smart_Data_Import_Engine/vendor/laravel/framework/src/Illuminate/Foundation/Http/Middleware/ValidatePostSize.php(27): Illuminate/Pipeline/Pipeline->Illuminate/Pipeline/{closure}(Object(Illuminate/Http/Request))
#26 C:/Users/Dell/Music/Smart_Data_Import_Engine/vendor/laravel/framework/src/Illuminate/Pipeline/Pipeline.php(183): Illuminate/Foundation/Http/Middleware/ValidatePostSize->handle(Object(Illuminate/Http/Request), Object(Closure))
#27 C:/Users/Dell/Music/Smart_Data_Import_Engine/vendor/laravel/framework/src/Illuminate/Http/Middleware/HandleCors.php(49): Illuminate/Pipeline/Pipeline->Illuminate/Pipeline/{closure}(Object(Illuminate/Http/Request))
#28 C:/Users/Dell/Music/Smart_Data_Import_Engine/vendor/laravel/framework/src/Illuminate/Pipeline/Pipeline.php(183): Illuminate/Http/Middleware/HandleCors->handle(Object(Illuminate/Http/Request), Object(Closure))
#29 C:/Users/Dell/Music/Smart_Data_Import_Engine/vendor/laravel/framework/src/Illuminate/Pipeline/Pipeline.php(119): Illuminate/Pipeline/Pipeline->Illuminate/Pipeline/{closure}(Object(Illuminate/Http/Request))
#30 C:/Users/Dell/Music/Smart_Data_Import_Engine/vendor/laravel/framework/src/Illuminate/Foundation/Http/Kernel.php(175): Illuminate/Pipeline/Pipeline->then(Object(Closure))
#31 C:/Users/Dell/Music/Smart_Data_Import_Engine/vendor/laravel/framework/src/Illuminate/Foundation/Http/Kernel.php(144): Illuminate/Foundation/Http/Kernel->sendRequestThroughRouter(Object(Illuminate/Http/Request))
#32 C:/Users/Dell/Music/Smart_Data_Import_Engine/public/index.php(18): Illuminate/Foundation/Http/Kernel->handle(Object(Illuminate/Http/Request))
#33 C:/Users/Dell/Music/Smart_Data_Import_Engine/vendor/laravel/framework/src/Illuminate/Foundation/resources/server.php(16): require_once('C://Users//Dell//M...')
#34 {main}
"} 
[2026-04-29 06:42:08] laravel.EMERGENCY: Unable to create configured logger. Using emergency logger. {"exception":"[object] (InvalidArgumentException(code: 0): Log [] is not defined. at C:/Users/Dell/Music/Smart_Data_Import_Engine/vendor/laravel/framework/src/Illuminate/Log/LogManager.php:212)
[stacktrace]
#0 C:/Users/Dell/Music/Smart_Data_Import_Engine/vendor/laravel/framework/src/Illuminate/Log/LogManager.php(137): Illuminate/Log/LogManager->resolve(NULL, NULL)
#1 C:/Users/Dell/Music/Smart_Data_Import_Engine/vendor/laravel/framework/src/Illuminate/Log/LogManager.php(124): Illuminate/Log/LogManager->get(NULL)
#2 C:/Users/Dell/Music/Smart_Data_Import_Engine/vendor/laravel/framework/src/Illuminate/Log/LogManager.php(681): Illuminate/Log/LogManager->driver()
#3 C:/Users/Dell/Music/Smart_Data_Import_Engine/vendor/laravel/framework/src/Illuminate/Foundation/Exceptions/Handler.php(317): Illuminate/Log/LogManager->error('Target class [I...', Array)
#4 C:/Users/Dell/Music/Smart_Data_Import_Engine/vendor/laravel/framework/src/Illuminate/Foundation/Exceptions/Handler.php(278): Illuminate/Foundation/Exceptions/Handler->reportThrowable(Object(Illuminate/Contracts/Container/BindingResolutionException))
#5 C:/Users/Dell/Music/Smart_Data_Import_Engine/vendor/laravel/framework/src/Illuminate/Foundation/Bootstrap/HandleExceptions.php(183): Illuminate/Foundation/Exceptions/Handler->report(Object(Illuminate/Contracts/Container/BindingResolutionException))
#6 C:/Users/Dell/Music/Smart_Data_Import_Engine/vendor/laravel/framework/src/Illuminate/Foundation/Bootstrap/HandleExceptions.php(255): Illuminate/Foundation/Bootstrap/HandleExceptions->handleException(Object(Illuminate/Contracts/Container/BindingResolutionException))
#7 [internal function]: Illuminate/Foundation/Bootstrap/HandleExceptions->Illuminate/Foundation/Bootstrap/{closure}(Object(Illuminate/Contracts/Container/BindingResolutionException))
#8 {main}
"} 
[2026-04-29 06:42:08] laravel.ERROR: Target class [Illuminate\Foundation\Http\Middleware\ValidateCsrfToken] does not exist. {"exception":"[object] (Illuminate\\Contracts\\Container\\BindingResolutionException(code: 0): Target class [Illuminate\\Foundation\\Http\\Middleware\\ValidateCsrfToken] does not exist. at C:/Users/Dell/Music/Smart_Data_Import_Engine/vendor/laravel/framework/src/Illuminate/Container/Container.php:914)
[stacktrace]
#0 C:/Users/Dell/Music/Smart_Data_Import_Engine/vendor/laravel/framework/src/Illuminate/Container/Container.php(795): Illuminate/Container/Container->build('Illuminate//Foun...')
#1 C:/Users/Dell/Music/Smart_Data_Import_Engine/vendor/laravel/framework/src/Illuminate/Foundation/Application.php(986): Illuminate/Container/Container->resolve('Illuminate//Foun...', Array, true)
#2 C:/Users/Dell/Music/Smart_Data_Import_Engine/vendor/laravel/framework/src/Illuminate/Container/Container.php(731): Illuminate/Foundation/Application->resolve('Illuminate//Foun...', Array)
#3 C:/Users/Dell/Music/Smart_Data_Import_Engine/vendor/laravel/framework/src/Illuminate/Foundation/Application.php(971): Illuminate/Container/Container->make('Illuminate//Foun...', Array)
#4 C:/Users/Dell/Music/Smart_Data_Import_Engine/vendor/laravel/framework/src/Illuminate/Foundation/Http/Kernel.php(255): Illuminate/Foundation/Application->make('Illuminate//Foun...')
#5 C:/Users/Dell/Music/Smart_Data_Import_Engine/vendor/laravel/framework/src/Illuminate/Foundation/Http/Kernel.php(213): Illuminate/Foundation/Http/Kernel->terminateMiddleware(Object(Illuminate/Http/Request), Object(Illuminate/Http/Response))
#6 C:/Users/Dell/Music/Smart_Data_Import_Engine/public/index.php(22): Illuminate/Foundation/Http/Kernel->terminate(Object(Illuminate/Http/Request), Object(Illuminate/Http/Response))
#7 C:/Users/Dell/Music/Smart_Data_Import_Engine/vendor/laravel/framework/src/Illuminate/Foundation/resources/server.php(16): require_once('C://Users//Dell//M...')
#8 {main}

[previous exception] [object] (ReflectionException(code: -1): Class \"Illuminate\\Foundation\\Http\\Middleware\\ValidateCsrfToken\" does not exist at C:/Users/Dell/Music/Smart_Data_Import_Engine/vendor/laravel/framework/src/Illuminate/Container/Container.php:912)
[stacktrace]
#0 C:/Users/Dell/Music/Smart_Data_Import_Engine/vendor/laravel/framework/src/Illuminate/Container/Container.php(912): ReflectionClass->__construct('Illuminate//Foun...')
#1 C:/Users/Dell/Music/Smart_Data_Import_Engine/vendor/laravel/framework/src/Illuminate/Container/Container.php(795): Illuminate/Container/Container->build('Illuminate//Foun...')
#2 C:/Users/Dell/Music/Smart_Data_Import_Engine/vendor/laravel/framework/src/Illuminate/Foundation/Application.php(986): Illuminate/Container/Container->resolve('Illuminate//Foun...', Array, true)
#3 C:/Users/Dell/Music/Smart_Data_Import_Engine/vendor/laravel/framework/src/Illuminate/Container/Container.php(731): Illuminate/Foundation/Application->resolve('Illuminate//Foun...', Array)
#4 C:/Users/Dell/Music/Smart_Data_Import_Engine/vendor/laravel/framework/src/Illuminate/Foundation/Application.php(971): Illuminate/Container/Container->make('Illuminate//Foun...', Array)
#5 C:/Users/Dell/Music/Smart_Data_Import_Engine/vendor/laravel/framework/src/Illuminate/Foundation/Http/Kernel.php(255): Illuminate/Foundation/Application->make('Illuminate//Foun...')
#6 C:/Users/Dell/Music/Smart_Data_Import_Engine/vendor/laravel/framework/src/Illuminate/Foundation/Http/Kernel.php(213): Illuminate/Foundation/Http/Kernel->terminateMiddleware(Object(Illuminate/Http/Request), Object(Illuminate/Http/Response))
#7 C:/Users/Dell/Music/Smart_Data_Import_Engine/public/index.php(22): Illuminate/Foundation/Http/Kernel->terminate(Object(Illuminate/Http/Request), Object(Illuminate/Http/Response))
#8 C:/Users/Dell/Music/Smart_Data_Import_Engine/vendor/laravel/framework/src/Illuminate/Foundation/resources/server.php(16): require_once('C://Users//Dell//M...')
#9 {main}
"} 
[2026-04-29 06:42:41] laravel.EMERGENCY: Unable to create configured logger. Using emergency logger. {"exception":"[object] (InvalidArgumentException(code: 0): Log [] is not defined. at C:/Users/Dell/Music/Smart_Data_Import_Engine/vendor/laravel/framework/src/Illuminate/Log/LogManager.php:212)
[stacktrace]
#0 C:/Users/Dell/Music/Smart_Data_Import_Engine/vendor/laravel/framework/src/Illuminate/Log/LogManager.php(137): Illuminate/Log/LogManager->resolve(NULL, NULL)
#1 C:/Users/Dell/Music/Smart_Data_Import_Engine/vendor/laravel/framework/src/Illuminate/Log/LogManager.php(124): Illuminate/Log/LogManager->get(NULL)
#2 C:/Users/Dell/Music/Smart_Data_Import_Engine/vendor/laravel/framework/src/Illuminate/Log/LogManager.php(681): Illuminate/Log/LogManager->driver()
#3 C:/Users/Dell/Music/Smart_Data_Import_Engine/vendor/laravel/framework/src/Illuminate/Foundation/Exceptions/Handler.php(317): Illuminate/Log/LogManager->error('Auth guard [] i...', Array)
#4 C:/Users/Dell/Music/Smart_Data_Import_Engine/vendor/laravel/framework/src/Illuminate/Foundation/Exceptions/Handler.php(278): Illuminate/Foundation/Exceptions/Handler->reportThrowable(Object(InvalidArgumentException))
#5 C:/Users/Dell/Music/Smart_Data_Import_Engine/vendor/laravel/framework/src/Illuminate/Routing/Pipeline.php(49): Illuminate/Foundation/Exceptions/Handler->report(Object(InvalidArgumentException))
#6 C:/Users/Dell/Music/Smart_Data_Import_Engine/vendor/laravel/framework/src/Illuminate/Pipeline/Pipeline.php(188): Illuminate/Routing/Pipeline->handleException(Object(Illuminate/Http/Request), Object(InvalidArgumentException))
#7 C:/Users/Dell/Music/Smart_Data_Import_Engine/vendor/laravel/framework/src/Illuminate/Pipeline/Pipeline.php(119): Illuminate/Pipeline/Pipeline->Illuminate/Pipeline/{closure}(Object(Illuminate/Http/Request))
#8 C:/Users/Dell/Music/Smart_Data_Import_Engine/vendor/laravel/framework/src/Illuminate/Routing/Router.php(805): Illuminate/Pipeline/Pipeline->then(Object(Closure))
#9 C:/Users/Dell/Music/Smart_Data_Import_Engine/vendor/laravel/framework/src/Illuminate/Routing/Router.php(784): Illuminate/Routing/Router->runRouteWithinStack(Object(Illuminate/Routing/Route), Object(Illuminate/Http/Request))
#10 C:/Users/Dell/Music/Smart_Data_Import_Engine/vendor/laravel/framework/src/Illuminate/Routing/Router.php(748): Illuminate/Routing/Router->runRoute(Object(Illuminate/Http/Request), Object(Illuminate/Routing/Route))
#11 C:/Users/Dell/Music/Smart_Data_Import_Engine/vendor/laravel/framework/src/Illuminate/Routing/Router.php(737): Illuminate/Routing/Router->dispatchToRoute(Object(Illuminate/Http/Request))
#12 C:/Users/Dell/Music/Smart_Data_Import_Engine/vendor/laravel/framework/src/Illuminate/Foundation/Http/Kernel.php(200): Illuminate/Routing/Router->dispatch(Object(Illuminate/Http/Request))
#13 C:/Users/Dell/Music/Smart_Data_Import_Engine/vendor/laravel/framework/src/Illuminate/Pipeline/Pipeline.php(144): Illuminate/Foundation/Http/Kernel->Illuminate/Foundation/Http/{closure}(Object(Illuminate/Http/Request))
#14 C:/Users/Dell/Music/Smart_Data_Import_Engine/vendor/laravel/framework/src/Illuminate/Foundation/Http/Middleware/TransformsRequest.php(21): Illuminate/Pipeline/Pipeline->Illuminate/Pipeline/{closure}(Object(Illuminate/Http/Request))
#15 C:/Users/Dell/Music/Smart_Data_Import_Engine/vendor/laravel/framework/src/Illuminate/Foundation/Http/Middleware/ConvertEmptyStringsToNull.php(31): Illuminate/Foundation/Http/Middleware/TransformsRequest->handle(Object(Illuminate/Http/Request), Object(Closure))
#16 C:/Users/Dell/Music/Smart_Data_Import_Engine/vendor/laravel/framework/src/Illuminate/Pipeline/Pipeline.php(183): Illuminate/Foundation/Http/Middleware/ConvertEmptyStringsToNull->handle(Object(Illuminate/Http/Request), Object(Closure))
#17 C:/Users/Dell/Music/Smart_Data_Import_Engine/vendor/laravel/framework/src/Illuminate/Foundation/Http/Middleware/ValidatePostSize.php(27): Illuminate/Pipeline/Pipeline->Illuminate/Pipeline/{closure}(Object(Illuminate/Http/Request))
#18 C:/Users/Dell/Music/Smart_Data_Import_Engine/vendor/laravel/framework/src/Illuminate/Pipeline/Pipeline.php(183): Illuminate/Foundation/Http/Middleware/ValidatePostSize->handle(Object(Illuminate/Http/Request), Object(Closure))
#19 C:/Users/Dell/Music/Smart_Data_Import_Engine/vendor/laravel/framework/src/Illuminate/Http/Middleware/HandleCors.php(49): Illuminate/Pipeline/Pipeline->Illuminate/Pipeline/{closure}(Object(Illuminate/Http/Request))
#20 C:/Users/Dell/Music/Smart_Data_Import_Engine/vendor/laravel/framework/src/Illuminate/Pipeline/Pipeline.php(183): Illuminate/Http/Middleware/HandleCors->handle(Object(Illuminate/Http/Request), Object(Closure))
#21 C:/Users/Dell/Music/Smart_Data_Import_Engine/vendor/laravel/framework/src/Illuminate/Pipeline/Pipeline.php(119): Illuminate/Pipeline/Pipeline->Illuminate/Pipeline/{closure}(Object(Illuminate/Http/Request))
#22 C:/Users/Dell/Music/Smart_Data_Import_Engine/vendor/laravel/framework/src/Illuminate/Foundation/Http/Kernel.php(175): Illuminate/Pipeline/Pipeline->then(Object(Closure))
#23 C:/Users/Dell/Music/Smart_Data_Import_Engine/vendor/laravel/framework/src/Illuminate/Foundation/Http/Kernel.php(144): Illuminate/Foundation/Http/Kernel->sendRequestThroughRouter(Object(Illuminate/Http/Request))
#24 C:/Users/Dell/Music/Smart_Data_Import_Engine/public/index.php(18): Illuminate/Foundation/Http/Kernel->handle(Object(Illuminate/Http/Request))
#25 C:/Users/Dell/Music/Smart_Data_Import_Engine/vendor/laravel/framework/src/Illuminate/Foundation/resources/server.php(16): require_once('C://Users//Dell//M...')
#26 {main}
"} 
[2026-04-29 06:42:41] laravel.ERROR: Auth guard [] is not defined. {"exception":"[object] (InvalidArgumentException(code: 0): Auth guard [] is not defined. at C:/Users/Dell/Music/Smart_Data_Import_Engine/vendor/laravel/framework/src/Illuminate/Auth/AuthManager.php:86)
[stacktrace]
#0 C:/Users/Dell/Music/Smart_Data_Import_Engine/vendor/laravel/framework/src/Illuminate/Auth/AuthManager.php(70): Illuminate/Auth/AuthManager->resolve(NULL)
#1 C:/Users/Dell/Music/Smart_Data_Import_Engine/vendor/laravel/framework/src/Illuminate/Auth/AuthManager.php(57): Illuminate/Auth/AuthManager->guard(NULL)
#2 [internal function]: Illuminate/Auth/AuthManager->Illuminate/Auth/{closure}(NULL)
#3 C:/Users/Dell/Music/Smart_Data_Import_Engine/vendor/laravel/framework/src/Illuminate/Auth/AuthServiceProvider.php(89): call_user_func(Object(Closure), NULL)
#4 [internal function]: Illuminate/Auth/AuthServiceProvider->Illuminate/Auth/{closure}(NULL)
#5 C:/Users/Dell/Music/Smart_Data_Import_Engine/vendor/laravel/framework/src/Illuminate/Http/Request.php(607): call_user_func(Object(Closure), NULL)
#6 C:/Users/Dell/Music/Smart_Data_Import_Engine/app/Providers/RouteServiceProvider.php(18): Illuminate/Http/Request->user()
#7 C:/Users/Dell/Music/Smart_Data_Import_Engine/vendor/laravel/framework/src/Illuminate/Routing/Middleware/ThrottleRequests.php(117): App/Providers/RouteServiceProvider->App/Providers/{closure}(Object(Illuminate/Http/Request))
#8 C:/Users/Dell/Music/Smart_Data_Import_Engine/vendor/laravel/framework/src/Illuminate/Routing/Middleware/ThrottleRequests.php(87): Illuminate/Routing/Middleware/ThrottleRequests->handleRequestUsingNamedLimiter(Object(Illuminate/Http/Request), Object(Closure), 'api', Object(Closure))
#9 C:/Users/Dell/Music/Smart_Data_Import_Engine/vendor/laravel/framework/src/Illuminate/Pipeline/Pipeline.php(183): Illuminate/Routing/Middleware/ThrottleRequests->handle(Object(Illuminate/Http/Request), Object(Closure), 'api')
#10 C:/Users/Dell/Music/Smart_Data_Import_Engine/vendor/laravel/framework/src/Illuminate/Pipeline/Pipeline.php(119): Illuminate/Pipeline/Pipeline->Illuminate/Pipeline/{closure}(Object(Illuminate/Http/Request))
#11 C:/Users/Dell/Music/Smart_Data_Import_Engine/vendor/laravel/framework/src/Illuminate/Routing/Router.php(805): Illuminate/Pipeline/Pipeline->then(Object(Closure))
#12 C:/Users/Dell/Music/Smart_Data_Import_Engine/vendor/laravel/framework/src/Illuminate/Routing/Router.php(784): Illuminate/Routing/Router->runRouteWithinStack(Object(Illuminate/Routing/Route), Object(Illuminate/Http/Request))
#13 C:/Users/Dell/Music/Smart_Data_Import_Engine/vendor/laravel/framework/src/Illuminate/Routing/Router.php(748): Illuminate/Routing/Router->runRoute(Object(Illuminate/Http/Request), Object(Illuminate/Routing/Route))
#14 C:/Users/Dell/Music/Smart_Data_Import_Engine/vendor/laravel/framework/src/Illuminate/Routing/Router.php(737): Illuminate/Routing/Router->dispatchToRoute(Object(Illuminate/Http/Request))
#15 C:/Users/Dell/Music/Smart_Data_Import_Engine/vendor/laravel/framework/src/Illuminate/Foundation/Http/Kernel.php(200): Illuminate/Routing/Router->dispatch(Object(Illuminate/Http/Request))
#16 C:/Users/Dell/Music/Smart_Data_Import_Engine/vendor/laravel/framework/src/Illuminate/Pipeline/Pipeline.php(144): Illuminate/Foundation/Http/Kernel->Illuminate/Foundation/Http/{closure}(Object(Illuminate/Http/Request))
#17 C:/Users/Dell/Music/Smart_Data_Import_Engine/vendor/laravel/framework/src/Illuminate/Foundation/Http/Middleware/TransformsRequest.php(21): Illuminate/Pipeline/Pipeline->Illuminate/Pipeline/{closure}(Object(Illuminate/Http/Request))
#18 C:/Users/Dell/Music/Smart_Data_Import_Engine/vendor/laravel/framework/src/Illuminate/Foundation/Http/Middleware/ConvertEmptyStringsToNull.php(31): Illuminate/Foundation/Http/Middleware/TransformsRequest->handle(Object(Illuminate/Http/Request), Object(Closure))
#19 C:/Users/Dell/Music/Smart_Data_Import_Engine/vendor/laravel/framework/src/Illuminate/Pipeline/Pipeline.php(183): Illuminate/Foundation/Http/Middleware/ConvertEmptyStringsToNull->handle(Object(Illuminate/Http/Request), Object(Closure))
#20 C:/Users/Dell/Music/Smart_Data_Import_Engine/vendor/laravel/framework/src/Illuminate/Foundation/Http/Middleware/ValidatePostSize.php(27): Illuminate/Pipeline/Pipeline->Illuminate/Pipeline/{closure}(Object(Illuminate/Http/Request))
#21 C:/Users/Dell/Music/Smart_Data_Import_Engine/vendor/laravel/framework/src/Illuminate/Pipeline/Pipeline.php(183): Illuminate/Foundation/Http/Middleware/ValidatePostSize->handle(Object(Illuminate/Http/Request), Object(Closure))
#22 C:/Users/Dell/Music/Smart_Data_Import_Engine/vendor/laravel/framework/src/Illuminate/Http/Middleware/HandleCors.php(49): Illuminate/Pipeline/Pipeline->Illuminate/Pipeline/{closure}(Object(Illuminate/Http/Request))
#23 C:/Users/Dell/Music/Smart_Data_Import_Engine/vendor/laravel/framework/src/Illuminate/Pipeline/Pipeline.php(183): Illuminate/Http/Middleware/HandleCors->handle(Object(Illuminate/Http/Request), Object(Closure))
#24 C:/Users/Dell/Music/Smart_Data_Import_Engine/vendor/laravel/framework/src/Illuminate/Pipeline/Pipeline.php(119): Illuminate/Pipeline/Pipeline->Illuminate/Pipeline/{closure}(Object(Illuminate/Http/Request))
#25 C:/Users/Dell/Music/Smart_Data_Import_Engine/vendor/laravel/framework/src/Illuminate/Foundation/Http/Kernel.php(175): Illuminate/Pipeline/Pipeline->then(Object(Closure))
#26 C:/Users/Dell/Music/Smart_Data_Import_Engine/vendor/laravel/framework/src/Illuminate/Foundation/Http/Kernel.php(144): Illuminate/Foundation/Http/Kernel->sendRequestThroughRouter(Object(Illuminate/Http/Request))
#27 C:/Users/Dell/Music/Smart_Data_Import_Engine/public/index.php(18): Illuminate/Foundation/Http/Kernel->handle(Object(Illuminate/Http/Request))
#28 C:/Users/Dell/Music/Smart_Data_Import_Engine/vendor/laravel/framework/src/Illuminate/Foundation/resources/server.php(16): require_once('C://Users//Dell//M...')
#29 {main}
"} 
[2026-04-29 07:00:44] laravel.EMERGENCY: Unable to create configured logger. Using emergency logger. {"exception":"[object] (InvalidArgumentException(code: 0): Log [] is not defined. at C:/Users/Dell/Music/Smart_Data_Import_Engine/vendor/laravel/framework/src/Illuminate/Log/LogManager.php:212)
[stacktrace]
#0 C:/Users/Dell/Music/Smart_Data_Import_Engine/vendor/laravel/framework/src/Illuminate/Log/LogManager.php(137): Illuminate/Log/LogManager->resolve(NULL, NULL)
#1 C:/Users/Dell/Music/Smart_Data_Import_Engine/vendor/laravel/framework/src/Illuminate/Log/LogManager.php(124): Illuminate/Log/LogManager->get(NULL)
#2 C:/Users/Dell/Music/Smart_Data_Import_Engine/vendor/laravel/framework/src/Illuminate/Log/LogManager.php(681): Illuminate/Log/LogManager->driver()
#3 C:/Users/Dell/Music/Smart_Data_Import_Engine/vendor/laravel/framework/src/Illuminate/Foundation/Exceptions/Handler.php(317): Illuminate/Log/LogManager->error('Auth guard [] i...', Array)
#4 C:/Users/Dell/Music/Smart_Data_Import_Engine/vendor/laravel/framework/src/Illuminate/Foundation/Exceptions/Handler.php(278): Illuminate/Foundation/Exceptions/Handler->reportThrowable(Object(InvalidArgumentException))
#5 C:/Users/Dell/Music/Smart_Data_Import_Engine/vendor/laravel/framework/src/Illuminate/Routing/Pipeline.php(49): Illuminate/Foundation/Exceptions/Handler->report(Object(InvalidArgumentException))
#6 C:/Users/Dell/Music/Smart_Data_Import_Engine/vendor/laravel/framework/src/Illuminate/Pipeline/Pipeline.php(188): Illuminate/Routing/Pipeline->handleException(Object(Illuminate/Http/Request), Object(InvalidArgumentException))
#7 C:/Users/Dell/Music/Smart_Data_Import_Engine/vendor/laravel/framework/src/Illuminate/Pipeline/Pipeline.php(119): Illuminate/Pipeline/Pipeline->Illuminate/Pipeline/{closure}(Object(Illuminate/Http/Request))
#8 C:/Users/Dell/Music/Smart_Data_Import_Engine/vendor/laravel/framework/src/Illuminate/Routing/Router.php(805): Illuminate/Pipeline/Pipeline->then(Object(Closure))
#9 C:/Users/Dell/Music/Smart_Data_Import_Engine/vendor/laravel/framework/src/Illuminate/Routing/Router.php(784): Illuminate/Routing/Router->runRouteWithinStack(Object(Illuminate/Routing/Route), Object(Illuminate/Http/Request))
#10 C:/Users/Dell/Music/Smart_Data_Import_Engine/vendor/laravel/framework/src/Illuminate/Routing/Router.php(748): Illuminate/Routing/Router->runRoute(Object(Illuminate/Http/Request), Object(Illuminate/Routing/Route))
#11 C:/Users/Dell/Music/Smart_Data_Import_Engine/vendor/laravel/framework/src/Illuminate/Routing/Router.php(737): Illuminate/Routing/Router->dispatchToRoute(Object(Illuminate/Http/Request))
#12 C:/Users/Dell/Music/Smart_Data_Import_Engine/vendor/laravel/framework/src/Illuminate/Foundation/Http/Kernel.php(200): Illuminate/Routing/Router->dispatch(Object(Illuminate/Http/Request))
#13 C:/Users/Dell/Music/Smart_Data_Import_Engine/vendor/laravel/framework/src/Illuminate/Pipeline/Pipeline.php(144): Illuminate/Foundation/Http/Kernel->Illuminate/Foundation/Http/{closure}(Object(Illuminate/Http/Request))
#14 C:/Users/Dell/Music/Smart_Data_Import_Engine/vendor/laravel/framework/src/Illuminate/Foundation/Http/Middleware/TransformsRequest.php(21): Illuminate/Pipeline/Pipeline->Illuminate/Pipeline/{closure}(Object(Illuminate/Http/Request))
#15 C:/Users/Dell/Music/Smart_Data_Import_Engine/vendor/laravel/framework/src/Illuminate/Foundation/Http/Middleware/ConvertEmptyStringsToNull.php(31): Illuminate/Foundation/Http/Middleware/TransformsRequest->handle(Object(Illuminate/Http/Request), Object(Closure))
#16 C:/Users/Dell/Music/Smart_Data_Import_Engine/vendor/laravel/framework/src/Illuminate/Pipeline/Pipeline.php(183): Illuminate/Foundation/Http/Middleware/ConvertEmptyStringsToNull->handle(Object(Illuminate/Http/Request), Object(Closure))
#17 C:/Users/Dell/Music/Smart_Data_Import_Engine/vendor/laravel/framework/src/Illuminate/Foundation/Http/Middleware/ValidatePostSize.php(27): Illuminate/Pipeline/Pipeline->Illuminate/Pipeline/{closure}(Object(Illuminate/Http/Request))
#18 C:/Users/Dell/Music/Smart_Data_Import_Engine/vendor/laravel/framework/src/Illuminate/Pipeline/Pipeline.php(183): Illuminate/Foundation/Http/Middleware/ValidatePostSize->handle(Object(Illuminate/Http/Request), Object(Closure))
#19 C:/Users/Dell/Music/Smart_Data_Import_Engine/vendor/laravel/framework/src/Illuminate/Http/Middleware/HandleCors.php(49): Illuminate/Pipeline/Pipeline->Illuminate/Pipeline/{closure}(Object(Illuminate/Http/Request))
#20 C:/Users/Dell/Music/Smart_Data_Import_Engine/vendor/laravel/framework/src/Illuminate/Pipeline/Pipeline.php(183): Illuminate/Http/Middleware/HandleCors->handle(Object(Illuminate/Http/Request), Object(Closure))
#21 C:/Users/Dell/Music/Smart_Data_Import_Engine/vendor/laravel/framework/src/Illuminate/Pipeline/Pipeline.php(119): Illuminate/Pipeline/Pipeline->Illuminate/Pipeline/{closure}(Object(Illuminate/Http/Request))
#22 C:/Users/Dell/Music/Smart_Data_Import_Engine/vendor/laravel/framework/src/Illuminate/Foundation/Http/Kernel.php(175): Illuminate/Pipeline/Pipeline->then(Object(Closure))
#23 C:/Users/Dell/Music/Smart_Data_Import_Engine/vendor/laravel/framework/src/Illuminate/Foundation/Http/Kernel.php(144): Illuminate/Foundation/Http/Kernel->sendRequestThroughRouter(Object(Illuminate/Http/Request))
#24 C:/Users/Dell/Music/Smart_Data_Import_Engine/public/index.php(18): Illuminate/Foundation/Http/Kernel->handle(Object(Illuminate/Http/Request))
#25 C:/Users/Dell/Music/Smart_Data_Import_Engine/vendor/laravel/framework/src/Illuminate/Foundation/resources/server.php(16): require_once('C://Users//Dell//M...')
#26 {main}
"} 
[2026-04-29 07:00:44] laravel.ERROR: Auth guard [] is not defined. {"exception":"[object] (InvalidArgumentException(code: 0): Auth guard [] is not defined. at C:/Users/Dell/Music/Smart_Data_Import_Engine/vendor/laravel/framework/src/Illuminate/Auth/AuthManager.php:86)
[stacktrace]
#0 C:/Users/Dell/Music/Smart_Data_Import_Engine/vendor/laravel/framework/src/Illuminate/Auth/AuthManager.php(70): Illuminate/Auth/AuthManager->resolve(NULL)
#1 C:/Users/Dell/Music/Smart_Data_Import_Engine/vendor/laravel/framework/src/Illuminate/Auth/AuthManager.php(57): Illuminate/Auth/AuthManager->guard(NULL)
#2 [internal function]: Illuminate/Auth/AuthManager->Illuminate/Auth/{closure}(NULL)
#3 C:/Users/Dell/Music/Smart_Data_Import_Engine/vendor/laravel/framework/src/Illuminate/Auth/AuthServiceProvider.php(89): call_user_func(Object(Closure), NULL)
#4 [internal function]: Illuminate/Auth/AuthServiceProvider->Illuminate/Auth/{closure}(NULL)
#5 C:/Users/Dell/Music/Smart_Data_Import_Engine/vendor/laravel/framework/src/Illuminate/Http/Request.php(607): call_user_func(Object(Closure), NULL)
#6 C:/Users/Dell/Music/Smart_Data_Import_Engine/app/Providers/RouteServiceProvider.php(18): Illuminate/Http/Request->user()
#7 C:/Users/Dell/Music/Smart_Data_Import_Engine/vendor/laravel/framework/src/Illuminate/Routing/Middleware/ThrottleRequests.php(117): App/Providers/RouteServiceProvider->App/Providers/{closure}(Object(Illuminate/Http/Request))
#8 C:/Users/Dell/Music/Smart_Data_Import_Engine/vendor/laravel/framework/src/Illuminate/Routing/Middleware/ThrottleRequests.php(87): Illuminate/Routing/Middleware/ThrottleRequests->handleRequestUsingNamedLimiter(Object(Illuminate/Http/Request), Object(Closure), 'api', Object(Closure))
#9 C:/Users/Dell/Music/Smart_Data_Import_Engine/vendor/laravel/framework/src/Illuminate/Pipeline/Pipeline.php(183): Illuminate/Routing/Middleware/ThrottleRequests->handle(Object(Illuminate/Http/Request), Object(Closure), 'api')
#10 C:/Users/Dell/Music/Smart_Data_Import_Engine/vendor/laravel/framework/src/Illuminate/Pipeline/Pipeline.php(119): Illuminate/Pipeline/Pipeline->Illuminate/Pipeline/{closure}(Object(Illuminate/Http/Request))
#11 C:/Users/Dell/Music/Smart_Data_Import_Engine/vendor/laravel/framework/src/Illuminate/Routing/Router.php(805): Illuminate/Pipeline/Pipeline->then(Object(Closure))
#12 C:/Users/Dell/Music/Smart_Data_Import_Engine/vendor/laravel/framework/src/Illuminate/Routing/Router.php(784): Illuminate/Routing/Router->runRouteWithinStack(Object(Illuminate/Routing/Route), Object(Illuminate/Http/Request))
#13 C:/Users/Dell/Music/Smart_Data_Import_Engine/vendor/laravel/framework/src/Illuminate/Routing/Router.php(748): Illuminate/Routing/Router->runRoute(Object(Illuminate/Http/Request), Object(Illuminate/Routing/Route))
#14 C:/Users/Dell/Music/Smart_Data_Import_Engine/vendor/laravel/framework/src/Illuminate/Routing/Router.php(737): Illuminate/Routing/Router->dispatchToRoute(Object(Illuminate/Http/Request))
#15 C:/Users/Dell/Music/Smart_Data_Import_Engine/vendor/laravel/framework/src/Illuminate/Foundation/Http/Kernel.php(200): Illuminate/Routing/Router->dispatch(Object(Illuminate/Http/Request))
#16 C:/Users/Dell/Music/Smart_Data_Import_Engine/vendor/laravel/framework/src/Illuminate/Pipeline/Pipeline.php(144): Illuminate/Foundation/Http/Kernel->Illuminate/Foundation/Http/{closure}(Object(Illuminate/Http/Request))
#17 C:/Users/Dell/Music/Smart_Data_Import_Engine/vendor/laravel/framework/src/Illuminate/Foundation/Http/Middleware/TransformsRequest.php(21): Illuminate/Pipeline/Pipeline->Illuminate/Pipeline/{closure}(Object(Illuminate/Http/Request))
#18 C:/Users/Dell/Music/Smart_Data_Import_Engine/vendor/laravel/framework/src/Illuminate/Foundation/Http/Middleware/ConvertEmptyStringsToNull.php(31): Illuminate/Foundation/Http/Middleware/TransformsRequest->handle(Object(Illuminate/Http/Request), Object(Closure))
#19 C:/Users/Dell/Music/Smart_Data_Import_Engine/vendor/laravel/framework/src/Illuminate/Pipeline/Pipeline.php(183): Illuminate/Foundation/Http/Middleware/ConvertEmptyStringsToNull->handle(Object(Illuminate/Http/Request), Object(Closure))
#20 C:/Users/Dell/Music/Smart_Data_Import_Engine/vendor/laravel/framework/src/Illuminate/Foundation/Http/Middleware/ValidatePostSize.php(27): Illuminate/Pipeline/Pipeline->Illuminate/Pipeline/{closure}(Object(Illuminate/Http/Request))
#21 C:/Users/Dell/Music/Smart_Data_Import_Engine/vendor/laravel/framework/src/Illuminate/Pipeline/Pipeline.php(183): Illuminate/Foundation/Http/Middleware/ValidatePostSize->handle(Object(Illuminate/Http/Request), Object(Closure))
#22 C:/Users/Dell/Music/Smart_Data_Import_Engine/vendor/laravel/framework/src/Illuminate/Http/Middleware/HandleCors.php(49): Illuminate/Pipeline/Pipeline->Illuminate/Pipeline/{closure}(Object(Illuminate/Http/Request))
#23 C:/Users/Dell/Music/Smart_Data_Import_Engine/vendor/laravel/framework/src/Illuminate/Pipeline/Pipeline.php(183): Illuminate/Http/Middleware/HandleCors->handle(Object(Illuminate/Http/Request), Object(Closure))
#24 C:/Users/Dell/Music/Smart_Data_Import_Engine/vendor/laravel/framework/src/Illuminate/Pipeline/Pipeline.php(119): Illuminate/Pipeline/Pipeline->Illuminate/Pipeline/{closure}(Object(Illuminate/Http/Request))
#25 C:/Users/Dell/Music/Smart_Data_Import_Engine/vendor/laravel/framework/src/Illuminate/Foundation/Http/Kernel.php(175): Illuminate/Pipeline/Pipeline->then(Object(Closure))
#26 C:/Users/Dell/Music/Smart_Data_Import_Engine/vendor/laravel/framework/src/Illuminate/Foundation/Http/Kernel.php(144): Illuminate/Foundation/Http/Kernel->sendRequestThroughRouter(Object(Illuminate/Http/Request))
#27 C:/Users/Dell/Music/Smart_Data_Import_Engine/public/index.php(18): Illuminate/Foundation/Http/Kernel->handle(Object(Illuminate/Http/Request))
#28 C:/Users/Dell/Music/Smart_Data_Import_Engine/vendor/laravel/framework/src/Illuminate/Foundation/resources/server.php(16): require_once('C://Users//Dell//M...')
#29 {main}
"} 
[2026-04-29 07:00:56] laravel.EMERGENCY: Unable to create configured logger. Using emergency logger. {"exception":"[object] (InvalidArgumentException(code: 0): Log [] is not defined. at C:/Users/Dell/Music/Smart_Data_Import_Engine/vendor/laravel/framework/src/Illuminate/Log/LogManager.php:212)
[stacktrace]
#0 C:/Users/Dell/Music/Smart_Data_Import_Engine/vendor/laravel/framework/src/Illuminate/Log/LogManager.php(137): Illuminate/Log/LogManager->resolve(NULL, NULL)
#1 C:/Users/Dell/Music/Smart_Data_Import_Engine/vendor/laravel/framework/src/Illuminate/Log/LogManager.php(124): Illuminate/Log/LogManager->get(NULL)
#2 C:/Users/Dell/Music/Smart_Data_Import_Engine/vendor/laravel/framework/src/Illuminate/Log/LogManager.php(681): Illuminate/Log/LogManager->driver()
#3 C:/Users/Dell/Music/Smart_Data_Import_Engine/vendor/laravel/framework/src/Illuminate/Foundation/Exceptions/Handler.php(317): Illuminate/Log/LogManager->error('Auth guard [] i...', Array)
#4 C:/Users/Dell/Music/Smart_Data_Import_Engine/vendor/laravel/framework/src/Illuminate/Foundation/Exceptions/Handler.php(278): Illuminate/Foundation/Exceptions/Handler->reportThrowable(Object(InvalidArgumentException))
#5 C:/Users/Dell/Music/Smart_Data_Import_Engine/vendor/laravel/framework/src/Illuminate/Routing/Pipeline.php(49): Illuminate/Foundation/Exceptions/Handler->report(Object(InvalidArgumentException))
#6 C:/Users/Dell/Music/Smart_Data_Import_Engine/vendor/laravel/framework/src/Illuminate/Pipeline/Pipeline.php(188): Illuminate/Routing/Pipeline->handleException(Object(Illuminate/Http/Request), Object(InvalidArgumentException))
#7 C:/Users/Dell/Music/Smart_Data_Import_Engine/vendor/laravel/framework/src/Illuminate/Pipeline/Pipeline.php(119): Illuminate/Pipeline/Pipeline->Illuminate/Pipeline/{closure}(Object(Illuminate/Http/Request))
#8 C:/Users/Dell/Music/Smart_Data_Import_Engine/vendor/laravel/framework/src/Illuminate/Routing/Router.php(805): Illuminate/Pipeline/Pipeline->then(Object(Closure))
#9 C:/Users/Dell/Music/Smart_Data_Import_Engine/vendor/laravel/framework/src/Illuminate/Routing/Router.php(784): Illuminate/Routing/Router->runRouteWithinStack(Object(Illuminate/Routing/Route), Object(Illuminate/Http/Request))
#10 C:/Users/Dell/Music/Smart_Data_Import_Engine/vendor/laravel/framework/src/Illuminate/Routing/Router.php(748): Illuminate/Routing/Router->runRoute(Object(Illuminate/Http/Request), Object(Illuminate/Routing/Route))
#11 C:/Users/Dell/Music/Smart_Data_Import_Engine/vendor/laravel/framework/src/Illuminate/Routing/Router.php(737): Illuminate/Routing/Router->dispatchToRoute(Object(Illuminate/Http/Request))
#12 C:/Users/Dell/Music/Smart_Data_Import_Engine/vendor/laravel/framework/src/Illuminate/Foundation/Http/Kernel.php(200): Illuminate/Routing/Router->dispatch(Object(Illuminate/Http/Request))
#13 C:/Users/Dell/Music/Smart_Data_Import_Engine/vendor/laravel/framework/src/Illuminate/Pipeline/Pipeline.php(144): Illuminate/Foundation/Http/Kernel->Illuminate/Foundation/Http/{closure}(Object(Illuminate/Http/Request))
#14 C:/Users/Dell/Music/Smart_Data_Import_Engine/vendor/laravel/framework/src/Illuminate/Foundation/Http/Middleware/TransformsRequest.php(21): Illuminate/Pipeline/Pipeline->Illuminate/Pipeline/{closure}(Object(Illuminate/Http/Request))
#15 C:/Users/Dell/Music/Smart_Data_Import_Engine/vendor/laravel/framework/src/Illuminate/Foundation/Http/Middleware/ConvertEmptyStringsToNull.php(31): Illuminate/Foundation/Http/Middleware/TransformsRequest->handle(Object(Illuminate/Http/Request), Object(Closure))
#16 C:/Users/Dell/Music/Smart_Data_Import_Engine/vendor/laravel/framework/src/Illuminate/Pipeline/Pipeline.php(183): Illuminate/Foundation/Http/Middleware/ConvertEmptyStringsToNull->handle(Object(Illuminate/Http/Request), Object(Closure))
#17 C:/Users/Dell/Music/Smart_Data_Import_Engine/vendor/laravel/framework/src/Illuminate/Foundation/Http/Middleware/ValidatePostSize.php(27): Illuminate/Pipeline/Pipeline->Illuminate/Pipeline/{closure}(Object(Illuminate/Http/Request))
#18 C:/Users/Dell/Music/Smart_Data_Import_Engine/vendor/laravel/framework/src/Illuminate/Pipeline/Pipeline.php(183): Illuminate/Foundation/Http/Middleware/ValidatePostSize->handle(Object(Illuminate/Http/Request), Object(Closure))
#19 C:/Users/Dell/Music/Smart_Data_Import_Engine/vendor/laravel/framework/src/Illuminate/Http/Middleware/HandleCors.php(49): Illuminate/Pipeline/Pipeline->Illuminate/Pipeline/{closure}(Object(Illuminate/Http/Request))
#20 C:/Users/Dell/Music/Smart_Data_Import_Engine/vendor/laravel/framework/src/Illuminate/Pipeline/Pipeline.php(183): Illuminate/Http/Middleware/HandleCors->handle(Object(Illuminate/Http/Request), Object(Closure))
#21 C:/Users/Dell/Music/Smart_Data_Import_Engine/vendor/laravel/framework/src/Illuminate/Pipeline/Pipeline.php(119): Illuminate/Pipeline/Pipeline->Illuminate/Pipeline/{closure}(Object(Illuminate/Http/Request))
#22 C:/Users/Dell/Music/Smart_Data_Import_Engine/vendor/laravel/framework/src/Illuminate/Foundation/Http/Kernel.php(175): Illuminate/Pipeline/Pipeline->then(Object(Closure))
#23 C:/Users/Dell/Music/Smart_Data_Import_Engine/vendor/laravel/framework/src/Illuminate/Foundation/Http/Kernel.php(144): Illuminate/Foundation/Http/Kernel->sendRequestThroughRouter(Object(Illuminate/Http/Request))
#24 C:/Users/Dell/Music/Smart_Data_Import_Engine/public/index.php(18): Illuminate/Foundation/Http/Kernel->handle(Object(Illuminate/Http/Request))
#25 C:/Users/Dell/Music/Smart_Data_Import_Engine/vendor/laravel/framework/src/Illuminate/Foundation/resources/server.php(16): require_once('C://Users//Dell//M...')
#26 {main}
"} 
[2026-04-29 07:00:56] laravel.ERROR: Auth guard [] is not defined. {"exception":"[object] (InvalidArgumentException(code: 0): Auth guard [] is not defined. at C:/Users/Dell/Music/Smart_Data_Import_Engine/vendor/laravel/framework/src/Illuminate/Auth/AuthManager.php:86)
[stacktrace]
#0 C:/Users/Dell/Music/Smart_Data_Import_Engine/vendor/laravel/framework/src/Illuminate/Auth/AuthManager.php(70): Illuminate/Auth/AuthManager->resolve(NULL)
#1 C:/Users/Dell/Music/Smart_Data_Import_Engine/vendor/laravel/framework/src/Illuminate/Auth/AuthManager.php(57): Illuminate/Auth/AuthManager->guard(NULL)
#2 [internal function]: Illuminate/Auth/AuthManager->Illuminate/Auth/{closure}(NULL)
#3 C:/Users/Dell/Music/Smart_Data_Import_Engine/vendor/laravel/framework/src/Illuminate/Auth/AuthServiceProvider.php(89): call_user_func(Object(Closure), NULL)
#4 [internal function]: Illuminate/Auth/AuthServiceProvider->Illuminate/Auth/{closure}(NULL)
#5 C:/Users/Dell/Music/Smart_Data_Import_Engine/vendor/laravel/framework/src/Illuminate/Http/Request.php(607): call_user_func(Object(Closure), NULL)
#6 C:/Users/Dell/Music/Smart_Data_Import_Engine/app/Providers/RouteServiceProvider.php(18): Illuminate/Http/Request->user()
#7 C:/Users/Dell/Music/Smart_Data_Import_Engine/vendor/laravel/framework/src/Illuminate/Routing/Middleware/ThrottleRequests.php(117): App/Providers/RouteServiceProvider->App/Providers/{closure}(Object(Illuminate/Http/Request))
#8 C:/Users/Dell/Music/Smart_Data_Import_Engine/vendor/laravel/framework/src/Illuminate/Routing/Middleware/ThrottleRequests.php(87): Illuminate/Routing/Middleware/ThrottleRequests->handleRequestUsingNamedLimiter(Object(Illuminate/Http/Request), Object(Closure), 'api', Object(Closure))
#9 C:/Users/Dell/Music/Smart_Data_Import_Engine/vendor/laravel/framework/src/Illuminate/Pipeline/Pipeline.php(183): Illuminate/Routing/Middleware/ThrottleRequests->handle(Object(Illuminate/Http/Request), Object(Closure), 'api')
#10 C:/Users/Dell/Music/Smart_Data_Import_Engine/vendor/laravel/framework/src/Illuminate/Pipeline/Pipeline.php(119): Illuminate/Pipeline/Pipeline->Illuminate/Pipeline/{closure}(Object(Illuminate/Http/Request))
#11 C:/Users/Dell/Music/Smart_Data_Import_Engine/vendor/laravel/framework/src/Illuminate/Routing/Router.php(805): Illuminate/Pipeline/Pipeline->then(Object(Closure))
#12 C:/Users/Dell/Music/Smart_Data_Import_Engine/vendor/laravel/framework/src/Illuminate/Routing/Router.php(784): Illuminate/Routing/Router->runRouteWithinStack(Object(Illuminate/Routing/Route), Object(Illuminate/Http/Request))
#13 C:/Users/Dell/Music/Smart_Data_Import_Engine/vendor/laravel/framework/src/Illuminate/Routing/Router.php(748): Illuminate/Routing/Router->runRoute(Object(Illuminate/Http/Request), Object(Illuminate/Routing/Route))
#14 C:/Users/Dell/Music/Smart_Data_Import_Engine/vendor/laravel/framework/src/Illuminate/Routing/Router.php(737): Illuminate/Routing/Router->dispatchToRoute(Object(Illuminate/Http/Request))
#15 C:/Users/Dell/Music/Smart_Data_Import_Engine/vendor/laravel/framework/src/Illuminate/Foundation/Http/Kernel.php(200): Illuminate/Routing/Router->dispatch(Object(Illuminate/Http/Request))
#16 C:/Users/Dell/Music/Smart_Data_Import_Engine/vendor/laravel/framework/src/Illuminate/Pipeline/Pipeline.php(144): Illuminate/Foundation/Http/Kernel->Illuminate/Foundation/Http/{closure}(Object(Illuminate/Http/Request))
#17 C:/Users/Dell/Music/Smart_Data_Import_Engine/vendor/laravel/framework/src/Illuminate/Foundation/Http/Middleware/TransformsRequest.php(21): Illuminate/Pipeline/Pipeline->Illuminate/Pipeline/{closure}(Object(Illuminate/Http/Request))
#18 C:/Users/Dell/Music/Smart_Data_Import_Engine/vendor/laravel/framework/src/Illuminate/Foundation/Http/Middleware/ConvertEmptyStringsToNull.php(31): Illuminate/Foundation/Http/Middleware/TransformsRequest->handle(Object(Illuminate/Http/Request), Object(Closure))
#19 C:/Users/Dell/Music/Smart_Data_Import_Engine/vendor/laravel/framework/src/Illuminate/Pipeline/Pipeline.php(183): Illuminate/Foundation/Http/Middleware/ConvertEmptyStringsToNull->handle(Object(Illuminate/Http/Request), Object(Closure))
#20 C:/Users/Dell/Music/Smart_Data_Import_Engine/vendor/laravel/framework/src/Illuminate/Foundation/Http/Middleware/ValidatePostSize.php(27): Illuminate/Pipeline/Pipeline->Illuminate/Pipeline/{closure}(Object(Illuminate/Http/Request))
#21 C:/Users/Dell/Music/Smart_Data_Import_Engine/vendor/laravel/framework/src/Illuminate/Pipeline/Pipeline.php(183): Illuminate/Foundation/Http/Middleware/ValidatePostSize->handle(Object(Illuminate/Http/Request), Object(Closure))
#22 C:/Users/Dell/Music/Smart_Data_Import_Engine/vendor/laravel/framework/src/Illuminate/Http/Middleware/HandleCors.php(49): Illuminate/Pipeline/Pipeline->Illuminate/Pipeline/{closure}(Object(Illuminate/Http/Request))
#23 C:/Users/Dell/Music/Smart_Data_Import_Engine/vendor/laravel/framework/src/Illuminate/Pipeline/Pipeline.php(183): Illuminate/Http/Middleware/HandleCors->handle(Object(Illuminate/Http/Request), Object(Closure))
#24 C:/Users/Dell/Music/Smart_Data_Import_Engine/vendor/laravel/framework/src/Illuminate/Pipeline/Pipeline.php(119): Illuminate/Pipeline/Pipeline->Illuminate/Pipeline/{closure}(Object(Illuminate/Http/Request))
#25 C:/Users/Dell/Music/Smart_Data_Import_Engine/vendor/laravel/framework/src/Illuminate/Foundation/Http/Kernel.php(175): Illuminate/Pipeline/Pipeline->then(Object(Closure))
#26 C:/Users/Dell/Music/Smart_Data_Import_Engine/vendor/laravel/framework/src/Illuminate/Foundation/Http/Kernel.php(144): Illuminate/Foundation/Http/Kernel->sendRequestThroughRouter(Object(Illuminate/Http/Request))
#27 C:/Users/Dell/Music/Smart_Data_Import_Engine/public/index.php(18): Illuminate/Foundation/Http/Kernel->handle(Object(Illuminate/Http/Request))
#28 C:/Users/Dell/Music/Smart_Data_Import_Engine/vendor/laravel/framework/src/Illuminate/Foundation/resources/server.php(16): require_once('C://Users//Dell//M...')
#29 {main}
"} 
write-test
[2026-04-29 07:16:39] local.ERROR: Command "tinker" is not defined. {"exception":"[object] (Symfony\\Component\\Console\\Exception\\CommandNotFoundException(code: 0): Command \"tinker\" is not defined. at C:/Users/Dell/Music/Smart_Data_Import_Engine/vendor/symfony/console/Application.php:745)
[stacktrace]
#0 C:/Users/Dell/Music/Smart_Data_Import_Engine/vendor/symfony/console/Application.php(266): Symfony/Component/Console/Application->find('tinker')
#1 C:/Users/Dell/Music/Smart_Data_Import_Engine/vendor/symfony/console/Application.php(175): Symfony/Component/Console/Application->doRun(Object(Symfony/Component/Console/Input/ArgvInput), Object(Symfony/Component/Console/Output/ConsoleOutput))
#2 C:/Users/Dell/Music/Smart_Data_Import_Engine/vendor/laravel/framework/src/Illuminate/Foundation/Console/Kernel.php(201): Symfony/Component/Console/Application->run(Object(Symfony/Component/Console/Input/ArgvInput), Object(Symfony/Component/Console/Output/ConsoleOutput))
#3 C:/Users/Dell/Music/Smart_Data_Import_Engine/artisan(12): Illuminate/Foundation/Console/Kernel->handle(Object(Symfony/Component/Console/Input/ArgvInput), Object(Symfony/Component/Console/Output/ConsoleOutput))
#4 {main}
"} 
[2026-04-29 07:16:39] local.ERROR: Command "tinker" is not defined. {"exception":"[object] (Symfony\\Component\\Console\\Exception\\CommandNotFoundException(code: 0): Command \"tinker\" is not defined. at C:/Users/Dell/Music/Smart_Data_Import_Engine/vendor/symfony/console/Application.php:745)
[stacktrace]
#0 C:/Users/Dell/Music/Smart_Data_Import_Engine/vendor/symfony/console/Application.php(266): Symfony/Component/Console/Application->find('tinker')
#1 C:/Users/Dell/Music/Smart_Data_Import_Engine/vendor/symfony/console/Application.php(175): Symfony/Component/Console/Application->doRun(Object(Symfony/Component/Console/Input/ArgvInput), Object(Symfony/Component/Console/Output/ConsoleOutput))
#2 C:/Users/Dell/Music/Smart_Data_Import_Engine/vendor/laravel/framework/src/Illuminate/Foundation/Console/Kernel.php(201): Symfony/Component/Console/Application->run(Object(Symfony/Component/Console/Input/ArgvInput), Object(Symfony/Component/Console/Output/ConsoleOutput))
#3 C:/Users/Dell/Music/Smart_Data_Import_Engine/artisan(12): Illuminate/Foundation/Console/Kernel->handle(Object(Symfony/Component/Console/Input/ArgvInput), Object(Symfony/Component/Console/Output/ConsoleOutput))
#4 {main}
"} 
[2026-04-29 07:32:49] local.ERROR: SQLSTATE[42000]: Syntax error or access violation: 1071 Specified key was too long; max key length is 1000 bytes (Connection: mysql, SQL: alter table `imported_structured_records` add index `imported_structured_records_email_index`(`email`)) {"exception":"[object] (Illuminate\\Database\\QueryException(code: 42000): SQLSTATE[42000]: Syntax error or access violation: 1071 Specified key was too long; max key length is 1000 bytes (Connection: mysql, SQL: alter table `imported_structured_records` add index `imported_structured_records_email_index`(`email`)) at C:/Users/Dell/Music/Smart_Data_Import_Engine/vendor/laravel/framework/src/Illuminate/Database/Connection.php:829)
[stacktrace]
#0 C:/Users/Dell/Music/Smart_Data_Import_Engine/vendor/laravel/framework/src/Illuminate/Database/Connection.php(783): Illuminate/Database/Connection->runQueryCallback('alter table `im...', Array, Object(Closure))
#1 C:/Users/Dell/Music/Smart_Data_Import_Engine/vendor/laravel/framework/src/Illuminate/Database/Connection.php(576): Illuminate/Database/Connection->run('alter table `im...', Array, Object(Closure))
#2 C:/Users/Dell/Music/Smart_Data_Import_Engine/vendor/laravel/framework/src/Illuminate/Database/Schema/Blueprint.php(110): Illuminate/Database/Connection->statement('alter table `im...')
#3 C:/Users/Dell/Music/Smart_Data_Import_Engine/vendor/laravel/framework/src/Illuminate/Database/Schema/Builder.php(602): Illuminate/Database/Schema/Blueprint->build(Object(Illuminate/Database/MySqlConnection), Object(Illuminate/Database/Schema/Grammars/MySqlGrammar))
#4 C:/Users/Dell/Music/Smart_Data_Import_Engine/vendor/laravel/framework/src/Illuminate/Database/Schema/Builder.php(456): Illuminate/Database/Schema/Builder->build(Object(Illuminate/Database/Schema/Blueprint))
#5 C:/Users/Dell/Music/Smart_Data_Import_Engine/vendor/laravel/framework/src/Illuminate/Support/Facades/Facade.php(355): Illuminate/Database/Schema/Builder->create('imported_struct...', Object(Closure))
#6 C:/Users/Dell/Music/Smart_Data_Import_Engine/database/migrations/2024_01_01_000005_create_imported_structured_records_table.php(11): Illuminate/Support/Facades/Facade::__callStatic('create', Array)
#7 C:/Users/Dell/Music/Smart_Data_Import_Engine/vendor/laravel/framework/src/Illuminate/Database/Migrations/Migrator.php(501): Illuminate/Database/Migrations/Migration@anonymous->up()
#8 C:/Users/Dell/Music/Smart_Data_Import_Engine/vendor/laravel/framework/src/Illuminate/Database/Migrations/Migrator.php(418): Illuminate/Database/Migrations/Migrator->runMethod(Object(Illuminate/Database/MySqlConnection), Object(Illuminate/Database/Migrations/Migration@anonymous), 'up')
#9 C:/Users/Dell/Music/Smart_Data_Import_Engine/vendor/laravel/framework/src/Illuminate/Database/Migrations/Migrator.php(427): Illuminate/Database/Migrations/Migrator->Illuminate/Database/Migrations/{closure}()
#10 C:/Users/Dell/Music/Smart_Data_Import_Engine/vendor/laravel/framework/src/Illuminate/Database/Migrations/Migrator.php(224): Illuminate/Database/Migrations/Migrator->runMigration(Object(Illuminate/Database/Migrations/Migration@anonymous), 'up')
#11 C:/Users/Dell/Music/Smart_Data_Import_Engine/vendor/laravel/framework/src/Illuminate/Console/View/Components/Task.php(37): Illuminate/Database/Migrations/Migrator->Illuminate/Database/Migrations/{closure}()
#12 C:/Users/Dell/Music/Smart_Data_Import_Engine/vendor/laravel/framework/src/Illuminate/Database/Migrations/Migrator.php(783): Illuminate/Console/View/Components/Task->render('2024_01_01_0000...', Object(Closure))
#13 C:/Users/Dell/Music/Smart_Data_Import_Engine/vendor/laravel/framework/src/Illuminate/Database/Migrations/Migrator.php(224): Illuminate/Database/Migrations/Migrator->write('Illuminate//Cons...', '2024_01_01_0000...', Object(Closure))
#14 C:/Users/Dell/Music/Smart_Data_Import_Engine/vendor/laravel/framework/src/Illuminate/Database/Migrations/Migrator.php(189): Illuminate/Database/Migrations/Migrator->runUp('C://Users//Dell//M...', 4, false)
#15 C:/Users/Dell/Music/Smart_Data_Import_Engine/vendor/laravel/framework/src/Illuminate/Database/Migrations/Migrator.php(132): Illuminate/Database/Migrations/Migrator->runPending(Array, Array)
#16 C:/Users/Dell/Music/Smart_Data_Import_Engine/vendor/laravel/framework/src/Illuminate/Database/Console/Migrations/MigrateCommand.php(90): Illuminate/Database/Migrations/Migrator->run(Array, Array)
#17 C:/Users/Dell/Music/Smart_Data_Import_Engine/vendor/laravel/framework/src/Illuminate/Database/Migrations/Migrator.php(641): Illuminate/Database/Console/Migrations/MigrateCommand->Illuminate/Database/Console/Migrations/{closure}()
#18 C:/Users/Dell/Music/Smart_Data_Import_Engine/vendor/laravel/framework/src/Illuminate/Database/Console/Migrations/MigrateCommand.php(83): Illuminate/Database/Migrations/Migrator->usingConnection(NULL, Object(Closure))
#19 C:/Users/Dell/Music/Smart_Data_Import_Engine/vendor/laravel/framework/src/Illuminate/Container/BoundMethod.php(36): Illuminate/Database/Console/Migrations/MigrateCommand->handle()
#20 C:/Users/Dell/Music/Smart_Data_Import_Engine/vendor/laravel/framework/src/Illuminate/Container/Util.php(41): Illuminate/Container/BoundMethod::Illuminate/Container/{closure}()
#21 C:/Users/Dell/Music/Smart_Data_Import_Engine/vendor/laravel/framework/src/Illuminate/Container/BoundMethod.php(93): Illuminate/Container/Util::unwrapIfClosure(Object(Closure))
#22 C:/Users/Dell/Music/Smart_Data_Import_Engine/vendor/laravel/framework/src/Illuminate/Container/BoundMethod.php(35): Illuminate/Container/BoundMethod::callBoundMethod(Object(Illuminate/Foundation/Application), Array, Object(Closure))
#23 C:/Users/Dell/Music/Smart_Data_Import_Engine/vendor/laravel/framework/src/Illuminate/Container/Container.php(662): Illuminate/Container/BoundMethod::call(Object(Illuminate/Foundation/Application), Array, Array, NULL)
#24 C:/Users/Dell/Music/Smart_Data_Import_Engine/vendor/laravel/framework/src/Illuminate/Console/Command.php(211): Illuminate/Container/Container->call(Array)
#25 C:/Users/Dell/Music/Smart_Data_Import_Engine/vendor/symfony/console/Command/Command.php(326): Illuminate/Console/Command->execute(Object(Symfony/Component/Console/Input/ArgvInput), Object(Illuminate/Console/OutputStyle))
#26 C:/Users/Dell/Music/Smart_Data_Import_Engine/vendor/laravel/framework/src/Illuminate/Console/Command.php(180): Symfony/Component/Console/Command/Command->run(Object(Symfony/Component/Console/Input/ArgvInput), Object(Illuminate/Console/OutputStyle))
#27 C:/Users/Dell/Music/Smart_Data_Import_Engine/vendor/symfony/console/Application.php(1121): Illuminate/Console/Command->run(Object(Symfony/Component/Console/Input/ArgvInput), Object(Symfony/Component/Console/Output/ConsoleOutput))
#28 C:/Users/Dell/Music/Smart_Data_Import_Engine/vendor/symfony/console/Application.php(324): Symfony/Component/Console/Application->doRunCommand(Object(Illuminate/Database/Console/Migrations/MigrateCommand), Object(Symfony/Component/Console/Input/ArgvInput), Object(Symfony/Component/Console/Output/ConsoleOutput))
#29 C:/Users/Dell/Music/Smart_Data_Import_Engine/vendor/symfony/console/Application.php(175): Symfony/Component/Console/Application->doRun(Object(Symfony/Component/Console/Input/ArgvInput), Object(Symfony/Component/Console/Output/ConsoleOutput))
#30 C:/Users/Dell/Music/Smart_Data_Import_Engine/vendor/laravel/framework/src/Illuminate/Foundation/Console/Kernel.php(201): Symfony/Component/Console/Application->run(Object(Symfony/Component/Console/Input/ArgvInput), Object(Symfony/Component/Console/Output/ConsoleOutput))
#31 C:/Users/Dell/Music/Smart_Data_Import_Engine/artisan(12): Illuminate/Foundation/Console/Kernel->handle(Object(Symfony/Component/Console/Input/ArgvInput), Object(Symfony/Component/Console/Output/ConsoleOutput))
#32 {main}

[previous exception] [object] (PDOException(code: 42000): SQLSTATE[42000]: Syntax error or access violation: 1071 Specified key was too long; max key length is 1000 bytes at C:/Users/Dell/Music/Smart_Data_Import_Engine/vendor/laravel/framework/src/Illuminate/Database/Connection.php:587)
[stacktrace]
#0 C:/Users/Dell/Music/Smart_Data_Import_Engine/vendor/laravel/framework/src/Illuminate/Database/Connection.php(587): PDOStatement->execute()
#1 C:/Users/Dell/Music/Smart_Data_Import_Engine/vendor/laravel/framework/src/Illuminate/Database/Connection.php(816): Illuminate/Database/Connection->Illuminate/Database/{closure}('alter table `im...', Array)
#2 C:/Users/Dell/Music/Smart_Data_Import_Engine/vendor/laravel/framework/src/Illuminate/Database/Connection.php(783): Illuminate/Database/Connection->runQueryCallback('alter table `im...', Array, Object(Closure))
#3 C:/Users/Dell/Music/Smart_Data_Import_Engine/vendor/laravel/framework/src/Illuminate/Database/Connection.php(576): Illuminate/Database/Connection->run('alter table `im...', Array, Object(Closure))
#4 C:/Users/Dell/Music/Smart_Data_Import_Engine/vendor/laravel/framework/src/Illuminate/Database/Schema/Blueprint.php(110): Illuminate/Database/Connection->statement('alter table `im...')
#5 C:/Users/Dell/Music/Smart_Data_Import_Engine/vendor/laravel/framework/src/Illuminate/Database/Schema/Builder.php(602): Illuminate/Database/Schema/Blueprint->build(Object(Illuminate/Database/MySqlConnection), Object(Illuminate/Database/Schema/Grammars/MySqlGrammar))
#6 C:/Users/Dell/Music/Smart_Data_Import_Engine/vendor/laravel/framework/src/Illuminate/Database/Schema/Builder.php(456): Illuminate/Database/Schema/Builder->build(Object(Illuminate/Database/Schema/Blueprint))
#7 C:/Users/Dell/Music/Smart_Data_Import_Engine/vendor/laravel/framework/src/Illuminate/Support/Facades/Facade.php(355): Illuminate/Database/Schema/Builder->create('imported_struct...', Object(Closure))
#8 C:/Users/Dell/Music/Smart_Data_Import_Engine/database/migrations/2024_01_01_000005_create_imported_structured_records_table.php(11): Illuminate/Support/Facades/Facade::__callStatic('create', Array)
#9 C:/Users/Dell/Music/Smart_Data_Import_Engine/vendor/laravel/framework/src/Illuminate/Database/Migrations/Migrator.php(501): Illuminate/Database/Migrations/Migration@anonymous->up()
#10 C:/Users/Dell/Music/Smart_Data_Import_Engine/vendor/laravel/framework/src/Illuminate/Database/Migrations/Migrator.php(418): Illuminate/Database/Migrations/Migrator->runMethod(Object(Illuminate/Database/MySqlConnection), Object(Illuminate/Database/Migrations/Migration@anonymous), 'up')
#11 C:/Users/Dell/Music/Smart_Data_Import_Engine/vendor/laravel/framework/src/Illuminate/Database/Migrations/Migrator.php(427): Illuminate/Database/Migrations/Migrator->Illuminate/Database/Migrations/{closure}()
#12 C:/Users/Dell/Music/Smart_Data_Import_Engine/vendor/laravel/framework/src/Illuminate/Database/Migrations/Migrator.php(224): Illuminate/Database/Migrations/Migrator->runMigration(Object(Illuminate/Database/Migrations/Migration@anonymous), 'up')
#13 C:/Users/Dell/Music/Smart_Data_Import_Engine/vendor/laravel/framework/src/Illuminate/Console/View/Components/Task.php(37): Illuminate/Database/Migrations/Migrator->Illuminate/Database/Migrations/{closure}()
#14 C:/Users/Dell/Music/Smart_Data_Import_Engine/vendor/laravel/framework/src/Illuminate/Database/Migrations/Migrator.php(783): Illuminate/Console/View/Components/Task->render('2024_01_01_0000...', Object(Closure))
#15 C:/Users/Dell/Music/Smart_Data_Import_Engine/vendor/laravel/framework/src/Illuminate/Database/Migrations/Migrator.php(224): Illuminate/Database/Migrations/Migrator->write('Illuminate//Cons...', '2024_01_01_0000...', Object(Closure))
#16 C:/Users/Dell/Music/Smart_Data_Import_Engine/vendor/laravel/framework/src/Illuminate/Database/Migrations/Migrator.php(189): Illuminate/Database/Migrations/Migrator->runUp('C://Users//Dell//M...', 4, false)
#17 C:/Users/Dell/Music/Smart_Data_Import_Engine/vendor/laravel/framework/src/Illuminate/Database/Migrations/Migrator.php(132): Illuminate/Database/Migrations/Migrator->runPending(Array, Array)
#18 C:/Users/Dell/Music/Smart_Data_Import_Engine/vendor/laravel/framework/src/Illuminate/Database/Console/Migrations/MigrateCommand.php(90): Illuminate/Database/Migrations/Migrator->run(Array, Array)
#19 C:/Users/Dell/Music/Smart_Data_Import_Engine/vendor/laravel/framework/src/Illuminate/Database/Migrations/Migrator.php(641): Illuminate/Database/Console/Migrations/MigrateCommand->Illuminate/Database/Console/Migrations/{closure}()
#20 C:/Users/Dell/Music/Smart_Data_Import_Engine/vendor/laravel/framework/src/Illuminate/Database/Console/Migrations/MigrateCommand.php(83): Illuminate/Database/Migrations/Migrator->usingConnection(NULL, Object(Closure))
#21 C:/Users/Dell/Music/Smart_Data_Import_Engine/vendor/laravel/framework/src/Illuminate/Container/BoundMethod.php(36): Illuminate/Database/Console/Migrations/MigrateCommand->handle()
#22 C:/Users/Dell/Music/Smart_Data_Import_Engine/vendor/laravel/framework/src/Illuminate/Container/Util.php(41): Illuminate/Container/BoundMethod::Illuminate/Container/{closure}()
#23 C:/Users/Dell/Music/Smart_Data_Import_Engine/vendor/laravel/framework/src/Illuminate/Container/BoundMethod.php(93): Illuminate/Container/Util::unwrapIfClosure(Object(Closure))
#24 C:/Users/Dell/Music/Smart_Data_Import_Engine/vendor/laravel/framework/src/Illuminate/Container/BoundMethod.php(35): Illuminate/Container/BoundMethod::callBoundMethod(Object(Illuminate/Foundation/Application), Array, Object(Closure))
#25 C:/Users/Dell/Music/Smart_Data_Import_Engine/vendor/laravel/framework/src/Illuminate/Container/Container.php(662): Illuminate/Container/BoundMethod::call(Object(Illuminate/Foundation/Application), Array, Array, NULL)
#26 C:/Users/Dell/Music/Smart_Data_Import_Engine/vendor/laravel/framework/src/Illuminate/Console/Command.php(211): Illuminate/Container/Container->call(Array)
#27 C:/Users/Dell/Music/Smart_Data_Import_Engine/vendor/symfony/console/Command/Command.php(326): Illuminate/Console/Command->execute(Object(Symfony/Component/Console/Input/ArgvInput), Object(Illuminate/Console/OutputStyle))
#28 C:/Users/Dell/Music/Smart_Data_Import_Engine/vendor/laravel/framework/src/Illuminate/Console/Command.php(180): Symfony/Component/Console/Command/Command->run(Object(Symfony/Component/Console/Input/ArgvInput), Object(Illuminate/Console/OutputStyle))
#29 C:/Users/Dell/Music/Smart_Data_Import_Engine/vendor/symfony/console/Application.php(1121): Illuminate/Console/Command->run(Object(Symfony/Component/Console/Input/ArgvInput), Object(Symfony/Component/Console/Output/ConsoleOutput))
#30 C:/Users/Dell/Music/Smart_Data_Import_Engine/vendor/symfony/console/Application.php(324): Symfony/Component/Console/Application->doRunCommand(Object(Illuminate/Database/Console/Migrations/MigrateCommand), Object(Symfony/Component/Console/Input/ArgvInput), Object(Symfony/Component/Console/Output/ConsoleOutput))
#31 C:/Users/Dell/Music/Smart_Data_Import_Engine/vendor/symfony/console/Application.php(175): Symfony/Component/Console/Application->doRun(Object(Symfony/Component/Console/Input/ArgvInput), Object(Symfony/Component/Console/Output/ConsoleOutput))
#32 C:/Users/Dell/Music/Smart_Data_Import_Engine/vendor/laravel/framework/src/Illuminate/Foundation/Console/Kernel.php(201): Symfony/Component/Console/Application->run(Object(Symfony/Component/Console/Input/ArgvInput), Object(Symfony/Component/Console/Output/ConsoleOutput))
#33 C:/Users/Dell/Music/Smart_Data_Import_Engine/artisan(12): Illuminate/Foundation/Console/Kernel->handle(Object(Symfony/Component/Console/Input/ArgvInput), Object(Symfony/Component/Console/Output/ConsoleOutput))
#34 {main}
"} 
[2026-04-29 07:55:37] local.ERROR: App\Services\MappingService::findMatchingField(): Argument #1 ($header) must be of type string, null given, called in C:\Users\Dell\Music\Smart_Data_Import_Engine\app\Services\MappingService.php on line 36 {"exception":"[object] (TypeError(code: 0): App\\Services\\MappingService::findMatchingField(): Argument #1 ($header) must be of type string, null given, called in C:\\Users\\Dell\\Music\\Smart_Data_Import_Engine\\app\\Services\\MappingService.php on line 36 at C:/Users/Dell/Music/Smart_Data_Import_Engine/app/Services/MappingService.php:45)
[stacktrace]
#0 C:/Users/Dell/Music/Smart_Data_Import_Engine/app/Services/MappingService.php(36): App/Services/MappingService->findMatchingField(NULL)
#1 C:/Users/Dell/Music/Smart_Data_Import_Engine/app/Services/ImportService.php(68): App/Services/MappingService->autoMap(Array)
#2 C:/Users/Dell/Music/Smart_Data_Import_Engine/app/Http/Controllers/ImportController.php(37): App/Services/ImportService->autoMapColumns(Object(App/Models/ImportJob))
#3 C:/Users/Dell/Music/Smart_Data_Import_Engine/vendor/laravel/framework/src/Illuminate/Routing/Controller.php(54): App/Http/Controllers/ImportController->upload(Object(Illuminate/Http/Request))
#4 C:/Users/Dell/Music/Smart_Data_Import_Engine/vendor/laravel/framework/src/Illuminate/Routing/ControllerDispatcher.php(43): Illuminate/Routing/Controller->callAction('upload', Array)
#5 C:/Users/Dell/Music/Smart_Data_Import_Engine/vendor/laravel/framework/src/Illuminate/Routing/Route.php(259): Illuminate/Routing/ControllerDispatcher->dispatch(Object(Illuminate/Routing/Route), Object(App/Http/Controllers/ImportController), 'upload')
#6 C:/Users/Dell/Music/Smart_Data_Import_Engine/vendor/laravel/framework/src/Illuminate/Routing/Route.php(205): Illuminate/Routing/Route->runController()
#7 C:/Users/Dell/Music/Smart_Data_Import_Engine/vendor/laravel/framework/src/Illuminate/Routing/Router.php(806): Illuminate/Routing/Route->run()
#8 C:/Users/Dell/Music/Smart_Data_Import_Engine/vendor/laravel/framework/src/Illuminate/Pipeline/Pipeline.php(144): Illuminate/Routing/Router->Illuminate/Routing/{closure}(Object(Illuminate/Http/Request))
#9 C:/Users/Dell/Music/Smart_Data_Import_Engine/vendor/laravel/framework/src/Illuminate/Routing/Middleware/SubstituteBindings.php(50): Illuminate/Pipeline/Pipeline->Illuminate/Pipeline/{closure}(Object(Illuminate/Http/Request))
#10 C:/Users/Dell/Music/Smart_Data_Import_Engine/vendor/laravel/framework/src/Illuminate/Pipeline/Pipeline.php(183): Illuminate/Routing/Middleware/SubstituteBindings->handle(Object(Illuminate/Http/Request), Object(Closure))
#11 C:/Users/Dell/Music/Smart_Data_Import_Engine/vendor/laravel/framework/src/Illuminate/Routing/Middleware/ThrottleRequests.php(159): Illuminate/Pipeline/Pipeline->Illuminate/Pipeline/{closure}(Object(Illuminate/Http/Request))
#12 C:/Users/Dell/Music/Smart_Data_Import_Engine/vendor/laravel/framework/src/Illuminate/Routing/Middleware/ThrottleRequests.php(125): Illuminate/Routing/Middleware/ThrottleRequests->handleRequest(Object(Illuminate/Http/Request), Object(Closure), Array)
#13 C:/Users/Dell/Music/Smart_Data_Import_Engine/vendor/laravel/framework/src/Illuminate/Routing/Middleware/ThrottleRequests.php(87): Illuminate/Routing/Middleware/ThrottleRequests->handleRequestUsingNamedLimiter(Object(Illuminate/Http/Request), Object(Closure), 'api', Object(Closure))
#14 C:/Users/Dell/Music/Smart_Data_Import_Engine/vendor/laravel/framework/src/Illuminate/Pipeline/Pipeline.php(183): Illuminate/Routing/Middleware/ThrottleRequests->handle(Object(Illuminate/Http/Request), Object(Closure), 'api')
#15 C:/Users/Dell/Music/Smart_Data_Import_Engine/vendor/laravel/framework/src/Illuminate/Pipeline/Pipeline.php(119): Illuminate/Pipeline/Pipeline->Illuminate/Pipeline/{closure}(Object(Illuminate/Http/Request))
#16 C:/Users/Dell/Music/Smart_Data_Import_Engine/vendor/laravel/framework/src/Illuminate/Routing/Router.php(805): Illuminate/Pipeline/Pipeline->then(Object(Closure))
#17 C:/Users/Dell/Music/Smart_Data_Import_Engine/vendor/laravel/framework/src/Illuminate/Routing/Router.php(784): Illuminate/Routing/Router->runRouteWithinStack(Object(Illuminate/Routing/Route), Object(Illuminate/Http/Request))
#18 C:/Users/Dell/Music/Smart_Data_Import_Engine/vendor/laravel/framework/src/Illuminate/Routing/Router.php(748): Illuminate/Routing/Router->runRoute(Object(Illuminate/Http/Request), Object(Illuminate/Routing/Route))
#19 C:/Users/Dell/Music/Smart_Data_Import_Engine/vendor/laravel/framework/src/Illuminate/Routing/Router.php(737): Illuminate/Routing/Router->dispatchToRoute(Object(Illuminate/Http/Request))
#20 C:/Users/Dell/Music/Smart_Data_Import_Engine/vendor/laravel/framework/src/Illuminate/Foundation/Http/Kernel.php(200): Illuminate/Routing/Router->dispatch(Object(Illuminate/Http/Request))
#21 C:/Users/Dell/Music/Smart_Data_Import_Engine/vendor/laravel/framework/src/Illuminate/Pipeline/Pipeline.php(144): Illuminate/Foundation/Http/Kernel->Illuminate/Foundation/Http/{closure}(Object(Illuminate/Http/Request))
#22 C:/Users/Dell/Music/Smart_Data_Import_Engine/vendor/laravel/framework/src/Illuminate/Foundation/Http/Middleware/TransformsRequest.php(21): Illuminate/Pipeline/Pipeline->Illuminate/Pipeline/{closure}(Object(Illuminate/Http/Request))
#23 C:/Users/Dell/Music/Smart_Data_Import_Engine/vendor/laravel/framework/src/Illuminate/Foundation/Http/Middleware/ConvertEmptyStringsToNull.php(31): Illuminate/Foundation/Http/Middleware/TransformsRequest->handle(Object(Illuminate/Http/Request), Object(Closure))
#24 C:/Users/Dell/Music/Smart_Data_Import_Engine/vendor/laravel/framework/src/Illuminate/Pipeline/Pipeline.php(183): Illuminate/Foundation/Http/Middleware/ConvertEmptyStringsToNull->handle(Object(Illuminate/Http/Request), Object(Closure))
#25 C:/Users/Dell/Music/Smart_Data_Import_Engine/vendor/laravel/framework/src/Illuminate/Foundation/Http/Middleware/ValidatePostSize.php(27): Illuminate/Pipeline/Pipeline->Illuminate/Pipeline/{closure}(Object(Illuminate/Http/Request))
#26 C:/Users/Dell/Music/Smart_Data_Import_Engine/vendor/laravel/framework/src/Illuminate/Pipeline/Pipeline.php(183): Illuminate/Foundation/Http/Middleware/ValidatePostSize->handle(Object(Illuminate/Http/Request), Object(Closure))
#27 C:/Users/Dell/Music/Smart_Data_Import_Engine/vendor/laravel/framework/src/Illuminate/Http/Middleware/HandleCors.php(49): Illuminate/Pipeline/Pipeline->Illuminate/Pipeline/{closure}(Object(Illuminate/Http/Request))
#28 C:/Users/Dell/Music/Smart_Data_Import_Engine/vendor/laravel/framework/src/Illuminate/Pipeline/Pipeline.php(183): Illuminate/Http/Middleware/HandleCors->handle(Object(Illuminate/Http/Request), Object(Closure))
#29 C:/Users/Dell/Music/Smart_Data_Import_Engine/vendor/laravel/framework/src/Illuminate/Pipeline/Pipeline.php(119): Illuminate/Pipeline/Pipeline->Illuminate/Pipeline/{closure}(Object(Illuminate/Http/Request))
#30 C:/Users/Dell/Music/Smart_Data_Import_Engine/vendor/laravel/framework/src/Illuminate/Foundation/Http/Kernel.php(175): Illuminate/Pipeline/Pipeline->then(Object(Closure))
#31 C:/Users/Dell/Music/Smart_Data_Import_Engine/vendor/laravel/framework/src/Illuminate/Foundation/Http/Kernel.php(144): Illuminate/Foundation/Http/Kernel->sendRequestThroughRouter(Object(Illuminate/Http/Request))
#32 C:/Users/Dell/Music/Smart_Data_Import_Engine/public/index.php(18): Illuminate/Foundation/Http/Kernel->handle(Object(Illuminate/Http/Request))
#33 C:/Users/Dell/Music/Smart_Data_Import_Engine/vendor/laravel/framework/src/Illuminate/Foundation/resources/server.php(16): require_once('C://Users//Dell//M...')
#34 {main}
"} 
