district_lgd_Code,project_id,sector_id,awc_code,targetted_year
374,,,22414040303,"INSERT INTO tbl_saksham_awc (project_id, district_lgd_code, sector_id, awc_code, targetted_year) VALUES ('2241404','374','224140403','22414040303','2022-23');"
,,,22414040313,"INSERT INTO tbl_saksham_awc (project_id, district_lgd_code, sector_id, awc_code, targetted_year) VALUES ('2241404','374','224140403','22414040313','2022-23');"
,,,22414040201,"INSERT INTO tbl_saksham_awc (project_id, district_lgd_code, sector_id, awc_code, targetted_year) VALUES ('2241404','374','224140402','22414040201','2022-23');"
,,,22414040211,"INSERT INTO tbl_saksham_awc (project_id, district_lgd_code, sector_id, awc_code, targetted_year) VALUES ('2241404','374','224140402','22414040211','2022-23');"
,,,22414040123,"INSERT INTO tbl_saksham_awc (project_id, district_lgd_code, sector_id, awc_code, targetted_year) VALUES ('2241404','374','224140401','22414040123','2022-23');"
,,,22414010106,"INSERT INTO tbl_saksham_awc (project_id, district_lgd_code, sector_id, awc_code, targetted_year) VALUES ('2241401','374','224140101','22414010106','2022-23');"
,,,22414010107,"INSERT INTO tbl_saksham_awc (project_id, district_lgd_code, sector_id, awc_code, targetted_year) VALUES ('2241401','374','224140101','22414010107','2022-23');"
,,,22414010108,"INSERT INTO tbl_saksham_awc (project_id, district_lgd_code, sector_id, awc_code, targetted_year) VALUES ('2241401','374','224140101','22414010108','2022-23');"
,,,22414010111,"INSERT INTO tbl_saksham_awc (project_id, district_lgd_code, sector_id, awc_code, targetted_year) VALUES ('2241401','374','224140101','22414010111','2022-23');"
,,,22414010113,"INSERT INTO tbl_saksham_awc (project_id, district_lgd_code, sector_id, awc_code, targetted_year) VALUES ('2241401','374','224140101','22414010113','2022-23');"
,,,22414010118,"INSERT INTO tbl_saksham_awc (project_id, district_lgd_code, sector_id, awc_code, targetted_year) VALUES ('2241401','374','224140101','22414010118','2022-23');"
,,,22414010402,"INSERT INTO tbl_saksham_awc (project_id, district_lgd_code, sector_id, awc_code, targetted_year) VALUES ('2241401','374','224140104','22414010402','2022-23');"
,,,22414010403,"INSERT INTO tbl_saksham_awc (project_id, district_lgd_code, sector_id, awc_code, targetted_year) VALUES ('2241401','374','224140104','22414010403','2022-23');"
,,,22414010408,"INSERT INTO tbl_saksham_awc (project_id, district_lgd_code, sector_id, awc_code, targetted_year) VALUES ('2241401','374','224140104','22414010408','2022-23');"
,,,22414010411,"INSERT INTO tbl_saksham_awc (project_id, district_lgd_code, sector_id, awc_code, targetted_year) VALUES ('2241401','374','224140104','22414010411','2022-23');"
,,,22414010417,"INSERT INTO tbl_saksham_awc (project_id, district_lgd_code, sector_id, awc_code, targetted_year) VALUES ('2241401','374','224140104','22414010417','2022-23');"
,,,22414010428,"INSERT INTO tbl_saksham_awc (project_id, district_lgd_code, sector_id, awc_code, targetted_year) VALUES ('2241401','374','224140104','22414010428','2022-23');"
,,,22414010504,"INSERT INTO tbl_saksham_awc (project_id, district_lgd_code, sector_id, awc_code, targetted_year) VALUES ('2241401','374','224140105','22414010504','2022-23');"
,,,22414010508,"INSERT INTO tbl_saksham_awc (project_id, district_lgd_code, sector_id, awc_code, targetted_year) VALUES ('2241401','374','224140105','22414010508','2022-23');"
,,,22414010510,"INSERT INTO tbl_saksham_awc (project_id, district_lgd_code, sector_id, awc_code, targetted_year) VALUES ('2241401','374','224140105','22414010510','2022-23');"
,,,22414010513,"INSERT INTO tbl_saksham_awc (project_id, district_lgd_code, sector_id, awc_code, targetted_year) VALUES ('2241401','374','224140105','22414010513','2022-23');"
,,,22414010522,"INSERT INTO tbl_saksham_awc (project_id, district_lgd_code, sector_id, awc_code, targetted_year) VALUES ('2241401','374','224140105','22414010522','2022-23');"
,,,22414010523,"INSERT INTO tbl_saksham_awc (project_id, district_lgd_code, sector_id, awc_code, targetted_year) VALUES ('2241401','374','224140105','22414010523','2022-23');"
,,,22414010603,"INSERT INTO tbl_saksham_awc (project_id, district_lgd_code, sector_id, awc_code, targetted_year) VALUES ('2241401','374','224140106','22414010603','2022-23');"
,,,22414010604,"INSERT INTO tbl_saksham_awc (project_id, district_lgd_code, sector_id, awc_code, targetted_year) VALUES ('2241401','374','224140106','22414010604','2022-23');"
,,,22414010625,"INSERT INTO tbl_saksham_awc (project_id, district_lgd_code, sector_id, awc_code, targetted_year) VALUES ('2241401','374','224140106','22414010625','2022-23');"
,,,22414010629,"INSERT INTO tbl_saksham_awc (project_id, district_lgd_code, sector_id, awc_code, targetted_year) VALUES ('2241401','374','224140106','22414010629','2022-23');"
,,,22414010630,"INSERT INTO tbl_saksham_awc (project_id, district_lgd_code, sector_id, awc_code, targetted_year) VALUES ('2241401','374','224140106','22414010630','2022-23');"
,,,22414010631,"INSERT INTO tbl_saksham_awc (project_id, district_lgd_code, sector_id, awc_code, targetted_year) VALUES ('2241401','374','224140106','22414010631','2022-23');"
,,,22414010703,"INSERT INTO tbl_saksham_awc (project_id, district_lgd_code, sector_id, awc_code, targetted_year) VALUES ('2241401','374','224140107','22414010703','2022-23');"
,,,22414010716,"INSERT INTO tbl_saksham_awc (project_id, district_lgd_code, sector_id, awc_code, targetted_year) VALUES ('2241401','374','224140107','22414010716','2022-23');"
,,,22414010720,"INSERT INTO tbl_saksham_awc (project_id, district_lgd_code, sector_id, awc_code, targetted_year) VALUES ('2241401','374','224140107','22414010720','2022-23');"
,,,22414010721,"INSERT INTO tbl_saksham_awc (project_id, district_lgd_code, sector_id, awc_code, targetted_year) VALUES ('2241401','374','224140107','22414010721','2022-23');"
,,,22414010722,"INSERT INTO tbl_saksham_awc (project_id, district_lgd_code, sector_id, awc_code, targetted_year) VALUES ('2241401','374','224140107','22414010722','2022-23');"
,,,22414010723,"INSERT INTO tbl_saksham_awc (project_id, district_lgd_code, sector_id, awc_code, targetted_year) VALUES ('2241401','374','224140107','22414010723','2022-23');"
,,,22414010805,"INSERT INTO tbl_saksham_awc (project_id, district_lgd_code, sector_id, awc_code, targetted_year) VALUES ('2241401','374','224140108','22414010805','2022-23');"
,,,22414010806,"INSERT INTO tbl_saksham_awc (project_id, district_lgd_code, sector_id, awc_code, targetted_year) VALUES ('2241401','374','224140108','22414010806','2022-23');"
,,,22414010807,"INSERT INTO tbl_saksham_awc (project_id, district_lgd_code, sector_id, awc_code, targetted_year) VALUES ('2241401','374','224140108','22414010807','2022-23');"
,,,22414010811,"INSERT INTO tbl_saksham_awc (project_id, district_lgd_code, sector_id, awc_code, targetted_year) VALUES ('2241401','374','224140108','22414010811','2022-23');"
,,,22414010815,"INSERT INTO tbl_saksham_awc (project_id, district_lgd_code, sector_id, awc_code, targetted_year) VALUES ('2241401','374','224140108','22414010815','2022-23');"
,,,22414010817,"INSERT INTO tbl_saksham_awc (project_id, district_lgd_code, sector_id, awc_code, targetted_year) VALUES ('2241401','374','224140108','22414010817','2022-23');"
,,,22414010904,"INSERT INTO tbl_saksham_awc (project_id, district_lgd_code, sector_id, awc_code, targetted_year) VALUES ('2241401','374','224140109','22414010904','2022-23');"
,,,22414010905,"INSERT INTO tbl_saksham_awc (project_id, district_lgd_code, sector_id, awc_code, targetted_year) VALUES ('2241401','374','224140109','22414010905','2022-23');"
,,,22414010912,"INSERT INTO tbl_saksham_awc (project_id, district_lgd_code, sector_id, awc_code, targetted_year) VALUES ('2241401','374','224140109','22414010912','2022-23');"
,,,22414010915,"INSERT INTO tbl_saksham_awc (project_id, district_lgd_code, sector_id, awc_code, targetted_year) VALUES ('2241401','374','224140109','22414010915','2022-23');"
,,,22414010919,"INSERT INTO tbl_saksham_awc (project_id, district_lgd_code, sector_id, awc_code, targetted_year) VALUES ('2241401','374','224140109','22414010919','2022-23');"
,,,22414010920,"INSERT INTO tbl_saksham_awc (project_id, district_lgd_code, sector_id, awc_code, targetted_year) VALUES ('2241401','374','224140109','22414010920','2022-23');"
,,,22414011002,"INSERT INTO tbl_saksham_awc (project_id, district_lgd_code, sector_id, awc_code, targetted_year) VALUES ('2241401','374','224140110','22414011002','2022-23');"
,,,22414011008,"INSERT INTO tbl_saksham_awc (project_id, district_lgd_code, sector_id, awc_code, targetted_year) VALUES ('2241401','374','224140110','22414011008','2022-23');"
,,,22414011011,"INSERT INTO tbl_saksham_awc (project_id, district_lgd_code, sector_id, awc_code, targetted_year) VALUES ('2241401','374','224140110','22414011011','2022-23');"
,,,22414011018,"INSERT INTO tbl_saksham_awc (project_id, district_lgd_code, sector_id, awc_code, targetted_year) VALUES ('2241401','374','224140110','22414011018','2022-23');"
,,,22414011019,"INSERT INTO tbl_saksham_awc (project_id, district_lgd_code, sector_id, awc_code, targetted_year) VALUES ('2241401','374','224140110','22414011019','2022-23');"
,,,22414011027,"INSERT INTO tbl_saksham_awc (project_id, district_lgd_code, sector_id, awc_code, targetted_year) VALUES ('2241401','374','224140110','22414011027','2022-23');"
,,,22414011104,"INSERT INTO tbl_saksham_awc (project_id, district_lgd_code, sector_id, awc_code, targetted_year) VALUES ('2241401','374','224140111','22414011104','2022-23');"
,,,22414011105,"INSERT INTO tbl_saksham_awc (project_id, district_lgd_code, sector_id, awc_code, targetted_year) VALUES ('2241401','374','224140111','22414011105','2022-23');"
,,,22414011108,"INSERT INTO tbl_saksham_awc (project_id, district_lgd_code, sector_id, awc_code, targetted_year) VALUES ('2241401','374','224140111','22414011108','2022-23');"
,,,22414011112,"INSERT INTO tbl_saksham_awc (project_id, district_lgd_code, sector_id, awc_code, targetted_year) VALUES ('2241401','374','224140111','22414011112','2022-23');"
,,,22414011115,"INSERT INTO tbl_saksham_awc (project_id, district_lgd_code, sector_id, awc_code, targetted_year) VALUES ('2241401','374','224140111','22414011115','2022-23');"
,,,22414011116,"INSERT INTO tbl_saksham_awc (project_id, district_lgd_code, sector_id, awc_code, targetted_year) VALUES ('2241401','374','224140111','22414011116','2022-23');"
,,,22414011206,"INSERT INTO tbl_saksham_awc (project_id, district_lgd_code, sector_id, awc_code, targetted_year) VALUES ('2241401','374','224140112','22414011206','2022-23');"
,,,22414011210,"INSERT INTO tbl_saksham_awc (project_id, district_lgd_code, sector_id, awc_code, targetted_year) VALUES ('2241401','374','224140112','22414011210','2022-23');"
,,,22414011211,"INSERT INTO tbl_saksham_awc (project_id, district_lgd_code, sector_id, awc_code, targetted_year) VALUES ('2241401','374','224140112','22414011211','2022-23');"
,,,22414011217,"INSERT INTO tbl_saksham_awc (project_id, district_lgd_code, sector_id, awc_code, targetted_year) VALUES ('2241401','374','224140112','22414011217','2022-23');"
,,,22414011219,"INSERT INTO tbl_saksham_awc (project_id, district_lgd_code, sector_id, awc_code, targetted_year) VALUES ('2241401','374','224140112','22414011219','2022-23');"
,,,22414011224,"INSERT INTO tbl_saksham_awc (project_id, district_lgd_code, sector_id, awc_code, targetted_year) VALUES ('2241401','374','224140112','22414011224','2022-23');"
,,,22414011301,"INSERT INTO tbl_saksham_awc (project_id, district_lgd_code, sector_id, awc_code, targetted_year) VALUES ('2241401','374','224140113','22414011301','2022-23');"
,,,22414011303,"INSERT INTO tbl_saksham_awc (project_id, district_lgd_code, sector_id, awc_code, targetted_year) VALUES ('2241401','374','224140113','22414011303','2022-23');"
,,,22414011310,"INSERT INTO tbl_saksham_awc (project_id, district_lgd_code, sector_id, awc_code, targetted_year) VALUES ('2241401','374','224140113','22414011310','2022-23');"
,,,22414011319,"INSERT INTO tbl_saksham_awc (project_id, district_lgd_code, sector_id, awc_code, targetted_year) VALUES ('2241401','374','224140113','22414011319','2022-23');"
,,,22414011322,"INSERT INTO tbl_saksham_awc (project_id, district_lgd_code, sector_id, awc_code, targetted_year) VALUES ('2241401','374','224140113','22414011322','2022-23');"
,,,22414011323,"INSERT INTO tbl_saksham_awc (project_id, district_lgd_code, sector_id, awc_code, targetted_year) VALUES ('2241401','374','224140113','22414011323','2022-23');"
,,,22414011401,"INSERT INTO tbl_saksham_awc (project_id, district_lgd_code, sector_id, awc_code, targetted_year) VALUES ('2241401','374','224140114','22414011401','2022-23');"
,,,22414011407,"INSERT INTO tbl_saksham_awc (project_id, district_lgd_code, sector_id, awc_code, targetted_year) VALUES ('2241401','374','224140114','22414011407','2022-23');"
,,,22414011410,"INSERT INTO tbl_saksham_awc (project_id, district_lgd_code, sector_id, awc_code, targetted_year) VALUES ('2241401','374','224140114','22414011410','2022-23');"
,,,22414011413,"INSERT INTO tbl_saksham_awc (project_id, district_lgd_code, sector_id, awc_code, targetted_year) VALUES ('2241401','374','224140114','22414011413','2022-23');"
,,,22414011414,"INSERT INTO tbl_saksham_awc (project_id, district_lgd_code, sector_id, awc_code, targetted_year) VALUES ('2241401','374','224140114','22414011414','2022-23');"
,,,22414011421,"INSERT INTO tbl_saksham_awc (project_id, district_lgd_code, sector_id, awc_code, targetted_year) VALUES ('2241401','374','224140114','22414011421','2022-23');"
,,,22414011502,"INSERT INTO tbl_saksham_awc (project_id, district_lgd_code, sector_id, awc_code, targetted_year) VALUES ('2241401','374','224140115','22414011502','2022-23');"
,,,22414011505,"INSERT INTO tbl_saksham_awc (project_id, district_lgd_code, sector_id, awc_code, targetted_year) VALUES ('2241401','374','224140115','22414011505','2022-23');"
,,,22414011507,"INSERT INTO tbl_saksham_awc (project_id, district_lgd_code, sector_id, awc_code, targetted_year) VALUES ('2241401','374','224140115','22414011507','2022-23');"
,,,22414011510,"INSERT INTO tbl_saksham_awc (project_id, district_lgd_code, sector_id, awc_code, targetted_year) VALUES ('2241401','374','224140115','22414011510','2022-23');"
,,,22414011517,"INSERT INTO tbl_saksham_awc (project_id, district_lgd_code, sector_id, awc_code, targetted_year) VALUES ('2241401','374','224140115','22414011517','2022-23');"
,,,22414011520,"INSERT INTO tbl_saksham_awc (project_id, district_lgd_code, sector_id, awc_code, targetted_year) VALUES ('2241401','374','224140115','22414011520','2022-23');"
,,,22414011606,"INSERT INTO tbl_saksham_awc (project_id, district_lgd_code, sector_id, awc_code, targetted_year) VALUES ('2241401','374','224140116','22414011606','2022-23');"
,,,22414011607,"INSERT INTO tbl_saksham_awc (project_id, district_lgd_code, sector_id, awc_code, targetted_year) VALUES ('2241401','374','224140116','22414011607','2022-23');"
,,,22414011612,"INSERT INTO tbl_saksham_awc (project_id, district_lgd_code, sector_id, awc_code, targetted_year) VALUES ('2241401','374','224140116','22414011612','2022-23');"
,,,22414011615,"INSERT INTO tbl_saksham_awc (project_id, district_lgd_code, sector_id, awc_code, targetted_year) VALUES ('2241401','374','224140116','22414011615','2022-23');"
,,,22414011616,"INSERT INTO tbl_saksham_awc (project_id, district_lgd_code, sector_id, awc_code, targetted_year) VALUES ('2241401','374','224140116','22414011616','2022-23');"
,,,22414011621,"INSERT INTO tbl_saksham_awc (project_id, district_lgd_code, sector_id, awc_code, targetted_year) VALUES ('2241401','374','224140116','22414011621','2022-23');"
,,,22414011701,"INSERT INTO tbl_saksham_awc (project_id, district_lgd_code, sector_id, awc_code, targetted_year) VALUES ('2241401','374','224140117','22414011701','2022-23');"
,,,22414011712,"INSERT INTO tbl_saksham_awc (project_id, district_lgd_code, sector_id, awc_code, targetted_year) VALUES ('2241401','374','224140117','22414011712','2022-23');"
,,,22414011716,"INSERT INTO tbl_saksham_awc (project_id, district_lgd_code, sector_id, awc_code, targetted_year) VALUES ('2241401','374','224140117','22414011716','2022-23');"
,,,22414011717,"INSERT INTO tbl_saksham_awc (project_id, district_lgd_code, sector_id, awc_code, targetted_year) VALUES ('2241401','374','224140117','22414011717','2022-23');"
,,,22414011718,"INSERT INTO tbl_saksham_awc (project_id, district_lgd_code, sector_id, awc_code, targetted_year) VALUES ('2241401','374','224140117','22414011718','2022-23');"
,,,22414011719,"INSERT INTO tbl_saksham_awc (project_id, district_lgd_code, sector_id, awc_code, targetted_year) VALUES ('2241401','374','224140117','22414011719','2022-23');"
,,,22414020201,"INSERT INTO tbl_saksham_awc (project_id, district_lgd_code, sector_id, awc_code, targetted_year) VALUES ('2241402','374','224140202','22414020201','2022-23');"
,,,22414020202,"INSERT INTO tbl_saksham_awc (project_id, district_lgd_code, sector_id, awc_code, targetted_year) VALUES ('2241402','374','224140202','22414020202','2022-23');"
,,,22414020203,"INSERT INTO tbl_saksham_awc (project_id, district_lgd_code, sector_id, awc_code, targetted_year) VALUES ('2241402','374','224140202','22414020203','2022-23');"
,,,22414020206,"INSERT INTO tbl_saksham_awc (project_id, district_lgd_code, sector_id, awc_code, targetted_year) VALUES ('2241402','374','224140202','22414020206','2022-23');"
,,,22414020213,"INSERT INTO tbl_saksham_awc (project_id, district_lgd_code, sector_id, awc_code, targetted_year) VALUES ('2241402','374','224140202','22414020213','2022-23');"
,,,22414020214,"INSERT INTO tbl_saksham_awc (project_id, district_lgd_code, sector_id, awc_code, targetted_year) VALUES ('2241402','374','224140202','22414020214','2022-23');"
,,,22414020224,"INSERT INTO tbl_saksham_awc (project_id, district_lgd_code, sector_id, awc_code, targetted_year) VALUES ('2241402','374','224140202','22414020224','2022-23');"
,,,22414020226,"INSERT INTO tbl_saksham_awc (project_id, district_lgd_code, sector_id, awc_code, targetted_year) VALUES ('2241402','374','224140202','22414020226','2022-23');"
,,,22414020228,"INSERT INTO tbl_saksham_awc (project_id, district_lgd_code, sector_id, awc_code, targetted_year) VALUES ('2241402','374','224140202','22414020228','2022-23');"
,,,22414020229,"INSERT INTO tbl_saksham_awc (project_id, district_lgd_code, sector_id, awc_code, targetted_year) VALUES ('2241402','374','224140202','22414020229','2022-23');"
,,,22414020303,"INSERT INTO tbl_saksham_awc (project_id, district_lgd_code, sector_id, awc_code, targetted_year) VALUES ('2241402','374','224140203','22414020303','2022-23');"
,,,22414020304,"INSERT INTO tbl_saksham_awc (project_id, district_lgd_code, sector_id, awc_code, targetted_year) VALUES ('2241402','374','224140203','22414020304','2022-23');"
,,,22414020308,"INSERT INTO tbl_saksham_awc (project_id, district_lgd_code, sector_id, awc_code, targetted_year) VALUES ('2241402','374','224140203','22414020308','2022-23');"
,,,22414020309,"INSERT INTO tbl_saksham_awc (project_id, district_lgd_code, sector_id, awc_code, targetted_year) VALUES ('2241402','374','224140203','22414020309','2022-23');"
,,,22414020311,"INSERT INTO tbl_saksham_awc (project_id, district_lgd_code, sector_id, awc_code, targetted_year) VALUES ('2241402','374','224140203','22414020311','2022-23');"
,,,22414020313,"INSERT INTO tbl_saksham_awc (project_id, district_lgd_code, sector_id, awc_code, targetted_year) VALUES ('2241402','374','224140203','22414020313','2022-23');"
,,,22414020314,"INSERT INTO tbl_saksham_awc (project_id, district_lgd_code, sector_id, awc_code, targetted_year) VALUES ('2241402','374','224140203','22414020314','2022-23');"
,,,22414020317,"INSERT INTO tbl_saksham_awc (project_id, district_lgd_code, sector_id, awc_code, targetted_year) VALUES ('2241402','374','224140203','22414020317','2022-23');"
,,,22414020318,"INSERT INTO tbl_saksham_awc (project_id, district_lgd_code, sector_id, awc_code, targetted_year) VALUES ('2241402','374','224140203','22414020318','2022-23');"
,,,22414020320,"INSERT INTO tbl_saksham_awc (project_id, district_lgd_code, sector_id, awc_code, targetted_year) VALUES ('2241402','374','224140203','22414020320','2022-23');"
,,,22414020324,"INSERT INTO tbl_saksham_awc (project_id, district_lgd_code, sector_id, awc_code, targetted_year) VALUES ('2241402','374','224140203','22414020324','2022-23');"
,,,22414020326,"INSERT INTO tbl_saksham_awc (project_id, district_lgd_code, sector_id, awc_code, targetted_year) VALUES ('2241402','374','224140203','22414020326','2022-23');"
,,,22414020329,"INSERT INTO tbl_saksham_awc (project_id, district_lgd_code, sector_id, awc_code, targetted_year) VALUES ('2241402','374','224140203','22414020329','2022-23');"
,,,22414020331,"INSERT INTO tbl_saksham_awc (project_id, district_lgd_code, sector_id, awc_code, targetted_year) VALUES ('2241402','374','224140203','22414020331','2022-23');"
,,,22414020337,"INSERT INTO tbl_saksham_awc (project_id, district_lgd_code, sector_id, awc_code, targetted_year) VALUES ('2241402','374','224140203','22414020337','2022-23');"
,,,22414020408,"INSERT INTO tbl_saksham_awc (project_id, district_lgd_code, sector_id, awc_code, targetted_year) VALUES ('2241402','374','224140204','22414020408','2022-23');"
,,,22414020409,"INSERT INTO tbl_saksham_awc (project_id, district_lgd_code, sector_id, awc_code, targetted_year) VALUES ('2241402','374','224140204','22414020409','2022-23');"
,,,22414020411,"INSERT INTO tbl_saksham_awc (project_id, district_lgd_code, sector_id, awc_code, targetted_year) VALUES ('2241402','374','224140204','22414020411','2022-23');"
,,,22414020421,"INSERT INTO tbl_saksham_awc (project_id, district_lgd_code, sector_id, awc_code, targetted_year) VALUES ('2241402','374','224140204','22414020421','2022-23');"
,,,22414020422,"INSERT INTO tbl_saksham_awc (project_id, district_lgd_code, sector_id, awc_code, targetted_year) VALUES ('2241402','374','224140204','22414020422','2022-23');"
,,,22414020423,"INSERT INTO tbl_saksham_awc (project_id, district_lgd_code, sector_id, awc_code, targetted_year) VALUES ('2241402','374','224140204','22414020423','2022-23');"
,,,22414020428,"INSERT INTO tbl_saksham_awc (project_id, district_lgd_code, sector_id, awc_code, targetted_year) VALUES ('2241402','374','224140204','22414020428','2022-23');"
,,,22414020429,"INSERT INTO tbl_saksham_awc (project_id, district_lgd_code, sector_id, awc_code, targetted_year) VALUES ('2241402','374','224140204','22414020429','2022-23');"
,,,22414020433,"INSERT INTO tbl_saksham_awc (project_id, district_lgd_code, sector_id, awc_code, targetted_year) VALUES ('2241402','374','224140204','22414020433','2022-23');"
,,,22414020435,"INSERT INTO tbl_saksham_awc (project_id, district_lgd_code, sector_id, awc_code, targetted_year) VALUES ('2241402','374','224140204','22414020435','2022-23');"
,,,22414020506,"INSERT INTO tbl_saksham_awc (project_id, district_lgd_code, sector_id, awc_code, targetted_year) VALUES ('2241402','374','224140205','22414020506','2022-23');"
,,,22414020507,"INSERT INTO tbl_saksham_awc (project_id, district_lgd_code, sector_id, awc_code, targetted_year) VALUES ('2241402','374','224140205','22414020507','2022-23');"
,,,22414020510,"INSERT INTO tbl_saksham_awc (project_id, district_lgd_code, sector_id, awc_code, targetted_year) VALUES ('2241402','374','224140205','22414020510','2022-23');"
,,,22414020511,"INSERT INTO tbl_saksham_awc (project_id, district_lgd_code, sector_id, awc_code, targetted_year) VALUES ('2241402','374','224140205','22414020511','2022-23');"
,,,22414020514,"INSERT INTO tbl_saksham_awc (project_id, district_lgd_code, sector_id, awc_code, targetted_year) VALUES ('2241402','374','224140205','22414020514','2022-23');"
,,,22414020516,"INSERT INTO tbl_saksham_awc (project_id, district_lgd_code, sector_id, awc_code, targetted_year) VALUES ('2241402','374','224140205','22414020516','2022-23');"
,,,22414020518,"INSERT INTO tbl_saksham_awc (project_id, district_lgd_code, sector_id, awc_code, targetted_year) VALUES ('2241402','374','224140205','22414020518','2022-23');"
,,,22414020520,"INSERT INTO tbl_saksham_awc (project_id, district_lgd_code, sector_id, awc_code, targetted_year) VALUES ('2241402','374','224140205','22414020520','2022-23');"
,,,22414020523,"INSERT INTO tbl_saksham_awc (project_id, district_lgd_code, sector_id, awc_code, targetted_year) VALUES ('2241402','374','224140205','22414020523','2022-23');"
,,,22414020524,"INSERT INTO tbl_saksham_awc (project_id, district_lgd_code, sector_id, awc_code, targetted_year) VALUES ('2241402','374','224140205','22414020524','2022-23');"
,,,22414020602,"INSERT INTO tbl_saksham_awc (project_id, district_lgd_code, sector_id, awc_code, targetted_year) VALUES ('2241402','374','224140206','22414020602','2022-23');"
,,,22414020603,"INSERT INTO tbl_saksham_awc (project_id, district_lgd_code, sector_id, awc_code, targetted_year) VALUES ('2241402','374','224140206','22414020603','2022-23');"
,,,22414020604,"INSERT INTO tbl_saksham_awc (project_id, district_lgd_code, sector_id, awc_code, targetted_year) VALUES ('2241402','374','224140206','22414020604','2022-23');"
,,,22414020607,"INSERT INTO tbl_saksham_awc (project_id, district_lgd_code, sector_id, awc_code, targetted_year) VALUES ('2241402','374','224140206','22414020607','2022-23');"
,,,22414020611,"INSERT INTO tbl_saksham_awc (project_id, district_lgd_code, sector_id, awc_code, targetted_year) VALUES ('2241402','374','224140206','22414020611','2022-23');"
,,,22414020614,"INSERT INTO tbl_saksham_awc (project_id, district_lgd_code, sector_id, awc_code, targetted_year) VALUES ('2241402','374','224140206','22414020614','2022-23');"
,,,22414020618,"INSERT INTO tbl_saksham_awc (project_id, district_lgd_code, sector_id, awc_code, targetted_year) VALUES ('2241402','374','224140206','22414020618','2022-23');"
,,,22414020621,"INSERT INTO tbl_saksham_awc (project_id, district_lgd_code, sector_id, awc_code, targetted_year) VALUES ('2241402','374','224140206','22414020621','2022-23');"
,,,22414020623,"INSERT INTO tbl_saksham_awc (project_id, district_lgd_code, sector_id, awc_code, targetted_year) VALUES ('2241402','374','224140206','22414020623','2022-23');"
,,,22414020627,"INSERT INTO tbl_saksham_awc (project_id, district_lgd_code, sector_id, awc_code, targetted_year) VALUES ('2241402','374','224140206','22414020627','2022-23');"
,,,22414020704,"INSERT INTO tbl_saksham_awc (project_id, district_lgd_code, sector_id, awc_code, targetted_year) VALUES ('2241402','374','224140207','22414020704','2022-23');"
,,,22414020705,"INSERT INTO tbl_saksham_awc (project_id, district_lgd_code, sector_id, awc_code, targetted_year) VALUES ('2241402','374','224140207','22414020705','2022-23');"
,,,22414020710,"INSERT INTO tbl_saksham_awc (project_id, district_lgd_code, sector_id, awc_code, targetted_year) VALUES ('2241402','374','224140207','22414020710','2022-23');"
,,,22414020714,"INSERT INTO tbl_saksham_awc (project_id, district_lgd_code, sector_id, awc_code, targetted_year) VALUES ('2241402','374','224140207','22414020714','2022-23');"
,,,22414020719,"INSERT INTO tbl_saksham_awc (project_id, district_lgd_code, sector_id, awc_code, targetted_year) VALUES ('2241402','374','224140207','22414020719','2022-23');"
,,,22414020720,"INSERT INTO tbl_saksham_awc (project_id, district_lgd_code, sector_id, awc_code, targetted_year) VALUES ('2241402','374','224140207','22414020720','2022-23');"
,,,22414020722,"INSERT INTO tbl_saksham_awc (project_id, district_lgd_code, sector_id, awc_code, targetted_year) VALUES ('2241402','374','224140207','22414020722','2022-23');"
,,,22414020725,"INSERT INTO tbl_saksham_awc (project_id, district_lgd_code, sector_id, awc_code, targetted_year) VALUES ('2241402','374','224140207','22414020725','2022-23');"
,,,22414020730,"INSERT INTO tbl_saksham_awc (project_id, district_lgd_code, sector_id, awc_code, targetted_year) VALUES ('2241402','374','224140207','22414020730','2022-23');"
,,,22414020733,"INSERT INTO tbl_saksham_awc (project_id, district_lgd_code, sector_id, awc_code, targetted_year) VALUES ('2241402','374','224140207','22414020733','2022-23');"
,,,22414020801,"INSERT INTO tbl_saksham_awc (project_id, district_lgd_code, sector_id, awc_code, targetted_year) VALUES ('2241402','374','224140208','22414020801','2022-23');"
,,,22414020805,"INSERT INTO tbl_saksham_awc (project_id, district_lgd_code, sector_id, awc_code, targetted_year) VALUES ('2241402','374','224140208','22414020805','2022-23');"
,,,22414020807,"INSERT INTO tbl_saksham_awc (project_id, district_lgd_code, sector_id, awc_code, targetted_year) VALUES ('2241402','374','224140208','22414020807','2022-23');"
,,,22414020808,"INSERT INTO tbl_saksham_awc (project_id, district_lgd_code, sector_id, awc_code, targetted_year) VALUES ('2241402','374','224140208','22414020808','2022-23');"
,,,22414020811,"INSERT INTO tbl_saksham_awc (project_id, district_lgd_code, sector_id, awc_code, targetted_year) VALUES ('2241402','374','224140208','22414020811','2022-23');"
,,,22414020813,"INSERT INTO tbl_saksham_awc (project_id, district_lgd_code, sector_id, awc_code, targetted_year) VALUES ('2241402','374','224140208','22414020813','2022-23');"
,,,22414020814,"INSERT INTO tbl_saksham_awc (project_id, district_lgd_code, sector_id, awc_code, targetted_year) VALUES ('2241402','374','224140208','22414020814','2022-23');"
,,,22414020817,"INSERT INTO tbl_saksham_awc (project_id, district_lgd_code, sector_id, awc_code, targetted_year) VALUES ('2241402','374','224140208','22414020817','2022-23');"
,,,22414020818,"INSERT INTO tbl_saksham_awc (project_id, district_lgd_code, sector_id, awc_code, targetted_year) VALUES ('2241402','374','224140208','22414020818','2022-23');"
,,,22414020819,"INSERT INTO tbl_saksham_awc (project_id, district_lgd_code, sector_id, awc_code, targetted_year) VALUES ('2241402','374','224140208','22414020819','2022-23');"
,,,22414020902,"INSERT INTO tbl_saksham_awc (project_id, district_lgd_code, sector_id, awc_code, targetted_year) VALUES ('2241402','374','224140209','22414020902','2022-23');"
,,,22414020905,"INSERT INTO tbl_saksham_awc (project_id, district_lgd_code, sector_id, awc_code, targetted_year) VALUES ('2241402','374','224140209','22414020905','2022-23');"
,,,22414020907,"INSERT INTO tbl_saksham_awc (project_id, district_lgd_code, sector_id, awc_code, targetted_year) VALUES ('2241402','374','224140209','22414020907','2022-23');"
,,,22414020909,"INSERT INTO tbl_saksham_awc (project_id, district_lgd_code, sector_id, awc_code, targetted_year) VALUES ('2241402','374','224140209','22414020909','2022-23');"
,,,22414020910,"INSERT INTO tbl_saksham_awc (project_id, district_lgd_code, sector_id, awc_code, targetted_year) VALUES ('2241402','374','224140209','22414020910','2022-23');"
,,,22414090104,"INSERT INTO tbl_saksham_awc (project_id, district_lgd_code, sector_id, awc_code, targetted_year) VALUES ('2241409','374','224140901','22414090104','2022-23');"
,,,22414090106,"INSERT INTO tbl_saksham_awc (project_id, district_lgd_code, sector_id, awc_code, targetted_year) VALUES ('2241409','374','224140901','22414090106','2022-23');"
,,,22414090108,"INSERT INTO tbl_saksham_awc (project_id, district_lgd_code, sector_id, awc_code, targetted_year) VALUES ('2241409','374','224140901','22414090108','2022-23');"
,,,22414090110,"INSERT INTO tbl_saksham_awc (project_id, district_lgd_code, sector_id, awc_code, targetted_year) VALUES ('2241409','374','224140901','22414090110','2022-23');"
,,,22414090117,"INSERT INTO tbl_saksham_awc (project_id, district_lgd_code, sector_id, awc_code, targetted_year) VALUES ('2241409','374','224140901','22414090117','2022-23');"
,,,22414090111,"INSERT INTO tbl_saksham_awc (project_id, district_lgd_code, sector_id, awc_code, targetted_year) VALUES ('2241409','374','224140901','22414090111','2022-23');"
,,,22414090119,"INSERT INTO tbl_saksham_awc (project_id, district_lgd_code, sector_id, awc_code, targetted_year) VALUES ('2241409','374','224140901','22414090119','2022-23');"
,,,22414090113,"INSERT INTO tbl_saksham_awc (project_id, district_lgd_code, sector_id, awc_code, targetted_year) VALUES ('2241409','374','224140901','22414090113','2022-23');"
,,,22414090121,"INSERT INTO tbl_saksham_awc (project_id, district_lgd_code, sector_id, awc_code, targetted_year) VALUES ('2241409','374','224140901','22414090121','2022-23');"
,,,22414090126,"INSERT INTO tbl_saksham_awc (project_id, district_lgd_code, sector_id, awc_code, targetted_year) VALUES ('2241409','374','224140901','22414090126','2022-23');"
,,,22414090127,"INSERT INTO tbl_saksham_awc (project_id, district_lgd_code, sector_id, awc_code, targetted_year) VALUES ('2241409','374','224140901','22414090127','2022-23');"
,,,22414090128,"INSERT INTO tbl_saksham_awc (project_id, district_lgd_code, sector_id, awc_code, targetted_year) VALUES ('2241409','374','224140901','22414090128','2022-23');"
,,,22414090137,"INSERT INTO tbl_saksham_awc (project_id, district_lgd_code, sector_id, awc_code, targetted_year) VALUES ('2241409','374','224140901','22414090137','2022-23');"
,,,22414090135,"INSERT INTO tbl_saksham_awc (project_id, district_lgd_code, sector_id, awc_code, targetted_year) VALUES ('2241409','374','224140901','22414090135','2022-23');"
,,,22414090131,"INSERT INTO tbl_saksham_awc (project_id, district_lgd_code, sector_id, awc_code, targetted_year) VALUES ('2241409','374','224140901','22414090131','2022-23');"
,,,22414090602,"INSERT INTO tbl_saksham_awc (project_id, district_lgd_code, sector_id, awc_code, targetted_year) VALUES ('2241409','374','224140906','22414090602','2022-23');"
,,,22414090604,"INSERT INTO tbl_saksham_awc (project_id, district_lgd_code, sector_id, awc_code, targetted_year) VALUES ('2241409','374','224140906','22414090604','2022-23');"
,,,22414090632,"INSERT INTO tbl_saksham_awc (project_id, district_lgd_code, sector_id, awc_code, targetted_year) VALUES ('2241409','374','224140906','22414090632','2022-23');"
,,,22414090619,"INSERT INTO tbl_saksham_awc (project_id, district_lgd_code, sector_id, awc_code, targetted_year) VALUES ('2241409','374','224140906','22414090619','2022-23');"
,,,22414090620,"INSERT INTO tbl_saksham_awc (project_id, district_lgd_code, sector_id, awc_code, targetted_year) VALUES ('2241409','374','224140906','22414090620','2022-23');"
,,,22414090612,"INSERT INTO tbl_saksham_awc (project_id, district_lgd_code, sector_id, awc_code, targetted_year) VALUES ('2241409','374','224140906','22414090612','2022-23');"
,,,22414090606,"INSERT INTO tbl_saksham_awc (project_id, district_lgd_code, sector_id, awc_code, targetted_year) VALUES ('2241409','374','224140906','22414090606','2022-23');"
,,,22414090615,"INSERT INTO tbl_saksham_awc (project_id, district_lgd_code, sector_id, awc_code, targetted_year) VALUES ('2241409','374','224140906','22414090615','2022-23');"
,,,22414090636,"INSERT INTO tbl_saksham_awc (project_id, district_lgd_code, sector_id, awc_code, targetted_year) VALUES ('2241409','374','224140906','22414090636','2022-23');"
,,,22414090603,"INSERT INTO tbl_saksham_awc (project_id, district_lgd_code, sector_id, awc_code, targetted_year) VALUES ('2241409','374','224140906','22414090603','2022-23');"
,,,22414090622,"INSERT INTO tbl_saksham_awc (project_id, district_lgd_code, sector_id, awc_code, targetted_year) VALUES ('2241409','374','224140906','22414090622','2022-23');"
,,,22414090642,"INSERT INTO tbl_saksham_awc (project_id, district_lgd_code, sector_id, awc_code, targetted_year) VALUES ('2241409','374','224140906','22414090642','2022-23');"
,,,22414090633,"INSERT INTO tbl_saksham_awc (project_id, district_lgd_code, sector_id, awc_code, targetted_year) VALUES ('2241409','374','224140906','22414090633','2022-23');"
,,,22414090611,"INSERT INTO tbl_saksham_awc (project_id, district_lgd_code, sector_id, awc_code, targetted_year) VALUES ('2241409','374','224140906','22414090611','2022-23');"
,,,22414090624,"INSERT INTO tbl_saksham_awc (project_id, district_lgd_code, sector_id, awc_code, targetted_year) VALUES ('2241409','374','224140906','22414090624','2022-23');"
,,,22414090203,"INSERT INTO tbl_saksham_awc (project_id, district_lgd_code, sector_id, awc_code, targetted_year) VALUES ('2241409','374','224140902','22414090203','2022-23');"
,,,22414090205,"INSERT INTO tbl_saksham_awc (project_id, district_lgd_code, sector_id, awc_code, targetted_year) VALUES ('2241409','374','224140902','22414090205','2022-23');"
,,,22414090206,"INSERT INTO tbl_saksham_awc (project_id, district_lgd_code, sector_id, awc_code, targetted_year) VALUES ('2241409','374','224140902','22414090206','2022-23');"
,,,22414090210,"INSERT INTO tbl_saksham_awc (project_id, district_lgd_code, sector_id, awc_code, targetted_year) VALUES ('2241409','374','224140902','22414090210','2022-23');"
,,,22414090209,"INSERT INTO tbl_saksham_awc (project_id, district_lgd_code, sector_id, awc_code, targetted_year) VALUES ('2241409','374','224140902','22414090209','2022-23');"
,,,22414090211,"INSERT INTO tbl_saksham_awc (project_id, district_lgd_code, sector_id, awc_code, targetted_year) VALUES ('2241409','374','224140902','22414090211','2022-23');"
,,,22414090213,"INSERT INTO tbl_saksham_awc (project_id, district_lgd_code, sector_id, awc_code, targetted_year) VALUES ('2241409','374','224140902','22414090213','2022-23');"
,,,22414090215,"INSERT INTO tbl_saksham_awc (project_id, district_lgd_code, sector_id, awc_code, targetted_year) VALUES ('2241409','374','224140902','22414090215','2022-23');"
,,,22414090218,"INSERT INTO tbl_saksham_awc (project_id, district_lgd_code, sector_id, awc_code, targetted_year) VALUES ('2241409','374','224140902','22414090218','2022-23');"
,,,22414090223,"INSERT INTO tbl_saksham_awc (project_id, district_lgd_code, sector_id, awc_code, targetted_year) VALUES ('2241409','374','224140902','22414090223','2022-23');"
,,,22414090401,"INSERT INTO tbl_saksham_awc (project_id, district_lgd_code, sector_id, awc_code, targetted_year) VALUES ('2241409','374','224140904','22414090401','2022-23');"
,,,22414090414,"INSERT INTO tbl_saksham_awc (project_id, district_lgd_code, sector_id, awc_code, targetted_year) VALUES ('2241409','374','224140904','22414090414','2022-23');"
,,,22414090403,"INSERT INTO tbl_saksham_awc (project_id, district_lgd_code, sector_id, awc_code, targetted_year) VALUES ('2241409','374','224140904','22414090403','2022-23');"
,,,22414090506,"INSERT INTO tbl_saksham_awc (project_id, district_lgd_code, sector_id, awc_code, targetted_year) VALUES ('2241409','374','224140905','22414090506','2022-23');"
,,,22414090419,"INSERT INTO tbl_saksham_awc (project_id, district_lgd_code, sector_id, awc_code, targetted_year) VALUES ('2241409','374','224140904','22414090419','2022-23');"
,,,22414090501,"INSERT INTO tbl_saksham_awc (project_id, district_lgd_code, sector_id, awc_code, targetted_year) VALUES ('2241409','374','224140905','22414090501','2022-23');"
,,,22414090515,"INSERT INTO tbl_saksham_awc (project_id, district_lgd_code, sector_id, awc_code, targetted_year) VALUES ('2241409','374','224140905','22414090515','2022-23');"
,,,22414090510,"INSERT INTO tbl_saksham_awc (project_id, district_lgd_code, sector_id, awc_code, targetted_year) VALUES ('2241409','374','224140905','22414090510','2022-23');"
,,,22414090517,"INSERT INTO tbl_saksham_awc (project_id, district_lgd_code, sector_id, awc_code, targetted_year) VALUES ('2241409','374','224140905','22414090517','2022-23');"
,,,22414090504,"INSERT INTO tbl_saksham_awc (project_id, district_lgd_code, sector_id, awc_code, targetted_year) VALUES ('2241409','374','224140905','22414090504','2022-23');"
,,,22414090301,"INSERT INTO tbl_saksham_awc (project_id, district_lgd_code, sector_id, awc_code, targetted_year) VALUES ('2241409','374','224140903','22414090301','2022-23');"
,,,22414090307,"INSERT INTO tbl_saksham_awc (project_id, district_lgd_code, sector_id, awc_code, targetted_year) VALUES ('2241409','374','224140903','22414090307','2022-23');"
,,,22414090310,"INSERT INTO tbl_saksham_awc (project_id, district_lgd_code, sector_id, awc_code, targetted_year) VALUES ('2241409','374','224140903','22414090310','2022-23');"
,,,22414090329,"INSERT INTO tbl_saksham_awc (project_id, district_lgd_code, sector_id, awc_code, targetted_year) VALUES ('2241409','374','224140903','22414090329','2022-23');"
,,,22414090331,"INSERT INTO tbl_saksham_awc (project_id, district_lgd_code, sector_id, awc_code, targetted_year) VALUES ('2241409','374','224140903','22414090331','2022-23');"
,,,22414090332,"INSERT INTO tbl_saksham_awc (project_id, district_lgd_code, sector_id, awc_code, targetted_year) VALUES ('2241409','374','224140903','22414090332','2022-23');"
,,,22414090327,"INSERT INTO tbl_saksham_awc (project_id, district_lgd_code, sector_id, awc_code, targetted_year) VALUES ('2241409','374','224140903','22414090327','2022-23');"
,,,22414090336,"INSERT INTO tbl_saksham_awc (project_id, district_lgd_code, sector_id, awc_code, targetted_year) VALUES ('2241409','374','224140903','22414090336','2022-23');"
,,,22414090316,"INSERT INTO tbl_saksham_awc (project_id, district_lgd_code, sector_id, awc_code, targetted_year) VALUES ('2241409','374','224140903','22414090316','2022-23');"
,,,22414090311,"INSERT INTO tbl_saksham_awc (project_id, district_lgd_code, sector_id, awc_code, targetted_year) VALUES ('2241409','374','224140903','22414090311','2022-23');"
,,,22414030315,"INSERT INTO tbl_saksham_awc (project_id, district_lgd_code, sector_id, awc_code, targetted_year) VALUES ('2241403','374','224140303','22414030315','2022-23');"
,,,22414031621,"INSERT INTO tbl_saksham_awc (project_id, district_lgd_code, sector_id, awc_code, targetted_year) VALUES ('2241403','374','224140316','22414031621','2022-23');"
,,,22414030310,"INSERT INTO tbl_saksham_awc (project_id, district_lgd_code, sector_id, awc_code, targetted_year) VALUES ('2241403','374','224140303','22414030310','2022-23');"
,,,22414030312,"INSERT INTO tbl_saksham_awc (project_id, district_lgd_code, sector_id, awc_code, targetted_year) VALUES ('2241403','374','224140303','22414030312','2022-23');"
,,,22414030303,"INSERT INTO tbl_saksham_awc (project_id, district_lgd_code, sector_id, awc_code, targetted_year) VALUES ('2241403','374','224140303','22414030303','2022-23');"
,,,22414030319,"INSERT INTO tbl_saksham_awc (project_id, district_lgd_code, sector_id, awc_code, targetted_year) VALUES ('2241403','374','224140303','22414030319','2022-23');"
,,,22414030316,"INSERT INTO tbl_saksham_awc (project_id, district_lgd_code, sector_id, awc_code, targetted_year) VALUES ('2241403','374','224140303','22414030316','2022-23');"
,,,22414030309,"INSERT INTO tbl_saksham_awc (project_id, district_lgd_code, sector_id, awc_code, targetted_year) VALUES ('2241403','374','224140303','22414030309','2022-23');"
,,,22414030208,"INSERT INTO tbl_saksham_awc (project_id, district_lgd_code, sector_id, awc_code, targetted_year) VALUES ('2241403','374','224140302','22414030208','2022-23');"
,,,22414030209,"INSERT INTO tbl_saksham_awc (project_id, district_lgd_code, sector_id, awc_code, targetted_year) VALUES ('2241403','374','224140302','22414030209','2022-23');"
,,,22414030210,"INSERT INTO tbl_saksham_awc (project_id, district_lgd_code, sector_id, awc_code, targetted_year) VALUES ('2241403','374','224140302','22414030210','2022-23');"
,,,22414030214,"INSERT INTO tbl_saksham_awc (project_id, district_lgd_code, sector_id, awc_code, targetted_year) VALUES ('2241403','374','224140302','22414030214','2022-23');"
,,,22414030216,"INSERT INTO tbl_saksham_awc (project_id, district_lgd_code, sector_id, awc_code, targetted_year) VALUES ('2241403','374','224140302','22414030216','2022-23');"
,,,22414030217,"INSERT INTO tbl_saksham_awc (project_id, district_lgd_code, sector_id, awc_code, targetted_year) VALUES ('2241403','374','224140302','22414030217','2022-23');"
,,,22414031735,"INSERT INTO tbl_saksham_awc (project_id, district_lgd_code, sector_id, awc_code, targetted_year) VALUES ('2241403','374','224140317','22414031735','2022-23');"
,,,22414031736,"INSERT INTO tbl_saksham_awc (project_id, district_lgd_code, sector_id, awc_code, targetted_year) VALUES ('2241403','374','224140317','22414031736','2022-23');"
,,,22414031719,"INSERT INTO tbl_saksham_awc (project_id, district_lgd_code, sector_id, awc_code, targetted_year) VALUES ('2241403','374','224140317','22414031719','2022-23');"
,,,22414031723,"INSERT INTO tbl_saksham_awc (project_id, district_lgd_code, sector_id, awc_code, targetted_year) VALUES ('2241403','374','224140317','22414031723','2022-23');"
,,,22414031737,"INSERT INTO tbl_saksham_awc (project_id, district_lgd_code, sector_id, awc_code, targetted_year) VALUES ('2241403','374','224140317','22414031737','2022-23');"
,,,22414031744,"INSERT INTO tbl_saksham_awc (project_id, district_lgd_code, sector_id, awc_code, targetted_year) VALUES ('2241403','374','224140317','22414031744','2022-23');"
,,,22414031745,"INSERT INTO tbl_saksham_awc (project_id, district_lgd_code, sector_id, awc_code, targetted_year) VALUES ('2241403','374','224140317','22414031745','2022-23');"
,,,22414031714,"INSERT INTO tbl_saksham_awc (project_id, district_lgd_code, sector_id, awc_code, targetted_year) VALUES ('2241403','374','224140317','22414031714','2022-23');"
,,,22414031712,"INSERT INTO tbl_saksham_awc (project_id, district_lgd_code, sector_id, awc_code, targetted_year) VALUES ('2241403','374','224140317','22414031712','2022-23');"
,,,22414031223,"INSERT INTO tbl_saksham_awc (project_id, district_lgd_code, sector_id, awc_code, targetted_year) VALUES ('2241403','374','224140312','22414031223','2022-23');"
,,,22414031225,"INSERT INTO tbl_saksham_awc (project_id, district_lgd_code, sector_id, awc_code, targetted_year) VALUES ('2241403','374','224140312','22414031225','2022-23');"
,,,22414031220,"INSERT INTO tbl_saksham_awc (project_id, district_lgd_code, sector_id, awc_code, targetted_year) VALUES ('2241403','374','224140312','22414031220','2022-23');"
,,,22414031219,"INSERT INTO tbl_saksham_awc (project_id, district_lgd_code, sector_id, awc_code, targetted_year) VALUES ('2241403','374','224140312','22414031219','2022-23');"
,,,22414031224,"INSERT INTO tbl_saksham_awc (project_id, district_lgd_code, sector_id, awc_code, targetted_year) VALUES ('2241403','374','224140312','22414031224','2022-23');"
,,,22414031232,"INSERT INTO tbl_saksham_awc (project_id, district_lgd_code, sector_id, awc_code, targetted_year) VALUES ('2241403','374','224140312','22414031232','2022-23');"
,,,22414031216,"INSERT INTO tbl_saksham_awc (project_id, district_lgd_code, sector_id, awc_code, targetted_year) VALUES ('2241403','374','224140312','22414031216','2022-23');"
,,,22414031214,"INSERT INTO tbl_saksham_awc (project_id, district_lgd_code, sector_id, awc_code, targetted_year) VALUES ('2241403','374','224140312','22414031214','2022-23');"
,,,22414031215,"INSERT INTO tbl_saksham_awc (project_id, district_lgd_code, sector_id, awc_code, targetted_year) VALUES ('2241403','374','224140312','22414031215','2022-23');"
,,,22414031602,"INSERT INTO tbl_saksham_awc (project_id, district_lgd_code, sector_id, awc_code, targetted_year) VALUES ('2241403','374','224140316','22414031602','2022-23');"
,,,22414031620,"INSERT INTO tbl_saksham_awc (project_id, district_lgd_code, sector_id, awc_code, targetted_year) VALUES ('2241403','374','224140316','22414031620','2022-23');"
,,,22414031610,"INSERT INTO tbl_saksham_awc (project_id, district_lgd_code, sector_id, awc_code, targetted_year) VALUES ('2241403','374','224140316','22414031610','2022-23');"
,,,22414031622,"INSERT INTO tbl_saksham_awc (project_id, district_lgd_code, sector_id, awc_code, targetted_year) VALUES ('2241403','374','224140316','22414031622','2022-23');"
,,,22414031624,"INSERT INTO tbl_saksham_awc (project_id, district_lgd_code, sector_id, awc_code, targetted_year) VALUES ('2241403','374','224140316','22414031624','2022-23');"
,,,22414031401,"INSERT INTO tbl_saksham_awc (project_id, district_lgd_code, sector_id, awc_code, targetted_year) VALUES ('2241403','374','224140314','22414031401','2022-23');"
,,,22414031408,"INSERT INTO tbl_saksham_awc (project_id, district_lgd_code, sector_id, awc_code, targetted_year) VALUES ('2241403','374','224140314','22414031408','2022-23');"
,,,22414031414,"INSERT INTO tbl_saksham_awc (project_id, district_lgd_code, sector_id, awc_code, targetted_year) VALUES ('2241403','374','224140314','22414031414','2022-23');"
,,,22414031406,"INSERT INTO tbl_saksham_awc (project_id, district_lgd_code, sector_id, awc_code, targetted_year) VALUES ('2241403','374','224140314','22414031406','2022-23');"
,,,22414031419,"INSERT INTO tbl_saksham_awc (project_id, district_lgd_code, sector_id, awc_code, targetted_year) VALUES ('2241403','374','224140314','22414031419','2022-23');"
,,,22414031412,"INSERT INTO tbl_saksham_awc (project_id, district_lgd_code, sector_id, awc_code, targetted_year) VALUES ('2241403','374','224140314','22414031412','2022-23');"
,,,22414031415,"INSERT INTO tbl_saksham_awc (project_id, district_lgd_code, sector_id, awc_code, targetted_year) VALUES ('2241403','374','224140314','22414031415','2022-23');"
,,,22414031421,"INSERT INTO tbl_saksham_awc (project_id, district_lgd_code, sector_id, awc_code, targetted_year) VALUES ('2241403','374','224140314','22414031421','2022-23');"
,,,22414031423,"INSERT INTO tbl_saksham_awc (project_id, district_lgd_code, sector_id, awc_code, targetted_year) VALUES ('2241403','374','224140314','22414031423','2022-23');"
,,,22414031815,"INSERT INTO tbl_saksham_awc (project_id, district_lgd_code, sector_id, awc_code, targetted_year) VALUES ('2241403','374','224140318','22414031815','2022-23');"
,,,22414031524,"INSERT INTO tbl_saksham_awc (project_id, district_lgd_code, sector_id, awc_code, targetted_year) VALUES ('2241403','374','224140315','22414031524','2022-23');"
,,,22414031503,"INSERT INTO tbl_saksham_awc (project_id, district_lgd_code, sector_id, awc_code, targetted_year) VALUES ('2241403','374','224140315','22414031503','2022-23');"
,,,22414031514,"INSERT INTO tbl_saksham_awc (project_id, district_lgd_code, sector_id, awc_code, targetted_year) VALUES ('2241403','374','224140315','22414031514','2022-23');"
,,,22414031502,"INSERT INTO tbl_saksham_awc (project_id, district_lgd_code, sector_id, awc_code, targetted_year) VALUES ('2241403','374','224140315','22414031502','2022-23');"
,,,22414031307,"INSERT INTO tbl_saksham_awc (project_id, district_lgd_code, sector_id, awc_code, targetted_year) VALUES ('2241403','374','224140313','22414031307','2022-23');"
,,,22414031308,"INSERT INTO tbl_saksham_awc (project_id, district_lgd_code, sector_id, awc_code, targetted_year) VALUES ('2241403','374','224140313','22414031308','2022-23');"
,,,22414031313,"INSERT INTO tbl_saksham_awc (project_id, district_lgd_code, sector_id, awc_code, targetted_year) VALUES ('2241403','374','224140313','22414031313','2022-23');"
,,,22414031321,"INSERT INTO tbl_saksham_awc (project_id, district_lgd_code, sector_id, awc_code, targetted_year) VALUES ('2241403','374','224140313','22414031321','2022-23');"
,,,22414031324,"INSERT INTO tbl_saksham_awc (project_id, district_lgd_code, sector_id, awc_code, targetted_year) VALUES ('2241403','374','224140313','22414031324','2022-23');"
,,,22414031907,"INSERT INTO tbl_saksham_awc (project_id, district_lgd_code, sector_id, awc_code, targetted_year) VALUES ('2241403','374','224140319','22414031907','2022-23');"
,,,22414031908,"INSERT INTO tbl_saksham_awc (project_id, district_lgd_code, sector_id, awc_code, targetted_year) VALUES ('2241403','374','224140319','22414031908','2022-23');"
,,,22414031909,"INSERT INTO tbl_saksham_awc (project_id, district_lgd_code, sector_id, awc_code, targetted_year) VALUES ('2241403','374','224140319','22414031909','2022-23');"
,,,22414031916,"INSERT INTO tbl_saksham_awc (project_id, district_lgd_code, sector_id, awc_code, targetted_year) VALUES ('2241403','374','224140319','22414031916','2022-23');"
,,,22414031920,"INSERT INTO tbl_saksham_awc (project_id, district_lgd_code, sector_id, awc_code, targetted_year) VALUES ('2241403','374','224140319','22414031920','2022-23');"
,,,22414031924,"INSERT INTO tbl_saksham_awc (project_id, district_lgd_code, sector_id, awc_code, targetted_year) VALUES ('2241403','374','224140319','22414031924','2022-23');"
,,,22414031925,"INSERT INTO tbl_saksham_awc (project_id, district_lgd_code, sector_id, awc_code, targetted_year) VALUES ('2241403','374','224140319','22414031925','2022-23');"
,,,22414031929,"INSERT INTO tbl_saksham_awc (project_id, district_lgd_code, sector_id, awc_code, targetted_year) VALUES ('2241403','374','224140319','22414031929','2022-23');"
,,,22414031101,"INSERT INTO tbl_saksham_awc (project_id, district_lgd_code, sector_id, awc_code, targetted_year) VALUES ('2241403','374','224140311','22414031101','2022-23');"
,,,22414031102,"INSERT INTO tbl_saksham_awc (project_id, district_lgd_code, sector_id, awc_code, targetted_year) VALUES ('2241403','374','224140311','22414031102','2022-23');"
,,,22414031107,"INSERT INTO tbl_saksham_awc (project_id, district_lgd_code, sector_id, awc_code, targetted_year) VALUES ('2241403','374','224140311','22414031107','2022-23');"
,,,22414031112,"INSERT INTO tbl_saksham_awc (project_id, district_lgd_code, sector_id, awc_code, targetted_year) VALUES ('2241403','374','224140311','22414031112','2022-23');"
,,,22414031113,"INSERT INTO tbl_saksham_awc (project_id, district_lgd_code, sector_id, awc_code, targetted_year) VALUES ('2241403','374','224140311','22414031113','2022-23');"
,,,22414031114,"INSERT INTO tbl_saksham_awc (project_id, district_lgd_code, sector_id, awc_code, targetted_year) VALUES ('2241403','374','224140311','22414031114','2022-23');"
,,,22414031117,"INSERT INTO tbl_saksham_awc (project_id, district_lgd_code, sector_id, awc_code, targetted_year) VALUES ('2241403','374','224140311','22414031117','2022-23');"
,,,22414031532,"INSERT INTO tbl_saksham_awc (project_id, district_lgd_code, sector_id, awc_code, targetted_year) VALUES ('2241403','374','224140315','22414031532','2022-23');"
,,,22414031307,"INSERT INTO tbl_saksham_awc (project_id, district_lgd_code, sector_id, awc_code, targetted_year) VALUES ('2241403','374','224140313','22414031307','2022-23');"
,,,22414031305,"INSERT INTO tbl_saksham_awc (project_id, district_lgd_code, sector_id, awc_code, targetted_year) VALUES ('2241403','374','224140313','22414031305','2022-23');"
,,,22414031308,"INSERT INTO tbl_saksham_awc (project_id, district_lgd_code, sector_id, awc_code, targetted_year) VALUES ('2241403','374','224140313','22414031308','2022-23');"
,,,22414031315,"INSERT INTO tbl_saksham_awc (project_id, district_lgd_code, sector_id, awc_code, targetted_year) VALUES ('2241403','374','224140313','22414031315','2022-23');"
,,,22414031313,"INSERT INTO tbl_saksham_awc (project_id, district_lgd_code, sector_id, awc_code, targetted_year) VALUES ('2241403','374','224140313','22414031313','2022-23');"
,,,22414031318,"INSERT INTO tbl_saksham_awc (project_id, district_lgd_code, sector_id, awc_code, targetted_year) VALUES ('2241403','374','224140313','22414031318','2022-23');"
,,,22414031321,"INSERT INTO tbl_saksham_awc (project_id, district_lgd_code, sector_id, awc_code, targetted_year) VALUES ('2241403','374','224140313','22414031321','2022-23');"
,,,22414031324,"INSERT INTO tbl_saksham_awc (project_id, district_lgd_code, sector_id, awc_code, targetted_year) VALUES ('2241403','374','224140313','22414031324','2022-23');"
,,,22414031907,"INSERT INTO tbl_saksham_awc (project_id, district_lgd_code, sector_id, awc_code, targetted_year) VALUES ('2241403','374','224140319','22414031907','2022-23');"
,,,22414031908,"INSERT INTO tbl_saksham_awc (project_id, district_lgd_code, sector_id, awc_code, targetted_year) VALUES ('2241403','374','224140319','22414031908','2022-23');"
,,,22414031909,"INSERT INTO tbl_saksham_awc (project_id, district_lgd_code, sector_id, awc_code, targetted_year) VALUES ('2241403','374','224140319','22414031909','2022-23');"
,,,22414031916,"INSERT INTO tbl_saksham_awc (project_id, district_lgd_code, sector_id, awc_code, targetted_year) VALUES ('2241403','374','224140319','22414031916','2022-23');"
,,,22414031920,"INSERT INTO tbl_saksham_awc (project_id, district_lgd_code, sector_id, awc_code, targetted_year) VALUES ('2241403','374','224140319','22414031920','2022-23');"
,,,22414031924,"INSERT INTO tbl_saksham_awc (project_id, district_lgd_code, sector_id, awc_code, targetted_year) VALUES ('2241403','374','224140319','22414031924','2022-23');"
,,,22414031925,"INSERT INTO tbl_saksham_awc (project_id, district_lgd_code, sector_id, awc_code, targetted_year) VALUES ('2241403','374','224140319','22414031925','2022-23');"
,,,22414031929,"INSERT INTO tbl_saksham_awc (project_id, district_lgd_code, sector_id, awc_code, targetted_year) VALUES ('2241403','374','224140319','22414031929','2022-23');"
,,,22414031101,"INSERT INTO tbl_saksham_awc (project_id, district_lgd_code, sector_id, awc_code, targetted_year) VALUES ('2241403','374','224140311','22414031101','2022-23');"
,,,22414031102,"INSERT INTO tbl_saksham_awc (project_id, district_lgd_code, sector_id, awc_code, targetted_year) VALUES ('2241403','374','224140311','22414031102','2022-23');"
,,,22414031107,"INSERT INTO tbl_saksham_awc (project_id, district_lgd_code, sector_id, awc_code, targetted_year) VALUES ('2241403','374','224140311','22414031107','2022-23');"
,,,22414031112,"INSERT INTO tbl_saksham_awc (project_id, district_lgd_code, sector_id, awc_code, targetted_year) VALUES ('2241403','374','224140311','22414031112','2022-23');"
,,,22414031113,"INSERT INTO tbl_saksham_awc (project_id, district_lgd_code, sector_id, awc_code, targetted_year) VALUES ('2241403','374','224140311','22414031113','2022-23');"
,,,22414031114,"INSERT INTO tbl_saksham_awc (project_id, district_lgd_code, sector_id, awc_code, targetted_year) VALUES ('2241403','374','224140311','22414031114','2022-23');"
,,,22414031117,"INSERT INTO tbl_saksham_awc (project_id, district_lgd_code, sector_id, awc_code, targetted_year) VALUES ('2241403','374','224140311','22414031117','2022-23');"
,,,22414070102,"INSERT INTO tbl_saksham_awc (project_id, district_lgd_code, sector_id, awc_code, targetted_year) VALUES ('2241407','374','224140701','22414070102','2022-23');"
,,,22414070103,"INSERT INTO tbl_saksham_awc (project_id, district_lgd_code, sector_id, awc_code, targetted_year) VALUES ('2241407','374','224140701','22414070103','2022-23');"
,,,22414070108,"INSERT INTO tbl_saksham_awc (project_id, district_lgd_code, sector_id, awc_code, targetted_year) VALUES ('2241407','374','224140701','22414070108','2022-23');"
,,,22414070109,"INSERT INTO tbl_saksham_awc (project_id, district_lgd_code, sector_id, awc_code, targetted_year) VALUES ('2241407','374','224140701','22414070109','2022-23');"
,,,22414070110,"INSERT INTO tbl_saksham_awc (project_id, district_lgd_code, sector_id, awc_code, targetted_year) VALUES ('2241407','374','224140701','22414070110','2022-23');"
,,,22414070112,"INSERT INTO tbl_saksham_awc (project_id, district_lgd_code, sector_id, awc_code, targetted_year) VALUES ('2241407','374','224140701','22414070112','2022-23');"
,,,22414070113,"INSERT INTO tbl_saksham_awc (project_id, district_lgd_code, sector_id, awc_code, targetted_year) VALUES ('2241407','374','224140701','22414070113','2022-23');"
,,,22414070121,"INSERT INTO tbl_saksham_awc (project_id, district_lgd_code, sector_id, awc_code, targetted_year) VALUES ('2241407','374','224140701','22414070121','2022-23');"
,,,22414070125,"INSERT INTO tbl_saksham_awc (project_id, district_lgd_code, sector_id, awc_code, targetted_year) VALUES ('2241407','374','224140701','22414070125','2022-23');"
,,,22414070126,"INSERT INTO tbl_saksham_awc (project_id, district_lgd_code, sector_id, awc_code, targetted_year) VALUES ('2241407','374','224140701','22414070126','2022-23');"
,,,22414070201,"INSERT INTO tbl_saksham_awc (project_id, district_lgd_code, sector_id, awc_code, targetted_year) VALUES ('2241407','374','224140702','22414070201','2022-23');"
,,,22414070203,"INSERT INTO tbl_saksham_awc (project_id, district_lgd_code, sector_id, awc_code, targetted_year) VALUES ('2241407','374','224140702','22414070203','2022-23');"
,,,22414070205,"INSERT INTO tbl_saksham_awc (project_id, district_lgd_code, sector_id, awc_code, targetted_year) VALUES ('2241407','374','224140702','22414070205','2022-23');"
,,,22414070207,"INSERT INTO tbl_saksham_awc (project_id, district_lgd_code, sector_id, awc_code, targetted_year) VALUES ('2241407','374','224140702','22414070207','2022-23');"
,,,22414070208,"INSERT INTO tbl_saksham_awc (project_id, district_lgd_code, sector_id, awc_code, targetted_year) VALUES ('2241407','374','224140702','22414070208','2022-23');"
,,,22414070213,"INSERT INTO tbl_saksham_awc (project_id, district_lgd_code, sector_id, awc_code, targetted_year) VALUES ('2241407','374','224140702','22414070213','2022-23');"
,,,22414070225,"INSERT INTO tbl_saksham_awc (project_id, district_lgd_code, sector_id, awc_code, targetted_year) VALUES ('2241407','374','224140702','22414070225','2022-23');"
,,,22414070226,"INSERT INTO tbl_saksham_awc (project_id, district_lgd_code, sector_id, awc_code, targetted_year) VALUES ('2241407','374','224140702','22414070226','2022-23');"
,,,22414070228,"INSERT INTO tbl_saksham_awc (project_id, district_lgd_code, sector_id, awc_code, targetted_year) VALUES ('2241407','374','224140702','22414070228','2022-23');"
,,,22414070302,"INSERT INTO tbl_saksham_awc (project_id, district_lgd_code, sector_id, awc_code, targetted_year) VALUES ('2241407','374','224140703','22414070302','2022-23');"
,,,22414070304,"INSERT INTO tbl_saksham_awc (project_id, district_lgd_code, sector_id, awc_code, targetted_year) VALUES ('2241407','374','224140703','22414070304','2022-23');"
,,,22414070308,"INSERT INTO tbl_saksham_awc (project_id, district_lgd_code, sector_id, awc_code, targetted_year) VALUES ('2241407','374','224140703','22414070308','2022-23');"
,,,22414070311,"INSERT INTO tbl_saksham_awc (project_id, district_lgd_code, sector_id, awc_code, targetted_year) VALUES ('2241407','374','224140703','22414070311','2022-23');"
,,,22414070312,"INSERT INTO tbl_saksham_awc (project_id, district_lgd_code, sector_id, awc_code, targetted_year) VALUES ('2241407','374','224140703','22414070312','2022-23');"
,,,22414070314,"INSERT INTO tbl_saksham_awc (project_id, district_lgd_code, sector_id, awc_code, targetted_year) VALUES ('2241407','374','224140703','22414070314','2022-23');"
,,,22414070315,"INSERT INTO tbl_saksham_awc (project_id, district_lgd_code, sector_id, awc_code, targetted_year) VALUES ('2241407','374','224140703','22414070315','2022-23');"
,,,22414070319,"INSERT INTO tbl_saksham_awc (project_id, district_lgd_code, sector_id, awc_code, targetted_year) VALUES ('2241407','374','224140703','22414070319','2022-23');"
,,,22414070501,"INSERT INTO tbl_saksham_awc (project_id, district_lgd_code, sector_id, awc_code, targetted_year) VALUES ('2241407','374','224140705','22414070501','2022-23');"
,,,22414070511,"INSERT INTO tbl_saksham_awc (project_id, district_lgd_code, sector_id, awc_code, targetted_year) VALUES ('2241407','374','224140705','22414070511','2022-23');"
,,,22414070506,"INSERT INTO tbl_saksham_awc (project_id, district_lgd_code, sector_id, awc_code, targetted_year) VALUES ('2241407','374','224140705','22414070506','2022-23');"
,,,22414070512,"INSERT INTO tbl_saksham_awc (project_id, district_lgd_code, sector_id, awc_code, targetted_year) VALUES ('2241407','374','224140705','22414070512','2022-23');"
,,,22414070516,"INSERT INTO tbl_saksham_awc (project_id, district_lgd_code, sector_id, awc_code, targetted_year) VALUES ('2241407','374','224140705','22414070516','2022-23');"
,,,22414070518,"INSERT INTO tbl_saksham_awc (project_id, district_lgd_code, sector_id, awc_code, targetted_year) VALUES ('2241407','374','224140705','22414070518','2022-23');"
,,,22414070519,"INSERT INTO tbl_saksham_awc (project_id, district_lgd_code, sector_id, awc_code, targetted_year) VALUES ('2241407','374','224140705','22414070519','2022-23');"
,,,22414070520,"INSERT INTO tbl_saksham_awc (project_id, district_lgd_code, sector_id, awc_code, targetted_year) VALUES ('2241407','374','224140705','22414070520','2022-23');"
,,,22414070521,"INSERT INTO tbl_saksham_awc (project_id, district_lgd_code, sector_id, awc_code, targetted_year) VALUES ('2241407','374','224140705','22414070521','2022-23');"
,,,22414070522,"INSERT INTO tbl_saksham_awc (project_id, district_lgd_code, sector_id, awc_code, targetted_year) VALUES ('2241407','374','224140705','22414070522','2022-23');"
,,,22414070601,"INSERT INTO tbl_saksham_awc (project_id, district_lgd_code, sector_id, awc_code, targetted_year) VALUES ('2241407','374','224140706','22414070601','2022-23');"
,,,22414070605,"INSERT INTO tbl_saksham_awc (project_id, district_lgd_code, sector_id, awc_code, targetted_year) VALUES ('2241407','374','224140706','22414070605','2022-23');"
,,,22414070603,"INSERT INTO tbl_saksham_awc (project_id, district_lgd_code, sector_id, awc_code, targetted_year) VALUES ('2241407','374','224140706','22414070603','2022-23');"
,,,22414070609,"INSERT INTO tbl_saksham_awc (project_id, district_lgd_code, sector_id, awc_code, targetted_year) VALUES ('2241407','374','224140706','22414070609','2022-23');"
,,,22414070615,"INSERT INTO tbl_saksham_awc (project_id, district_lgd_code, sector_id, awc_code, targetted_year) VALUES ('2241407','374','224140706','22414070615','2022-23');"
,,,22414070616,"INSERT INTO tbl_saksham_awc (project_id, district_lgd_code, sector_id, awc_code, targetted_year) VALUES ('2241407','374','224140706','22414070616','2022-23');"
,,,22414070626,"INSERT INTO tbl_saksham_awc (project_id, district_lgd_code, sector_id, awc_code, targetted_year) VALUES ('2241407','374','224140706','22414070626','2022-23');"
,,,22414070630,"INSERT INTO tbl_saksham_awc (project_id, district_lgd_code, sector_id, awc_code, targetted_year) VALUES ('2241407','374','224140706','22414070630','2022-23');"
,,,22414070633,"INSERT INTO tbl_saksham_awc (project_id, district_lgd_code, sector_id, awc_code, targetted_year) VALUES ('2241407','374','224140706','22414070633','2022-23');"
,,,22414070637,"INSERT INTO tbl_saksham_awc (project_id, district_lgd_code, sector_id, awc_code, targetted_year) VALUES ('2241407','374','224140706','22414070637','2022-23');"
,,,22414070638,"INSERT INTO tbl_saksham_awc (project_id, district_lgd_code, sector_id, awc_code, targetted_year) VALUES ('2241407','374','224140706','22414070638','2022-23');"
,,,22414070642,"INSERT INTO tbl_saksham_awc (project_id, district_lgd_code, sector_id, awc_code, targetted_year) VALUES ('2241407','374','224140706','22414070642','2022-23');"
,,,22414070643,"INSERT INTO tbl_saksham_awc (project_id, district_lgd_code, sector_id, awc_code, targetted_year) VALUES ('2241407','374','224140706','22414070643','2022-23');"
,,,22414070646,"INSERT INTO tbl_saksham_awc (project_id, district_lgd_code, sector_id, awc_code, targetted_year) VALUES ('2241407','374','224140706','22414070646','2022-23');"
,,,22414070819,"INSERT INTO tbl_saksham_awc (project_id, district_lgd_code, sector_id, awc_code, targetted_year) VALUES ('2241407','374','224140708','22414070819','2022-23');"
,,,22414070820,"INSERT INTO tbl_saksham_awc (project_id, district_lgd_code, sector_id, awc_code, targetted_year) VALUES ('2241407','374','224140708','22414070820','2022-23');"
,,,22414070802,"INSERT INTO tbl_saksham_awc (project_id, district_lgd_code, sector_id, awc_code, targetted_year) VALUES ('2241407','374','224140708','22414070802','2022-23');"
,,,22414070803,"INSERT INTO tbl_saksham_awc (project_id, district_lgd_code, sector_id, awc_code, targetted_year) VALUES ('2241407','374','224140708','22414070803','2022-23');"
,,,22414070804,"INSERT INTO tbl_saksham_awc (project_id, district_lgd_code, sector_id, awc_code, targetted_year) VALUES ('2241407','374','224140708','22414070804','2022-23');"
,,,22414070806,"INSERT INTO tbl_saksham_awc (project_id, district_lgd_code, sector_id, awc_code, targetted_year) VALUES ('2241407','374','224140708','22414070806','2022-23');"
,,,22414070811,"INSERT INTO tbl_saksham_awc (project_id, district_lgd_code, sector_id, awc_code, targetted_year) VALUES ('2241407','374','224140708','22414070811','2022-23');"
,,,22414070816,"INSERT INTO tbl_saksham_awc (project_id, district_lgd_code, sector_id, awc_code, targetted_year) VALUES ('2241407','374','224140708','22414070816','2022-23');"
,,,22414070812,"INSERT INTO tbl_saksham_awc (project_id, district_lgd_code, sector_id, awc_code, targetted_year) VALUES ('2241407','374','224140708','22414070812','2022-23');"
,,,22414080101,"INSERT INTO tbl_saksham_awc (project_id, district_lgd_code, sector_id, awc_code, targetted_year) VALUES ('2241408','374','224140801','22414080101','2022-23');"
,,,22414080103,"INSERT INTO tbl_saksham_awc (project_id, district_lgd_code, sector_id, awc_code, targetted_year) VALUES ('2241408','374','224140801','22414080103','2022-23');"
,,,22414080106,"INSERT INTO tbl_saksham_awc (project_id, district_lgd_code, sector_id, awc_code, targetted_year) VALUES ('2241408','374','224140801','22414080106','2022-23');"
,,,22414080107,"INSERT INTO tbl_saksham_awc (project_id, district_lgd_code, sector_id, awc_code, targetted_year) VALUES ('2241408','374','224140801','22414080107','2022-23');"
,,,22414080108,"INSERT INTO tbl_saksham_awc (project_id, district_lgd_code, sector_id, awc_code, targetted_year) VALUES ('2241408','374','224140801','22414080108','2022-23');"
,,,22414080115,"INSERT INTO tbl_saksham_awc (project_id, district_lgd_code, sector_id, awc_code, targetted_year) VALUES ('2241408','374','224140801','22414080115','2022-23');"
,,,22414080121,"INSERT INTO tbl_saksham_awc (project_id, district_lgd_code, sector_id, awc_code, targetted_year) VALUES ('2241408','374','224140801','22414080121','2022-23');"
,,,22414080118,"INSERT INTO tbl_saksham_awc (project_id, district_lgd_code, sector_id, awc_code, targetted_year) VALUES ('2241408','374','224140801','22414080118','2022-23');"
,,,22414080112,"INSERT INTO tbl_saksham_awc (project_id, district_lgd_code, sector_id, awc_code, targetted_year) VALUES ('2241408','374','224140801','22414080112','2022-23');"
,,,22414080120,"INSERT INTO tbl_saksham_awc (project_id, district_lgd_code, sector_id, awc_code, targetted_year) VALUES ('2241408','374','224140801','22414080120','2022-23');"
,,,22414080124,"INSERT INTO tbl_saksham_awc (project_id, district_lgd_code, sector_id, awc_code, targetted_year) VALUES ('2241408','374','224140801','22414080124','2022-23');"
,,,22414080122,"INSERT INTO tbl_saksham_awc (project_id, district_lgd_code, sector_id, awc_code, targetted_year) VALUES ('2241408','374','224140801','22414080122','2022-23');"
,,,22414080126,"INSERT INTO tbl_saksham_awc (project_id, district_lgd_code, sector_id, awc_code, targetted_year) VALUES ('2241408','374','224140801','22414080126','2022-23');"
,,,22414080203,"INSERT INTO tbl_saksham_awc (project_id, district_lgd_code, sector_id, awc_code, targetted_year) VALUES ('2241408','374','224140802','22414080203','2022-23');"
,,,22414080212,"INSERT INTO tbl_saksham_awc (project_id, district_lgd_code, sector_id, awc_code, targetted_year) VALUES ('2241408','374','224140802','22414080212','2022-23');"
,,,22414080215,"INSERT INTO tbl_saksham_awc (project_id, district_lgd_code, sector_id, awc_code, targetted_year) VALUES ('2241408','374','224140802','22414080215','2022-23');"
,,,22414080222,"INSERT INTO tbl_saksham_awc (project_id, district_lgd_code, sector_id, awc_code, targetted_year) VALUES ('2241408','374','224140802','22414080222','2022-23');"
,,,22414080308,"INSERT INTO tbl_saksham_awc (project_id, district_lgd_code, sector_id, awc_code, targetted_year) VALUES ('2241408','374','224140803','22414080308','2022-23');"
,,,22414080322,"INSERT INTO tbl_saksham_awc (project_id, district_lgd_code, sector_id, awc_code, targetted_year) VALUES ('2241408','374','224140803','22414080322','2022-23');"
,,,22414080304,"INSERT INTO tbl_saksham_awc (project_id, district_lgd_code, sector_id, awc_code, targetted_year) VALUES ('2241408','374','224140803','22414080304','2022-23');"
,,,22414080305,"INSERT INTO tbl_saksham_awc (project_id, district_lgd_code, sector_id, awc_code, targetted_year) VALUES ('2241408','374','224140803','22414080305','2022-23');"
,,,22414080306,"INSERT INTO tbl_saksham_awc (project_id, district_lgd_code, sector_id, awc_code, targetted_year) VALUES ('2241408','374','224140803','22414080306','2022-23');"
,,,22414080307,"INSERT INTO tbl_saksham_awc (project_id, district_lgd_code, sector_id, awc_code, targetted_year) VALUES ('2241408','374','224140803','22414080307','2022-23');"
,,,22414080310,"INSERT INTO tbl_saksham_awc (project_id, district_lgd_code, sector_id, awc_code, targetted_year) VALUES ('2241408','374','224140803','22414080310','2022-23');"
,,,22414080316,"INSERT INTO tbl_saksham_awc (project_id, district_lgd_code, sector_id, awc_code, targetted_year) VALUES ('2241408','374','224140803','22414080316','2022-23');"
,,,22414080315,"INSERT INTO tbl_saksham_awc (project_id, district_lgd_code, sector_id, awc_code, targetted_year) VALUES ('2241408','374','224140803','22414080315','2022-23');"
,,,22414080318,"INSERT INTO tbl_saksham_awc (project_id, district_lgd_code, sector_id, awc_code, targetted_year) VALUES ('2241408','374','224140803','22414080318','2022-23');"
,,,22414080320,"INSERT INTO tbl_saksham_awc (project_id, district_lgd_code, sector_id, awc_code, targetted_year) VALUES ('2241408','374','224140803','22414080320','2022-23');"
,,,22414080319,"INSERT INTO tbl_saksham_awc (project_id, district_lgd_code, sector_id, awc_code, targetted_year) VALUES ('2241408','374','224140803','22414080319','2022-23');"
,,,22414080413,"INSERT INTO tbl_saksham_awc (project_id, district_lgd_code, sector_id, awc_code, targetted_year) VALUES ('2241408','374','224140804','22414080413','2022-23');"
,,,22414080414,"INSERT INTO tbl_saksham_awc (project_id, district_lgd_code, sector_id, awc_code, targetted_year) VALUES ('2241408','374','224140804','22414080414','2022-23');"
,,,22414080408,"INSERT INTO tbl_saksham_awc (project_id, district_lgd_code, sector_id, awc_code, targetted_year) VALUES ('2241408','374','224140804','22414080408','2022-23');"
,,,22414080405,"INSERT INTO tbl_saksham_awc (project_id, district_lgd_code, sector_id, awc_code, targetted_year) VALUES ('2241408','374','224140804','22414080405','2022-23');"
,,,22414080411,"INSERT INTO tbl_saksham_awc (project_id, district_lgd_code, sector_id, awc_code, targetted_year) VALUES ('2241408','374','224140804','22414080411','2022-23');"
,,,22414080412,"INSERT INTO tbl_saksham_awc (project_id, district_lgd_code, sector_id, awc_code, targetted_year) VALUES ('2241408','374','224140804','22414080412','2022-23');"
,,,22414080419,"INSERT INTO tbl_saksham_awc (project_id, district_lgd_code, sector_id, awc_code, targetted_year) VALUES ('2241408','374','224140804','22414080419','2022-23');"
,,,22414080419,"INSERT INTO tbl_saksham_awc (project_id, district_lgd_code, sector_id, awc_code, targetted_year) VALUES ('2241408','374','224140804','22414080419','2022-23');"
,,,22414080422,"INSERT INTO tbl_saksham_awc (project_id, district_lgd_code, sector_id, awc_code, targetted_year) VALUES ('2241408','374','224140804','22414080422','2022-23');"
,,,22414080501,"INSERT INTO tbl_saksham_awc (project_id, district_lgd_code, sector_id, awc_code, targetted_year) VALUES ('2241408','374','224140805','22414080501','2022-23');"
,,,22414080504,"INSERT INTO tbl_saksham_awc (project_id, district_lgd_code, sector_id, awc_code, targetted_year) VALUES ('2241408','374','224140805','22414080504','2022-23');"
,,,22414080526,"INSERT INTO tbl_saksham_awc (project_id, district_lgd_code, sector_id, awc_code, targetted_year) VALUES ('2241408','374','224140805','22414080526','2022-23');"
,,,22414080520,"INSERT INTO tbl_saksham_awc (project_id, district_lgd_code, sector_id, awc_code, targetted_year) VALUES ('2241408','374','224140805','22414080520','2022-23');"
,,,22414080507,"INSERT INTO tbl_saksham_awc (project_id, district_lgd_code, sector_id, awc_code, targetted_year) VALUES ('2241408','374','224140805','22414080507','2022-23');"
,,,22414080511,"INSERT INTO tbl_saksham_awc (project_id, district_lgd_code, sector_id, awc_code, targetted_year) VALUES ('2241408','374','224140805','22414080511','2022-23');"
,,,22414080514,"INSERT INTO tbl_saksham_awc (project_id, district_lgd_code, sector_id, awc_code, targetted_year) VALUES ('2241408','374','224140805','22414080514','2022-23');"
,,,22414080513,"INSERT INTO tbl_saksham_awc (project_id, district_lgd_code, sector_id, awc_code, targetted_year) VALUES ('2241408','374','224140805','22414080513','2022-23');"
,,,22414080516,"INSERT INTO tbl_saksham_awc (project_id, district_lgd_code, sector_id, awc_code, targetted_year) VALUES ('2241408','374','224140805','22414080516','2022-23');"
,,,22414080518,"INSERT INTO tbl_saksham_awc (project_id, district_lgd_code, sector_id, awc_code, targetted_year) VALUES ('2241408','374','224140805','22414080518','2022-23');"
,,,22414080519,"INSERT INTO tbl_saksham_awc (project_id, district_lgd_code, sector_id, awc_code, targetted_year) VALUES ('2241408','374','224140805','22414080519','2022-23');"
,,,22414080523,"INSERT INTO tbl_saksham_awc (project_id, district_lgd_code, sector_id, awc_code, targetted_year) VALUES ('2241408','374','224140805','22414080523','2022-23');"
,,,22414080618,"INSERT INTO tbl_saksham_awc (project_id, district_lgd_code, sector_id, awc_code, targetted_year) VALUES ('2241408','374','224140806','22414080618','2022-23');"
,,,22414080605,"INSERT INTO tbl_saksham_awc (project_id, district_lgd_code, sector_id, awc_code, targetted_year) VALUES ('2241408','374','224140806','22414080605','2022-23');"
,,,22414080608,"INSERT INTO tbl_saksham_awc (project_id, district_lgd_code, sector_id, awc_code, targetted_year) VALUES ('2241408','374','224140806','22414080608','2022-23');"
,,,22414080620,"INSERT INTO tbl_saksham_awc (project_id, district_lgd_code, sector_id, awc_code, targetted_year) VALUES ('2241408','374','224140806','22414080620','2022-23');"
,,,22414080629,"INSERT INTO tbl_saksham_awc (project_id, district_lgd_code, sector_id, awc_code, targetted_year) VALUES ('2241408','374','224140806','22414080629','2022-23');"
,,,22414080615,"INSERT INTO tbl_saksham_awc (project_id, district_lgd_code, sector_id, awc_code, targetted_year) VALUES ('2241408','374','224140806','22414080615','2022-23');"
,,,22414080622,"INSERT INTO tbl_saksham_awc (project_id, district_lgd_code, sector_id, awc_code, targetted_year) VALUES ('2241408','374','224140806','22414080622','2022-23');"
,,,22414080625,"INSERT INTO tbl_saksham_awc (project_id, district_lgd_code, sector_id, awc_code, targetted_year) VALUES ('2241408','374','224140806','22414080625','2022-23');"
,,,22414080617,"INSERT INTO tbl_saksham_awc (project_id, district_lgd_code, sector_id, awc_code, targetted_year) VALUES ('2241408','374','224140806','22414080617','2022-23');"
,,,22414080630,"INSERT INTO tbl_saksham_awc (project_id, district_lgd_code, sector_id, awc_code, targetted_year) VALUES ('2241408','374','224140806','22414080630','2022-23');"
,,,22414050421,"INSERT INTO tbl_saksham_awc (project_id, district_lgd_code, sector_id, awc_code, targetted_year) VALUES ('2241405','374','224140504','22414050421','2022-23');"
,,,22414050407,"INSERT INTO tbl_saksham_awc (project_id, district_lgd_code, sector_id, awc_code, targetted_year) VALUES ('2241405','374','224140504','22414050407','2022-23');"
,,,22414050409,"INSERT INTO tbl_saksham_awc (project_id, district_lgd_code, sector_id, awc_code, targetted_year) VALUES ('2241405','374','224140504','22414050409','2022-23');"
,,,22414050417,"INSERT INTO tbl_saksham_awc (project_id, district_lgd_code, sector_id, awc_code, targetted_year) VALUES ('2241405','374','224140504','22414050417','2022-23');"
,,,22414050422,"INSERT INTO tbl_saksham_awc (project_id, district_lgd_code, sector_id, awc_code, targetted_year) VALUES ('2241405','374','224140504','22414050422','2022-23');"
,,,22414050408,"INSERT INTO tbl_saksham_awc (project_id, district_lgd_code, sector_id, awc_code, targetted_year) VALUES ('2241405','374','224140504','22414050408','2022-23');"
,,,22414050413,"INSERT INTO tbl_saksham_awc (project_id, district_lgd_code, sector_id, awc_code, targetted_year) VALUES ('2241405','374','224140504','22414050413','2022-23');"
,,,22414050419,"INSERT INTO tbl_saksham_awc (project_id, district_lgd_code, sector_id, awc_code, targetted_year) VALUES ('2241405','374','224140504','22414050419','2022-23');"
,,,22414050304,"INSERT INTO tbl_saksham_awc (project_id, district_lgd_code, sector_id, awc_code, targetted_year) VALUES ('2241405','374','224140503','22414050304','2022-23');"
,,,22414050308,"INSERT INTO tbl_saksham_awc (project_id, district_lgd_code, sector_id, awc_code, targetted_year) VALUES ('2241405','374','224140503','22414050308','2022-23');"
,,,22414050307,"INSERT INTO tbl_saksham_awc (project_id, district_lgd_code, sector_id, awc_code, targetted_year) VALUES ('2241405','374','224140503','22414050307','2022-23');"
,,,22414050310,"INSERT INTO tbl_saksham_awc (project_id, district_lgd_code, sector_id, awc_code, targetted_year) VALUES ('2241405','374','224140503','22414050310','2022-23');"
,,,22414050313,"INSERT INTO tbl_saksham_awc (project_id, district_lgd_code, sector_id, awc_code, targetted_year) VALUES ('2241405','374','224140503','22414050313','2022-23');"
,,,22414050320,"INSERT INTO tbl_saksham_awc (project_id, district_lgd_code, sector_id, awc_code, targetted_year) VALUES ('2241405','374','224140503','22414050320','2022-23');"
,,,22414050309,"INSERT INTO tbl_saksham_awc (project_id, district_lgd_code, sector_id, awc_code, targetted_year) VALUES ('2241405','374','224140503','22414050309','2022-23');"
,,,22414050312,"INSERT INTO tbl_saksham_awc (project_id, district_lgd_code, sector_id, awc_code, targetted_year) VALUES ('2241405','374','224140503','22414050312','2022-23');"
,,,22414050314,"INSERT INTO tbl_saksham_awc (project_id, district_lgd_code, sector_id, awc_code, targetted_year) VALUES ('2241405','374','224140503','22414050314','2022-23');"
,,,22414050318,"INSERT INTO tbl_saksham_awc (project_id, district_lgd_code, sector_id, awc_code, targetted_year) VALUES ('2241405','374','224140503','22414050318','2022-23');"
,,,22414050522,"INSERT INTO tbl_saksham_awc (project_id, district_lgd_code, sector_id, awc_code, targetted_year) VALUES ('2241405','374','224140505','22414050522','2022-23');"
,,,22414050501,"INSERT INTO tbl_saksham_awc (project_id, district_lgd_code, sector_id, awc_code, targetted_year) VALUES ('2241405','374','224140505','22414050501','2022-23');"
,,,22414050520,"INSERT INTO tbl_saksham_awc (project_id, district_lgd_code, sector_id, awc_code, targetted_year) VALUES ('2241405','374','224140505','22414050520','2022-23');"
,,,22414050527,"INSERT INTO tbl_saksham_awc (project_id, district_lgd_code, sector_id, awc_code, targetted_year) VALUES ('2241405','374','224140505','22414050527','2022-23');"
,,,22414050524,"INSERT INTO tbl_saksham_awc (project_id, district_lgd_code, sector_id, awc_code, targetted_year) VALUES ('2241405','374','224140505','22414050524','2022-23');"
,,,22414050512,"INSERT INTO tbl_saksham_awc (project_id, district_lgd_code, sector_id, awc_code, targetted_year) VALUES ('2241405','374','224140505','22414050512','2022-23');"
,,,22414050505,"INSERT INTO tbl_saksham_awc (project_id, district_lgd_code, sector_id, awc_code, targetted_year) VALUES ('2241405','374','224140505','22414050505','2022-23');"
,,,22414050507,"INSERT INTO tbl_saksham_awc (project_id, district_lgd_code, sector_id, awc_code, targetted_year) VALUES ('2241405','374','224140505','22414050507','2022-23');"
,,,22414050508,"INSERT INTO tbl_saksham_awc (project_id, district_lgd_code, sector_id, awc_code, targetted_year) VALUES ('2241405','374','224140505','22414050508','2022-23');"
,,,22414050509,"INSERT INTO tbl_saksham_awc (project_id, district_lgd_code, sector_id, awc_code, targetted_year) VALUES ('2241405','374','224140505','22414050509','2022-23');"
,,,22414050805,"INSERT INTO tbl_saksham_awc (project_id, district_lgd_code, sector_id, awc_code, targetted_year) VALUES ('2241405','374','224140508','22414050805','2022-23');"
,,,22414050826,"INSERT INTO tbl_saksham_awc (project_id, district_lgd_code, sector_id, awc_code, targetted_year) VALUES ('2241405','374','224140508','22414050826','2022-23');"
,,,22414050838,"INSERT INTO tbl_saksham_awc (project_id, district_lgd_code, sector_id, awc_code, targetted_year) VALUES ('2241405','374','224140508','22414050838','2022-23');"
,,,22414050831,"INSERT INTO tbl_saksham_awc (project_id, district_lgd_code, sector_id, awc_code, targetted_year) VALUES ('2241405','374','224140508','22414050831','2022-23');"
,,,22414050830,"INSERT INTO tbl_saksham_awc (project_id, district_lgd_code, sector_id, awc_code, targetted_year) VALUES ('2241405','374','224140508','22414050830','2022-23');"
,,,22414050819,"INSERT INTO tbl_saksham_awc (project_id, district_lgd_code, sector_id, awc_code, targetted_year) VALUES ('2241405','374','224140508','22414050819','2022-23');"
,,,22414050835,"INSERT INTO tbl_saksham_awc (project_id, district_lgd_code, sector_id, awc_code, targetted_year) VALUES ('2241405','374','224140508','22414050835','2022-23');"
,,,22414050833,"INSERT INTO tbl_saksham_awc (project_id, district_lgd_code, sector_id, awc_code, targetted_year) VALUES ('2241405','374','224140508','22414050833','2022-23');"
,,,22414050801,"INSERT INTO tbl_saksham_awc (project_id, district_lgd_code, sector_id, awc_code, targetted_year) VALUES ('2241405','374','224140508','22414050801','2022-23');"
,,,22414050829,"INSERT INTO tbl_saksham_awc (project_id, district_lgd_code, sector_id, awc_code, targetted_year) VALUES ('2241405','374','224140508','22414050829','2022-23');"
,,,22414050620,"INSERT INTO tbl_saksham_awc (project_id, district_lgd_code, sector_id, awc_code, targetted_year) VALUES ('2241405','374','224140506','22414050620','2022-23');"
,,,22414050605,"INSERT INTO tbl_saksham_awc (project_id, district_lgd_code, sector_id, awc_code, targetted_year) VALUES ('2241405','374','224140506','22414050605','2022-23');"
,,,22414050608,"INSERT INTO tbl_saksham_awc (project_id, district_lgd_code, sector_id, awc_code, targetted_year) VALUES ('2241405','374','224140506','22414050608','2022-23');"
,,,22414050612,"INSERT INTO tbl_saksham_awc (project_id, district_lgd_code, sector_id, awc_code, targetted_year) VALUES ('2241405','374','224140506','22414050612','2022-23');"
,,,22414050609,"INSERT INTO tbl_saksham_awc (project_id, district_lgd_code, sector_id, awc_code, targetted_year) VALUES ('2241405','374','224140506','22414050609','2022-23');"
,,,22414050614,"INSERT INTO tbl_saksham_awc (project_id, district_lgd_code, sector_id, awc_code, targetted_year) VALUES ('2241405','374','224140506','22414050614','2022-23');"
,,,22414050617,"INSERT INTO tbl_saksham_awc (project_id, district_lgd_code, sector_id, awc_code, targetted_year) VALUES ('2241405','374','224140506','22414050617','2022-23');"
,,,22414050618,"INSERT INTO tbl_saksham_awc (project_id, district_lgd_code, sector_id, awc_code, targetted_year) VALUES ('2241405','374','224140506','22414050618','2022-23');"
,,,22414050619,"INSERT INTO tbl_saksham_awc (project_id, district_lgd_code, sector_id, awc_code, targetted_year) VALUES ('2241405','374','224140506','22414050619','2022-23');"
,,,22414050607,"INSERT INTO tbl_saksham_awc (project_id, district_lgd_code, sector_id, awc_code, targetted_year) VALUES ('2241405','374','224140506','22414050607','2022-23');"
,,,22414050115,"INSERT INTO tbl_saksham_awc (project_id, district_lgd_code, sector_id, awc_code, targetted_year) VALUES ('2241405','374','224140501','22414050115','2022-23');"
,,,22414050108,"INSERT INTO tbl_saksham_awc (project_id, district_lgd_code, sector_id, awc_code, targetted_year) VALUES ('2241405','374','224140501','22414050108','2022-23');"
,,,22414050109,"INSERT INTO tbl_saksham_awc (project_id, district_lgd_code, sector_id, awc_code, targetted_year) VALUES ('2241405','374','224140501','22414050109','2022-23');"
,,,22414050121,"INSERT INTO tbl_saksham_awc (project_id, district_lgd_code, sector_id, awc_code, targetted_year) VALUES ('2241405','374','224140501','22414050121','2022-23');"
,,,22414050122,"INSERT INTO tbl_saksham_awc (project_id, district_lgd_code, sector_id, awc_code, targetted_year) VALUES ('2241405','374','224140501','22414050122','2022-23');"
,,,22414050123,"INSERT INTO tbl_saksham_awc (project_id, district_lgd_code, sector_id, awc_code, targetted_year) VALUES ('2241405','374','224140501','22414050123','2022-23');"
,,,22414050135,"INSERT INTO tbl_saksham_awc (project_id, district_lgd_code, sector_id, awc_code, targetted_year) VALUES ('2241405','374','224140501','22414050135','2022-23');"
,,,22414050112,"INSERT INTO tbl_saksham_awc (project_id, district_lgd_code, sector_id, awc_code, targetted_year) VALUES ('2241405','374','224140501','22414050112','2022-23');"
,,,22414050116,"INSERT INTO tbl_saksham_awc (project_id, district_lgd_code, sector_id, awc_code, targetted_year) VALUES ('2241405','374','224140501','22414050116','2022-23');"
,,,22414050124,"INSERT INTO tbl_saksham_awc (project_id, district_lgd_code, sector_id, awc_code, targetted_year) VALUES ('2241405','374','224140501','22414050124','2022-23');"
,,,22414050106,"INSERT INTO tbl_saksham_awc (project_id, district_lgd_code, sector_id, awc_code, targetted_year) VALUES ('2241405','374','224140501','22414050106','2022-23');"
,,,22414050113,"INSERT INTO tbl_saksham_awc (project_id, district_lgd_code, sector_id, awc_code, targetted_year) VALUES ('2241405','374','224140501','22414050113','2022-23');"
,,,22414050131,"INSERT INTO tbl_saksham_awc (project_id, district_lgd_code, sector_id, awc_code, targetted_year) VALUES ('2241405','374','224140501','22414050131','2022-23');"
,,,22414050201,"INSERT INTO tbl_saksham_awc (project_id, district_lgd_code, sector_id, awc_code, targetted_year) VALUES ('2241405','374','224140502','22414050201','2022-23');"
,,,22414050202,"INSERT INTO tbl_saksham_awc (project_id, district_lgd_code, sector_id, awc_code, targetted_year) VALUES ('2241405','374','224140502','22414050202','2022-23');"
,,,22414050207,"INSERT INTO tbl_saksham_awc (project_id, district_lgd_code, sector_id, awc_code, targetted_year) VALUES ('2241405','374','224140502','22414050207','2022-23');"
,,,22414050217,"INSERT INTO tbl_saksham_awc (project_id, district_lgd_code, sector_id, awc_code, targetted_year) VALUES ('2241405','374','224140502','22414050217','2022-23');"
,,,22414050221,"INSERT INTO tbl_saksham_awc (project_id, district_lgd_code, sector_id, awc_code, targetted_year) VALUES ('2241405','374','224140502','22414050221','2022-23');"
,,,22414050224,"INSERT INTO tbl_saksham_awc (project_id, district_lgd_code, sector_id, awc_code, targetted_year) VALUES ('2241405','374','224140502','22414050224','2022-23');"
,,,22414050227,"INSERT INTO tbl_saksham_awc (project_id, district_lgd_code, sector_id, awc_code, targetted_year) VALUES ('2241405','374','224140502','22414050227','2022-23');"
,,,22414050228,"INSERT INTO tbl_saksham_awc (project_id, district_lgd_code, sector_id, awc_code, targetted_year) VALUES ('2241405','374','224140502','22414050228','2022-23');"
,,,22414050230,"INSERT INTO tbl_saksham_awc (project_id, district_lgd_code, sector_id, awc_code, targetted_year) VALUES ('2241405','374','224140502','22414050230','2022-23');"
,,,22414060212,"INSERT INTO tbl_saksham_awc (project_id, district_lgd_code, sector_id, awc_code, targetted_year) VALUES ('2241406','374','224140602','22414060212','2022-23');"
,,,22414060210,"INSERT INTO tbl_saksham_awc (project_id, district_lgd_code, sector_id, awc_code, targetted_year) VALUES ('2241406','374','224140602','22414060210','2022-23');"
,,,22414060721,"INSERT INTO tbl_saksham_awc (project_id, district_lgd_code, sector_id, awc_code, targetted_year) VALUES ('2241406','374','224140607','22414060721','2022-23');"
,,,22414060211,"INSERT INTO tbl_saksham_awc (project_id, district_lgd_code, sector_id, awc_code, targetted_year) VALUES ('2241406','374','224140602','22414060211','2022-23');"
,,,22414060208,"INSERT INTO tbl_saksham_awc (project_id, district_lgd_code, sector_id, awc_code, targetted_year) VALUES ('2241406','374','224140602','22414060208','2022-23');"
,,,22414060214,"INSERT INTO tbl_saksham_awc (project_id, district_lgd_code, sector_id, awc_code, targetted_year) VALUES ('2241406','374','224140602','22414060214','2022-23');"
,,,22414060216,"INSERT INTO tbl_saksham_awc (project_id, district_lgd_code, sector_id, awc_code, targetted_year) VALUES ('2241406','374','224140602','22414060216','2022-23');"
,,,22414060717,"INSERT INTO tbl_saksham_awc (project_id, district_lgd_code, sector_id, awc_code, targetted_year) VALUES ('2241406','374','224140607','22414060717','2022-23');"
,,,22414060206,"INSERT INTO tbl_saksham_awc (project_id, district_lgd_code, sector_id, awc_code, targetted_year) VALUES ('2241406','374','224140602','22414060206','2022-23');"
,,,22414060207,"INSERT INTO tbl_saksham_awc (project_id, district_lgd_code, sector_id, awc_code, targetted_year) VALUES ('2241406','374','224140602','22414060207','2022-23');"
,,,22414060203,"INSERT INTO tbl_saksham_awc (project_id, district_lgd_code, sector_id, awc_code, targetted_year) VALUES ('2241406','374','224140602','22414060203','2022-23');"
,,,22414060201,"INSERT INTO tbl_saksham_awc (project_id, district_lgd_code, sector_id, awc_code, targetted_year) VALUES ('2241406','374','224140602','22414060201','2022-23');"
,,,22414060219,"INSERT INTO tbl_saksham_awc (project_id, district_lgd_code, sector_id, awc_code, targetted_year) VALUES ('2241406','374','224140602','22414060219','2022-23');"
,,,22414060218,"INSERT INTO tbl_saksham_awc (project_id, district_lgd_code, sector_id, awc_code, targetted_year) VALUES ('2241406','374','224140602','22414060218','2022-23');"
,,,22414060202,"INSERT INTO tbl_saksham_awc (project_id, district_lgd_code, sector_id, awc_code, targetted_year) VALUES ('2241406','374','224140602','22414060202','2022-23');"
,,,22414060221,"INSERT INTO tbl_saksham_awc (project_id, district_lgd_code, sector_id, awc_code, targetted_year) VALUES ('2241406','374','224140602','22414060221','2022-23');"
,,,22414060304,"INSERT INTO tbl_saksham_awc (project_id, district_lgd_code, sector_id, awc_code, targetted_year) VALUES ('2241406','374','224140603','22414060304','2022-23');"
,,,22414060326,"INSERT INTO tbl_saksham_awc (project_id, district_lgd_code, sector_id, awc_code, targetted_year) VALUES ('2241406','374','224140603','22414060326','2022-23');"
,,,22414060306,"INSERT INTO tbl_saksham_awc (project_id, district_lgd_code, sector_id, awc_code, targetted_year) VALUES ('2241406','374','224140603','22414060306','2022-23');"
,,,22414060302,"INSERT INTO tbl_saksham_awc (project_id, district_lgd_code, sector_id, awc_code, targetted_year) VALUES ('2241406','374','224140603','22414060302','2022-23');"
,,,22414060320,"INSERT INTO tbl_saksham_awc (project_id, district_lgd_code, sector_id, awc_code, targetted_year) VALUES ('2241406','374','224140603','22414060320','2022-23');"
,,,22414060316,"INSERT INTO tbl_saksham_awc (project_id, district_lgd_code, sector_id, awc_code, targetted_year) VALUES ('2241406','374','224140603','22414060316','2022-23');"
,,,22414060501,"INSERT INTO tbl_saksham_awc (project_id, district_lgd_code, sector_id, awc_code, targetted_year) VALUES ('2241406','374','224140605','22414060501','2022-23');"
,,,22414060326,"INSERT INTO tbl_saksham_awc (project_id, district_lgd_code, sector_id, awc_code, targetted_year) VALUES ('2241406','374','224140603','22414060326','2022-23');"
,,,22414060501,"INSERT INTO tbl_saksham_awc (project_id, district_lgd_code, sector_id, awc_code, targetted_year) VALUES ('2241406','374','224140605','22414060501','2022-23');"
,,,22414060506,"INSERT INTO tbl_saksham_awc (project_id, district_lgd_code, sector_id, awc_code, targetted_year) VALUES ('2241406','374','224140605','22414060506','2022-23');"
,,,22414060516,"INSERT INTO tbl_saksham_awc (project_id, district_lgd_code, sector_id, awc_code, targetted_year) VALUES ('2241406','374','224140605','22414060516','2022-23');"
,,,22414060509,"INSERT INTO tbl_saksham_awc (project_id, district_lgd_code, sector_id, awc_code, targetted_year) VALUES ('2241406','374','224140605','22414060509','2022-23');"
,,,22414060514,"INSERT INTO tbl_saksham_awc (project_id, district_lgd_code, sector_id, awc_code, targetted_year) VALUES ('2241406','374','224140605','22414060514','2022-23');"
,,,22414060515,"INSERT INTO tbl_saksham_awc (project_id, district_lgd_code, sector_id, awc_code, targetted_year) VALUES ('2241406','374','224140605','22414060515','2022-23');"
,,,22414060519,"INSERT INTO tbl_saksham_awc (project_id, district_lgd_code, sector_id, awc_code, targetted_year) VALUES ('2241406','374','224140605','22414060519','2022-23');"
,,,22414060523,"INSERT INTO tbl_saksham_awc (project_id, district_lgd_code, sector_id, awc_code, targetted_year) VALUES ('2241406','374','224140605','22414060523','2022-23');"
,,,22414060713,"INSERT INTO tbl_saksham_awc (project_id, district_lgd_code, sector_id, awc_code, targetted_year) VALUES ('2241406','374','224140607','22414060713','2022-23');"
,,,22414060712,"INSERT INTO tbl_saksham_awc (project_id, district_lgd_code, sector_id, awc_code, targetted_year) VALUES ('2241406','374','224140607','22414060712','2022-23');"
,,,22414060735,"INSERT INTO tbl_saksham_awc (project_id, district_lgd_code, sector_id, awc_code, targetted_year) VALUES ('2241406','374','224140607','22414060735','2022-23');"
,,,22414060732,"INSERT INTO tbl_saksham_awc (project_id, district_lgd_code, sector_id, awc_code, targetted_year) VALUES ('2241406','374','224140607','22414060732','2022-23');"
,,,22414060729,"INSERT INTO tbl_saksham_awc (project_id, district_lgd_code, sector_id, awc_code, targetted_year) VALUES ('2241406','374','224140607','22414060729','2022-23');"
,,,22414060734,"INSERT INTO tbl_saksham_awc (project_id, district_lgd_code, sector_id, awc_code, targetted_year) VALUES ('2241406','374','224140607','22414060734','2022-23');"
,,,22414060736,"INSERT INTO tbl_saksham_awc (project_id, district_lgd_code, sector_id, awc_code, targetted_year) VALUES ('2241406','374','224140607','22414060736','2022-23');"
,,,22414060740,"INSERT INTO tbl_saksham_awc (project_id, district_lgd_code, sector_id, awc_code, targetted_year) VALUES ('2241406','374','224140607','22414060740','2022-23');"
,,,22414060615,"INSERT INTO tbl_saksham_awc (project_id, district_lgd_code, sector_id, awc_code, targetted_year) VALUES ('2241406','374','224140606','22414060615','2022-23');"
,,,22414060608,"INSERT INTO tbl_saksham_awc (project_id, district_lgd_code, sector_id, awc_code, targetted_year) VALUES ('2241406','374','224140606','22414060608','2022-23');"
,,,22414060620,"INSERT INTO tbl_saksham_awc (project_id, district_lgd_code, sector_id, awc_code, targetted_year) VALUES ('2241406','374','224140606','22414060620','2022-23');"
,,,22414060622,"INSERT INTO tbl_saksham_awc (project_id, district_lgd_code, sector_id, awc_code, targetted_year) VALUES ('2241406','374','224140606','22414060622','2022-23');"
,,,22414060609,"INSERT INTO tbl_saksham_awc (project_id, district_lgd_code, sector_id, awc_code, targetted_year) VALUES ('2241406','374','224140606','22414060609','2022-23');"
,,,22414060604,"INSERT INTO tbl_saksham_awc (project_id, district_lgd_code, sector_id, awc_code, targetted_year) VALUES ('2241406','374','224140606','22414060604','2022-23');"
,,,22414060623,"INSERT INTO tbl_saksham_awc (project_id, district_lgd_code, sector_id, awc_code, targetted_year) VALUES ('2241406','374','224140606','22414060623','2022-23');"
,,,22414060630,"INSERT INTO tbl_saksham_awc (project_id, district_lgd_code, sector_id, awc_code, targetted_year) VALUES ('2241406','374','224140606','22414060630','2022-23');"
,,,22414060803,"INSERT INTO tbl_saksham_awc (project_id, district_lgd_code, sector_id, awc_code, targetted_year) VALUES ('2241406','374','224140608','22414060803','2022-23');"
,,,22414060805,"INSERT INTO tbl_saksham_awc (project_id, district_lgd_code, sector_id, awc_code, targetted_year) VALUES ('2241406','374','224140608','22414060805','2022-23');"
,,,22414060815,"INSERT INTO tbl_saksham_awc (project_id, district_lgd_code, sector_id, awc_code, targetted_year) VALUES ('2241406','374','224140608','22414060815','2022-23');"
,,,22414060816,"INSERT INTO tbl_saksham_awc (project_id, district_lgd_code, sector_id, awc_code, targetted_year) VALUES ('2241406','374','224140608','22414060816','2022-23');"
,,,22414060809,"INSERT INTO tbl_saksham_awc (project_id, district_lgd_code, sector_id, awc_code, targetted_year) VALUES ('2241406','374','224140608','22414060809','2022-23');"
,,,22414060811,"INSERT INTO tbl_saksham_awc (project_id, district_lgd_code, sector_id, awc_code, targetted_year) VALUES ('2241406','374','224140608','22414060811','2022-23');"
,,,22414060806,"INSERT INTO tbl_saksham_awc (project_id, district_lgd_code, sector_id, awc_code, targetted_year) VALUES ('2241406','374','224140608','22414060806','2022-23');"
,,,22414060823,"INSERT INTO tbl_saksham_awc (project_id, district_lgd_code, sector_id, awc_code, targetted_year) VALUES ('2241406','374','224140608','22414060823','2022-23');"
,,,22414060102,"INSERT INTO tbl_saksham_awc (project_id, district_lgd_code, sector_id, awc_code, targetted_year) VALUES ('2241406','374','224140601','22414060102','2022-23');"
,,,22414060103,"INSERT INTO tbl_saksham_awc (project_id, district_lgd_code, sector_id, awc_code, targetted_year) VALUES ('2241406','374','224140601','22414060103','2022-23');"
,,,22414060184,"INSERT INTO tbl_saksham_awc (project_id, district_lgd_code, sector_id, awc_code, targetted_year) VALUES ('2241406','374','224140601','22414060184','2022-23');"
,,,22414060122,"INSERT INTO tbl_saksham_awc (project_id, district_lgd_code, sector_id, awc_code, targetted_year) VALUES ('2241406','374','224140601','22414060122','2022-23');"
,,,22414060125,"INSERT INTO tbl_saksham_awc (project_id, district_lgd_code, sector_id, awc_code, targetted_year) VALUES ('2241406','374','224140601','22414060125','2022-23');"
,,,22414060117,"INSERT INTO tbl_saksham_awc (project_id, district_lgd_code, sector_id, awc_code, targetted_year) VALUES ('2241406','374','224140601','22414060117','2022-23');"
,,,22414060140,"INSERT INTO tbl_saksham_awc (project_id, district_lgd_code, sector_id, awc_code, targetted_year) VALUES ('2241406','374','224140601','22414060140','2022-23');"
,,,22414060710,"INSERT INTO tbl_saksham_awc (project_id, district_lgd_code, sector_id, awc_code, targetted_year) VALUES ('2241406','374','224140607','22414060710','2022-23');"
,,,22414060436,"INSERT INTO tbl_saksham_awc (project_id, district_lgd_code, sector_id, awc_code, targetted_year) VALUES ('2241406','374','224140604','22414060436','2022-23');"
,,,22414060437,"INSERT INTO tbl_saksham_awc (project_id, district_lgd_code, sector_id, awc_code, targetted_year) VALUES ('2241406','374','224140604','22414060437','2022-23');"
,,,22414060438,"INSERT INTO tbl_saksham_awc (project_id, district_lgd_code, sector_id, awc_code, targetted_year) VALUES ('2241406','374','224140604','22414060438','2022-23');"
,,,22414060433,"INSERT INTO tbl_saksham_awc (project_id, district_lgd_code, sector_id, awc_code, targetted_year) VALUES ('2241406','374','224140604','22414060433','2022-23');"
,,,22414060434,"INSERT INTO tbl_saksham_awc (project_id, district_lgd_code, sector_id, awc_code, targetted_year) VALUES ('2241406','374','224140604','22414060434','2022-23');"
,,,22414060435,"INSERT INTO tbl_saksham_awc (project_id, district_lgd_code, sector_id, awc_code, targetted_year) VALUES ('2241406','374','224140604','22414060435','2022-23');"
,,,22414060135,"INSERT INTO tbl_saksham_awc (project_id, district_lgd_code, sector_id, awc_code, targetted_year) VALUES ('2241406','374','224140601','22414060135','2022-23');"
,,,22414060426,"INSERT INTO tbl_saksham_awc (project_id, district_lgd_code, sector_id, awc_code, targetted_year) VALUES ('2241406','374','224140604','22414060426','2022-23');"
,,,22414060408,"INSERT INTO tbl_saksham_awc (project_id, district_lgd_code, sector_id, awc_code, targetted_year) VALUES ('2241406','374','224140604','22414060408','2022-23');"
,,,22414060400,"INSERT INTO tbl_saksham_awc (project_id, district_lgd_code, sector_id, awc_code, targetted_year) VALUES ('2241406','374','224140604','22414060400','2022-23');"
,,,22414060414,"INSERT INTO tbl_saksham_awc (project_id, district_lgd_code, sector_id, awc_code, targetted_year) VALUES ('2241406','374','224140604','22414060414','2022-23');"
,,,22414060418,"INSERT INTO tbl_saksham_awc (project_id, district_lgd_code, sector_id, awc_code, targetted_year) VALUES ('2241406','374','224140604','22414060418','2022-23');"
,,,22414060421,"INSERT INTO tbl_saksham_awc (project_id, district_lgd_code, sector_id, awc_code, targetted_year) VALUES ('2241406','374','224140604','22414060421','2022-23');"
,,,22414060406,"INSERT INTO tbl_saksham_awc (project_id, district_lgd_code, sector_id, awc_code, targetted_year) VALUES ('2241406','374','224140604','22414060406','2022-23');"
,,,22414060404,"INSERT INTO tbl_saksham_awc (project_id, district_lgd_code, sector_id, awc_code, targetted_year) VALUES ('2241406','374','224140604','22414060404','2022-23');"
,,,22414060429,"INSERT INTO tbl_saksham_awc (project_id, district_lgd_code, sector_id, awc_code, targetted_year) VALUES ('2241406','374','224140604','22414060429','2022-23');"
